SQ_CANDIDATO;NR_CANDIDATO;NM_CANDIDATO;NM_URNA_CANDIDATO;SG_UF;SG_PARTIDO;NM_PARTIDO;DS_SIT_TOT_TURNO;QT_VOTOS_TOTAL;VR_DESPESA_TOTAL;POPULACAO;CUSTO_POR_VOTO;CUSTO_POR_HABITANTE
130001615080;2117;NINA ROSA LÍA ALVES SOBRINHO;ESPAGUETE;MG;PCB;Partido Comunista Brasileiro;NÃO ELEITO;1957;40445.55;20538718;20.66711803781298;0.0019692343991479897
130001615078;2100;JULIA MARIA SIMÃO DA ROCHA;JÚLIA ROCHA;MG;PCB;Partido Comunista Brasileiro;NÃO ELEITO;20629;44775.88;20538718;2.1705308061466866;0.0021800718038974
130001615074;2121;DANIEL CRISTIANO SOUZA;DANIEL CRISTIANO;MG;PCB;Partido Comunista Brasileiro;NÃO ELEITO;2298;25070.0;20538718;10.909486510008703;0.0012206214623522267
130001615072;2113;AMAURY ALONSO BARBOSA;AMAURY ALONSO;MG;PCB;Partido Comunista Brasileiro;NÃO ELEITO;205;19720.0;20538718;96.1951219512195;0.0009601378235973637
130001615077;2111;JOSE AUGUSTO BERNARDES;ZULU;MG;PCB;Partido Comunista Brasileiro;NÃO ELEITO;267;9300.0;20538718;34.831460674157306;0.00045280333465798594
130001615081;2188;THOMÁS AGUIAR CARRIERI;THOMÁS CARRIERI;MG;PCB;Partido Comunista Brasileiro;NÃO ELEITO;278;23240.0;20538718;83.59712230215827;0.0011315214513388811
130001615075;2199;FLAVIANO DUELI DE SOUZA;FLAVIANO DUELI;MG;PCB;Partido Comunista Brasileiro;NÃO ELEITO;1275;20621.8;20538718;16.173960784313724;0.0010040451405000058
130001615079;2135;LÍVIA OLIVEIRA VASCONCELOS;LÍVIA FLOR;MG;PCB;Partido Comunista Brasileiro;NÃO ELEITO;856;39220.0;20538718;45.8177570093458;0.0019095641704608827
130001615076;2122;IAGO MARTINS CHAVES;IAGO CHAVES;MG;PCB;Partido Comunista Brasileiro;NÃO ELEITO;391;25320.0;20538718;64.75703324808184;0.001232793595004323
250001613957;3311;HÉLIO TELES ALVES;HÉLIO TELES;SP;PMN;Partido da Mobilização Nacional;NÃO ELEITO;196;30000.0;44420459;153.0612244897959;0.0006753644756349772
250001613958;3340;HELOIZA RAVASQ DA SILVA;HELOIZA RAVASQ;SP;PMN;Partido da Mobilização Nacional;NÃO ELEITO;460;30000.0;44420459;65.21739130434783;0.0006753644756349772
130001612799;2813;JOSE CARLOS FERRAZ DOS SANTOS;FERRAZ;MG;PRTB;Partido Renovador Trabalhista Brasileiro;NÃO ELEITO;133;0.0;20538718;0.0;0.0
130001671991;2832;KLAIVER JUNKER JARDIM;KLAIVER JUNKER;MG;PRTB;Partido Renovador Trabalhista Brasileiro;NÃO ELEITO;159;0.0;20538718;0.0;0.0
130001612800;2882;JOSMAR MOREIRA BARBOSA;JOSMAR DO ARTESANATO;MG;PRTB;Partido Renovador Trabalhista Brasileiro;NÃO ELEITO;488;1737.5;20538718;3.560450819672131;8.459632193206995e-05
130001612801;2820;MARIANA SOARES ALVES;MARY ALVES;MG;PRTB;Partido Renovador Trabalhista Brasileiro;NÃO ELEITO;69;0.0;20538718;0.0;0.0
130001612811;2815;IVANI TEODORO ALVES DOS SANTOS;TIA IVANI DO MARMITEX;MG;PRTB;Partido Renovador Trabalhista Brasileiro;NÃO ELEITO;121;1500.0;20538718;12.396694214876034;7.303279591257839e-05
130001612804;2823;ALMIR MEDINA DOS SANTOS;MEDINA;MG;PRTB;Partido Renovador Trabalhista Brasileiro;NÃO ELEITO;617;4000.0;20538718;6.482982171799027;0.00019475412243354233
130001727534;2801;MARIA DOS REIS SANTOS;MARIA DOS REIS;MG;PRTB;Partido Renovador Trabalhista Brasileiro;NÃO ELEITO;70;2500.0;20538718;35.714285714285715;0.00012172132652096396
130001612814;2810;JEFFERSON CRISTOVÃO DA SILVA;SUBTENENTE CRISTOVÃO;MG;PRTB;Partido Renovador Trabalhista Brasileiro;NÃO ELEITO;111;135.70999999999998;20538718;1.2226126126126124;6.607520488864007e-06
130001612792;2864;SEBASTIÃO HEMENEGILDO DOS SANTOS;SEBASTIÃO EMENEGILDO;MG;PRTB;Partido Renovador Trabalhista Brasileiro;NÃO ELEITO;100;0.0;20538718;0.0;0.0
130001610883;1407;FERNANDA CAROLINE LOPES;FERNANDA DO SALÃO;MG;PTB;Partido Trabalhista Brasileiro;NÃO ELEITO;87;40000.0;20538718;459.7701149425287;0.0019475412243354234
130001610888;1445;LUCIANA MIRANDA BRITO ALEIXO;TIA LULUZINHA;MG;PTB;Partido Trabalhista Brasileiro;NÃO ELEITO;377;45000.0;20538718;119.36339522546419;0.0021909838773773514
130001610889;1461;LUCIO CAMPOS SILVA;INSPETOR LÚCIO CAMPOS;MG;PTB;Partido Trabalhista Brasileiro;NÃO ELEITO;613;52000.0;20538718;84.82871125611746;0.0025318035916360505
130001610890;1463;MAGALHÃES RAMOS MACHADO;MAGALHAES RAMOS;MG;PTB;Partido Trabalhista Brasileiro;NÃO ELEITO;25;10000.0;20538718;400.0;0.00048688530608385585
130001610892;1499;MÁRCIO EMÍDIO MARANGON;MÁRCIO MARANGON;MG;PTB;Partido Trabalhista Brasileiro;NÃO ELEITO;366;25050.0;20538718;68.44262295081967;0.001219647691740059
130001610893;1434;MARCO HENRIQUE GOMES PIRAJA;MARCO PIRAJÁ;MG;PTB;Partido Trabalhista Brasileiro;NÃO ELEITO;128;15130.0;20538718;118.203125;0.0007366574681048739
130001610894;1473;MARIA APARECIDA DE OLIVEIRA SILVA;CIDA MANICURE;MG;PTB;Partido Trabalhista Brasileiro;NÃO ELEITO;106;40000.0;20538718;377.35849056603774;0.0019475412243354234
130001610895;1457;WILSON ISSÃO KORESSAWA;DR WILSON KORESSAWA;MG;PTB;Partido Trabalhista Brasileiro;NÃO ELEITO;354;11500.0;20538718;32.48587570621469;0.0005599181019964343
130001610897;1404;ADRIANA MARIA MOREIRA BORGES;ADRIANA BORGES;MG;PTB;Partido Trabalhista Brasileiro;NÃO ELEITO;985;239463.0;20538718;243.10964467005076;0.011659101605075838
130001610898;1497;GRAZIANI ANTONELLI BORTONE DE CARVALHO;MACARRÃO;MG;PTB;Partido Trabalhista Brasileiro;NÃO ELEITO;126;15000.0;20538718;119.04761904761905;0.0007303279591257838
130001610899;1444;BRAULIO JOSE TANUS BRAZ;BRAULIO BRAZ;MG;PTB;Partido Trabalhista Brasileiro;NÃO ELEITO;68665;3077372.13;20538718;44.817186776378065;0.14983272714489773
130001610902;1432;IRINEU DOS ANJOS ROCHA;IRINEU ROCHA;MG;PTB;Partido Trabalhista Brasileiro;NÃO ELEITO;409;20000.0;20538718;48.899755501222494;0.0009737706121677117
130001610904;1422;JANICIA RIBEIRO SILVA;PASTORA JANE SILVA;MG;PTB;Partido Trabalhista Brasileiro;NÃO ELEITO;3421;1450858.2;20538718;424.10353697749196;0.07064015387912721
130001610906;1467;JOANA VERÔNICA NOGUEIRA SANTOS;VERA DA FEIRINHA;MG;PTB;Partido Trabalhista Brasileiro;NÃO ELEITO;216;39272.0;20538718;181.8148148148148;0.0019120959740525187
130001610907;1412;JOSÉ MARIA AMORIM DA SILVA;JOSÉ MARIA DE NOVA CONTAGEM;MG;PTB;Partido Trabalhista Brasileiro;NÃO ELEITO;1210;15000.0;20538718;12.396694214876034;0.0007303279591257838
130001610910;1428;CIBELE MACHADO;CIBELE MACHADO;MG;PTB;Partido Trabalhista Brasileiro;NÃO ELEITO;1180;16079.65;20538718;13.626822033898305;0.0007828945311971273
250001620732;5110;MARCOS JULIANO FERREIRA;JULIANO DA CAMPESTRE;SP;PATRIOTA;Patriota;NÃO ELEITO;21908;249844.81;44420459;11.404272868358591;0.005624543636525683
250001620733;5131;TIAGO DOS SANTOS LIRA;PROFESSOR TIAGO LIRA;SP;PATRIOTA;Patriota;NÃO ELEITO;1231;62267.51;44420459;50.58286758732738;0.0014017754746748566
250001620736;5150;JOSÉ EDINALDO DE OLIVEIRA;ROCHINHA;SP;PATRIOTA;Patriota;NÃO ELEITO;1209;113607.58;44420459;93.96822167080232;0.002557550789828624
250001620751;5117;RONALDO PEREIRA COSTA;RONALDO MOSCOU;SP;PATRIOTA;Patriota;NÃO ELEITO;120;0.0;44420459;0.0;0.0
250001620757;5176;ELISANGELA JOVANA DOS SANTOS;ELISÂNGELA SANTOS PROTETORA;SP;PATRIOTA;Patriota;NÃO ELEITO;546;39932.0;44420459;73.13553113553114;0.0008989551413685302
250001620761;5122;VITOR LEONARDO SANTOS VARCILIO;MAJOR VITOR SANTOS;SP;PATRIOTA;Patriota;NÃO ELEITO;8518;132430.45;44420459;15.547129607889177;0.002981294047411802
250001677870;9047;JAELSON DA CONCEIÇÃO SERRA;JOELSON;SP;PROS;Partido Republicano da Ordem Social;NÃO ELEITO;144;0.0;44420459;0.0;0.0
250001677871;9049;JEFFERSON RIPI DA SILVA;PROFESSOR JEFFERSON RIPI;SP;PROS;Partido Republicano da Ordem Social;NÃO ELEITO;192;0.0;44420459;0.0;0.0
250001677872;9067;JOSE RIBEIRO DE MELO;PASTOR JOSÉ RIBEIRO;SP;PROS;Partido Republicano da Ordem Social;NÃO ELEITO;109;19928.9;44420459;182.83394495412844;0.00044864236994939655
250001677875;9008;MARIA RACHEL OLIVEIRA BONFIM;PROFESSORA RACHEL;SP;PROS;Partido Republicano da Ordem Social;NÃO ELEITO;65;24961.0;44420459;384.0153846153846;0.0005619257558774888
250001677876;9003;MARTA CRISTINA LUCHI DE LIMA;MARTA LIMA;SP;PROS;Partido Republicano da Ordem Social;NÃO ELEITO;18;0.0;44420459;0.0;0.0
250001677877;9005;MARTHA VANIA LOPES IWASAKI;MARTHA ISHIDA;SP;PROS;Partido Republicano da Ordem Social;NÃO ELEITO;52;0.0;44420459;0.0;0.0
250001717157;3679;VERA LÚCIA SANTOS DE FRANÇA;VERA FRANÇA;SP;AGIR;AGIR;NÃO ELEITO;100;0.0;44420459;0.0;0.0
160001614496;1423;SONIA SILVA DE OLIVEIRA;SÔNYA CARNEIRO;PR;PTB;Partido Trabalhista Brasileiro;NÃO ELEITO;229;10000.0;11443208;43.66812227074236;0.0008738808208327595
160001614493;1410;RAMIRO LEITE;RAMIRO LEITE;PR;PTB;Partido Trabalhista Brasileiro;NÃO ELEITO;673;35000.0;11443208;52.00594353640416;0.0030585828729146583
160001614498;1494;JOSÉ ANTONIO RIBEIRO DE CARVALHO;TONINHO AÇOUGUEIRO;PR;PTB;Partido Trabalhista Brasileiro;NÃO ELEITO;1343;25520.0;11443208;19.002233804914372;0.002230143854765202
160001614492;1414;MARISA LOBO FRANCO FERREIRA ALVES;MARISA LOBO PSICÓLOGA CRISTÃ;PR;PTB;Partido Trabalhista Brasileiro;NÃO ELEITO;19999;1825303.83;11443208;91.2697549877494;0.15950980092295797
160001614475;1403;ANA MARIA DIAS;ANA MARIA DIAS;PR;PTB;Partido Trabalhista Brasileiro;NÃO ELEITO;94;10000.0;11443208;106.38297872340425;0.0008738808208327595
160001614489;1455;MAGNO ZANELLATO;DR MAGNO;PR;PTB;Partido Trabalhista Brasileiro;NÃO ELEITO;6150;108724.0;11443208;17.67869918699187;0.009501181836422094
160001614478;1440;CLÉO DE LIMA SILVA;CLÉO DE LIMA VIGILANTE E CAC;PR;PTB;Partido Trabalhista Brasileiro;NÃO ELEITO;413;10000.0;11443208;24.213075060532688;0.0008738808208327595
160001614486;1422;JOÃO DE DEUS SANTANA;JOÃO DO BARBANTE;PR;PTB;Partido Trabalhista Brasileiro;NÃO ELEITO;3047;116650.35;11443208;38.283672464719395;0.010193850360842869
160001614479;1420;CRISTINA MORCELI BEZERRA DE SOUZA;ENFERMEIRA CRIS MORCELI;PR;PTB;Partido Trabalhista Brasileiro;NÃO ELEITO;3846;51089.85;11443208;13.283892355694228;0.004464644005422256
160001614470;1444;WEVIGTON MAGNO RALDI GLATT;DR WEVIGTON GLATT;PR;PTB;Partido Trabalhista Brasileiro;NÃO ELEITO;937;20000.0;11443208;21.34471718249733;0.001747761641665519
160001614471;1499;GERALDINO BATISTA DO NASCIMENTO;GERALDINO DA ZONA LESTE;PR;PTB;Partido Trabalhista Brasileiro;NÃO ELEITO;326;10000.0;11443208;30.67484662576687;0.0008738808208327595
160001614472;1421;ALBARI DIAS DA SILVA;ALBARI DIAS O INTERVENCIONISTA;PR;PTB;Partido Trabalhista Brasileiro;NÃO ELEITO;150;20000.0;11443208;133.33333333333334;0.001747761641665519
160001614477;1477;CARLOS APARECIDO DE CAMARGO;PASTOR ÍNDIO;PR;PTB;Partido Trabalhista Brasileiro;NÃO ELEITO;195;23414.760000000002;11443208;120.07569230769232;0.0020461709688402063
160001614481;1412;ELISABETH DE SOUZA ROCHA DE MOURA;BETHINHA ROCHA;PR;PTB;Partido Trabalhista Brasileiro;NÃO ELEITO;475;23300.0;11443208;49.05263157894737;0.0020361423125403295
160001614484;1401;IVANDRO APARECIDO BISCAIA;BISCAIA;PR;PTB;Partido Trabalhista Brasileiro;NÃO ELEITO;245;9991.95;11443208;40.783469387755105;0.0008731773467719892
160001614488;1407;LUIZ ANTONIO PENTEADO SETTI;DR LUIZ SETTI;PR;PTB;Partido Trabalhista Brasileiro;NÃO ELEITO;395;30000.0;11443208;75.9493670886076;0.0026216424624982784
250001613959;3378;HELTON MICHAEL LEITE FERREIRA;HELTON MICHAEL;SP;PMN;Partido da Mobilização Nacional;NÃO ELEITO;570;30000.0;44420459;52.63157894736842;0.0006753644756349772
250001613960;3313;IVANDA MARIA RODRIGUES COSTA;IVANDA R COSTA;SP;PMN;Partido da Mobilização Nacional;NÃO ELEITO;429;20000.0;44420459;46.62004662004662;0.0004502429837566514
250001613961;3333;JOÃO FRANCISCO GARCIA;JOÃO GARCIA;SP;PMN;Partido da Mobilização Nacional;NÃO ELEITO;3594;299860.0;44420459;83.43350027824151;0.006750493055463475
250001613962;3353;JONATHAN PEREIRA DE SOUZA;JOWNATHAN DA SAÚDE;SP;PMN;Partido da Mobilização Nacional;NÃO ELEITO;231;40000.0;44420459;173.16017316017317;0.0009004859675133028
250001613964;3355;JOSÉ AUGUSTO BARBOSA DA SILVA;AUGUSTO;SP;PMN;Partido da Mobilização Nacional;NÃO ELEITO;358;20000.0;44420459;55.865921787709496;0.0004502429837566514
250001620764;5155;ANDRE EDUARDO RIBEIRO;ANDRE DO VIVA;SP;PATRIOTA;Patriota;NÃO ELEITO;21114;31100.0;44420459;1.4729563322913706;0.0007001278397415929
250001620770;5141;HAROLDO LOUZADA DE MAGALHÃES VIANA;HAROLDO LOUZADA;SP;PATRIOTA;Patriota;NÃO ELEITO;2697;46196.06;44420459;17.128683722654802;0.0010399725946100646
250001620774;5149;RAFAEL ANGELO ABUD;RAFAEL ABUD;SP;PATRIOTA;Patriota;NÃO ELEITO;196;0.0;44420459;0.0;0.0
250001620776;5138;ARMANDO INFANTI JUNIOR;ARMANDO INFANTI JR;SP;PATRIOTA;Patriota;NÃO ELEITO;511;70100.0;44420459;137.18199608610567;0.0015781016580670632
250001620744;5109;EMERSON LUIZ DA CRUZ;EMERSON CRUZ;SP;PATRIOTA;Patriota;NÃO ELEITO;91;0.0;44420459;0.0;0.0
250001620742;5159;CLAUDIA SANTOS LEAL;CLAUDIA LEAL;SP;PATRIOTA;Patriota;NÃO ELEITO;475;128787.27;44420459;271.1310947368421;0.0028992782357336743
250001620720;5178;MARLENE MARIA RAMOS;MARLENE RAMOS;SP;PATRIOTA;Patriota;NÃO ELEITO;259;30000.0;44420459;115.83011583011583;0.0006753644756349772
250001620763;5156;CLAUDIO PERESSIM;PERESSIM;SP;PATRIOTA;Patriota;NÃO ELEITO;580;99995.51;44420459;172.4060517241379;0.0022511138392334036
250001620745;5179;FABRICIO DE CARVALHO SILVA;FABRICIO CARVALHO;SP;PATRIOTA;Patriota;NÃO ELEITO;1050;60000.0;44420459;57.142857142857146;0.0013507289512699543
250001620710;5181;THEREZA CHRISTINA FARIA LIMA;THEREZA FARIA LIMA;SP;PATRIOTA;Patriota;NÃO ELEITO;647;34600.0;44420459;53.47758887171561;0.000778920361899007
130001612806;2807;BRUNO DE SOUZA CARDOZO ACHILLES;BRUNO ACHILLES;MG;PRTB;Partido Renovador Trabalhista Brasileiro;NÃO ELEITO;282;700.0;20538718;2.482269503546099;3.408197142586991e-05
130001612816;2803;JOB VICENTE RODRIGUES;JOB DA RECICLAGEM;MG;PRTB;Partido Renovador Trabalhista Brasileiro;NÃO ELEITO;430;3000.0;20538718;6.976744186046512;0.00014606559182515677
130001612794;2828;MURILLO EVANDRO DE ANDRADE;MURILLO ANDRADE;MG;PRTB;Partido Renovador Trabalhista Brasileiro;NÃO ELEITO;1716;49985.88;20538718;29.129300699300696;0.002433739048367089
130001612796;2808;CRISTIANE ANDRADE COUTINHO LIMA;CRIS BAMBUÍ;MG;PRTB;Partido Renovador Trabalhista Brasileiro;NÃO ELEITO;431;2300.0;20538718;5.336426914153132;0.00011198362039928685
130001612805;2818;ANDRÉ LUÍS PEREIRA BARBOSA;PROFESSOR ANDRE LUIS;MG;PRTB;Partido Renovador Trabalhista Brasileiro;NÃO ELEITO;330;2000.0;20538718;6.0606060606060606;9.737706121677117e-05
130001612820;2848;LEVI ROBSON GUIMARÃES BRAGA;MAGO LEVI;MG;PRTB;Partido Renovador Trabalhista Brasileiro;NÃO ELEITO;133;0.0;20538718;0.0;0.0
130001612788;2845;SILENE DE JESUS GOMES DAMASCENO;SILENE DAMASCENO;MG;PRTB;Partido Renovador Trabalhista Brasileiro;NÃO ELEITO;49;1500.0;20538718;30.612244897959183;7.303279591257839e-05
130001612790;2802;MARIA JOSÉ TAVARES DA SILVA;MARIA PATRIOTA;MG;PRTB;Partido Renovador Trabalhista Brasileiro;NÃO ELEITO;165;1500.0;20538718;9.090909090909092;7.303279591257839e-05
130001612798;2840;JOSE RAIMUNDO DE SOUZA;RAIMUNDINHO DA FARMÁCIA;MG;PRTB;Partido Renovador Trabalhista Brasileiro;NÃO ELEITO;161;0.0;20538718;0.0;0.0
130001612815;2883;JOÃO FRANCISCO DE JESUS;JOÃO FRANCISCO;MG;PRTB;Partido Renovador Trabalhista Brasileiro;NÃO ELEITO;150;0.0;20538718;0.0;0.0
130001612789;2833;LUCILEA PEREIRA DE CARVALHO INÁCIO;LUCILEA PEREIRA;MG;PRTB;Partido Renovador Trabalhista Brasileiro;NÃO ELEITO;54;1500.0;20538718;27.77777777777778;7.303279591257839e-05
130001612785;2888;ROBERTA CARNEIRO FONTES DOS SANTOS;ROBERTTA CARNEIRO;MG;PRTB;Partido Renovador Trabalhista Brasileiro;NÃO ELEITO;381;4020.0;20538718;10.551181102362206;0.00019572789304571006
130001612797;2866;EDMUR CARLOS DOS SANTOS GONÇALVES;DR EDMUR;MG;PRTB;Partido Renovador Trabalhista Brasileiro;NÃO ELEITO;161;1310.01;20538718;8.13670807453416;6.37824619822912e-05
130001612802;2878;ADEMIR AFONSO RIBEIRO LEAL;CORONEL LEAL;MG;PRTB;Partido Renovador Trabalhista Brasileiro;NÃO ELEITO;5100;11350.0;20538718;2.2254901960784315;0.0005526148224051764
130001612821;2819;NEUSA MARIA DE JESUS;NEUZINHA;MG;PRTB;Partido Renovador Trabalhista Brasileiro;NÃO ELEITO;146;0.0;20538718;0.0;0.0
130001612822;2881;PAULO HENRIQUE ADRIANO;PAULO HENRIQUE;MG;PRTB;Partido Renovador Trabalhista Brasileiro;NÃO ELEITO;311;2000.0;20538718;6.430868167202572;9.737706121677117e-05
130001612807;2880;CLEBIANO GONÇALVES DE OLIVEIRA;CLEBIANO OLIVEIRA;MG;PRTB;Partido Renovador Trabalhista Brasileiro;NÃO ELEITO;230;0.0;20538718;0.0;0.0
130001727470;2806;VALESCA CÁSSIA DA SILVA PAULA;VALESCA PRTB;MG;PRTB;Partido Renovador Trabalhista Brasileiro;NÃO ELEITO;36;1500.0;20538718;41.666666666666664;7.303279591257839e-05
130001610911;1460;CRÉSIO VIEIRA CAMPOS;PROFESSOR CRÉSIO CAMPOS;MG;PTB;Partido Trabalhista Brasileiro;NÃO ELEITO;576;99935.0;20538718;173.49826388888889;0.004865688306349014
130001610912;1431;FRANCISNALDO CARLOS PIMENTA;DR FRANCIS PIMENTA;MG;PTB;Partido Trabalhista Brasileiro;NÃO ELEITO;381;50000.0;20538718;131.23359580052494;0.002434426530419279
250001717158;3616;WALTER AGUIAR DE CARVALHO JUNIOR;DR. WALTER AGUIAR;SP;AGIR;AGIR;NÃO ELEITO;851;10000.029999999999;44420459;11.750916568742655;0.0002251221672428013
250001717159;3618;WILKY ANDRADE OKAGAWA;DJ WIL;SP;AGIR;AGIR;NÃO ELEITO;51;5000.0;44420459;98.03921568627452;0.00011256074593916285
250001717163;3617;ROBSON INACIO GOMES;ROBSON PENTECOSTE;SP;AGIR;AGIR;NÃO ELEITO;469;19990.0;44420459;42.6226012793177;0.0004500178622647731
250001717166;3661;ROBERVAL BARBOSA DE JESUS;BRONK S;SP;AGIR;AGIR;NÃO ELEITO;844;11500.06;44420459;13.625663507109005;0.0002588910663890258
250001717167;3628;VIVIANE RODRIGUES DA SILVA AUGUSTO;VIVIANE DA SAUDE;SP;AGIR;AGIR;NÃO ELEITO;193;5000.0;44420459;25.906735751295336;0.00011256074593916285
250001717168;3675;EDER DIAS MASCARENHAS;EDER MASCARENHAS;SP;AGIR;AGIR;NÃO ELEITO;931;29991.0;44420459;32.21374865735768;0.0006751618662922866
250001717172;3660;SIONEIA APARECIDA DE MELLO;NEIA MELLO;SP;AGIR;AGIR;NÃO ELEITO;389;9990.0;44420459;25.681233933161955;0.00022489637038644738
250001717174;3601;SUELI DOS SANTOS SILVA BARBOSA;SUELI BARBOSA;SP;AGIR;AGIR;NÃO ELEITO;198;5000.0;44420459;25.252525252525253;0.00011256074593916285
250001677880;9022;NISE HITOMI YAMAGUCHI;DRA NISE YAMAGUCHI;SP;PROS;Partido Republicano da Ordem Social;NÃO ELEITO;36690;550146.92;44420459;14.994464976832926;0.012384989538266592
250001677883;9019;RICARDO DUREGGER;RICARDO DUREGGER;SP;PROS;Partido Republicano da Ordem Social;NÃO ELEITO;544;1650.0;44420459;3.0330882352941178;3.714504615992374e-05
250001677884;9009;ROMÉRIO MOURA DA FONSECA;ROMÁRIO;SP;PROS;Partido Republicano da Ordem Social;NÃO ELEITO;404;51083.81;44420459;126.44507425742573;0.0011500063518028933
250001677885;9012;SERGIO ZULMIRO LITHOLDO;LITHOLDO;SP;PROS;Partido Republicano da Ordem Social;NÃO ELEITO;1681;100000.0;44420459;59.4883997620464;0.002251214918783257
250001677888;9044;VALTER FRANCISCO BRITO;VALTÃO;SP;PROS;Partido Republicano da Ordem Social;NÃO ELEITO;64;375.64;44420459;5.869375;8.456463720917427e-06
160001614491;1441;MARIO LUIZ KONOPKA;MARIO KONOPKA;PR;PTB;Partido Trabalhista Brasileiro;NÃO ELEITO;336;10000.0;11443208;29.761904761904763;0.0008738808208327595
160001614494;1400;RONALD REDES MARTINS;RONALD REDES CIENTISTAPOLÍTICO;PR;PTB;Partido Trabalhista Brasileiro;NÃO ELEITO;365;26920.0;11443208;73.75342465753425;0.0023524871696817885
160001614497;1433;THOMAS RAYMUND KORONTAI;THOMAS KORONTAI TK;PR;PTB;Partido Trabalhista Brasileiro;NÃO ELEITO;533;29446.0;11443208;55.24577861163227;0.0025732294650241436
160001614473;1432;ALCIR SPERANDIO;PROFESSOR ALCIR SPERANDIO;PR;PTB;Partido Trabalhista Brasileiro;NÃO ELEITO;311;9847.85;11443208;31.665112540192926;0.000860584724143789
160001614480;1409;DENISE REGINA FERNANDES MEIRELES;DENISE REGINA;PR;PTB;Partido Trabalhista Brasileiro;NÃO ELEITO;50;10000.0;11443208;200.0;0.0008738808208327595
160001614476;1456;ARNO ROBERTO BOOS;ARNO BOOS;PR;PTB;Partido Trabalhista Brasileiro;NÃO ELEITO;1032;51993.16;11443208;50.380968992248064;0.0045435825338489
160001614487;1434;LILIANE FARIA DE FREITAS;LILIANE FREITAS;PR;PTB;Partido Trabalhista Brasileiro;NÃO ELEITO;359;20000.0;11443208;55.710306406685234;0.001747761641665519
250001613965;3319;JOSÉ FERREIRA CAMPOS FILHO;DOUTOR CAMPOS;SP;PMN;Partido da Mobilização Nacional;NÃO ELEITO;196;0.0;44420459;0.0;0.0
250001613966;3367;JOSÉ MAURO SOUZA DA SILVA;MISSIONÁRIO JOSÉ MAURO;SP;PMN;Partido da Mobilização Nacional;NÃO ELEITO;65;30500.0;44420459;469.2307692307692;0.0006866205502288934
250001613969;3346;MARCELO FRANCISCO DE LACERDA;CABELO;SP;PMN;Partido da Mobilização Nacional;NÃO ELEITO;260;24961.7;44420459;96.00653846153847;0.0005619415143819202
250001613970;3312;MARIA APARECIDA DE SOUZA MARQUES;PASTORA CIDA TUTIA;SP;PMN;Partido da Mobilização Nacional;NÃO ELEITO;100;29950.0;44420459;299.5;0.0006742388681755855
250001613976;3399;REINALDO ADRIANO DO CARMO;REINALDO UBER;SP;PMN;Partido da Mobilização Nacional;NÃO ELEITO;117;24966.0;44420459;213.3846153846154;0.0005620383166234279
250001613977;3317;ROMÁRIO SANTOS ALVES;ROMÁRIO SANTOS;SP;PMN;Partido da Mobilização Nacional;NÃO ELEITO;50;0.0;44420459;0.0;0.0
130001610914;1492;JOAQUIM EUSTÁQUIO COELHO;JOAQUIM COELHO;MG;PTB;Partido Trabalhista Brasileiro;NÃO ELEITO;108;39320.0;20538718;364.0740740740741;0.0019144330235217214
130001610915;1416;EDMILSON DE OLIVEIRA PEREIRA;REPRESENTANTE EDMILSON;MG;PTB;Partido Trabalhista Brasileiro;NÃO ELEITO;385;35000.0;20538718;90.9090909090909;0.0017040985712934956
130001610916;1402;ELISA DE MACEDO DA SILVA;LIS MACEDO;MG;PTB;Partido Trabalhista Brasileiro;NÃO ELEITO;3432;755451.59;20538718;220.11992715617714;0.03678182786286856
130001610917;1455;JOÃO PAULO FELIZARDO;FELIZARDO;MG;PTB;Partido Trabalhista Brasileiro;NÃO ELEITO;3282;238500.0;20538718;72.6691042047532;0.011612214550099963
130001610918;1430;MAYARA SHIGUEKI ROSSI;MAYARA ROSSI;MG;PTB;Partido Trabalhista Brasileiro;NÃO ELEITO;247;45000.0;20538718;182.18623481781376;0.0021909838773773514
130001610919;1425;OIDES RODRIGUES SILVA JÚNIOR;OIDES JUNIOR;MG;PTB;Partido Trabalhista Brasileiro;NÃO ELEITO;923;85517.19;20538718;92.65134344528711;0.004163706322858126
130001610920;1458;PATRICIA FERREIRA DE OLIVEIRA;PATRÍCIA FERREIRA;MG;PTB;Partido Trabalhista Brasileiro;NÃO ELEITO;131;35000.0;20538718;267.17557251908397;0.0017040985712934956
130001610882;1470;KILDARE TRAVAGLIA DE CASTRO;KILDARE TRAVAGLIA;MG;PTB;Partido Trabalhista Brasileiro;NÃO ELEITO;2604;92293.83;20538718;35.443099078341014;0.004493650966920136
130001610886;1466;JUNIO CESAR MIRANDA;JUNIO MIRANDA;MG;PTB;Partido Trabalhista Brasileiro;NÃO ELEITO;164;15000.0;20538718;91.46341463414635;0.0007303279591257838
130001610896;1478;ZELIA CARDOSO DE SOUZA;ZÉLIA CARDOSO;MG;PTB;Partido Trabalhista Brasileiro;NÃO ELEITO;1705;166851.0;20538718;97.85982404692082;0.008123730020539743
130001610909;1495;ARMANDO MATTIELLO;A. MATTIELLO;MG;PTB;Partido Trabalhista Brasileiro;NÃO ELEITO;3322;54300.0;20538718;16.345574954846477;0.0026437872120353375
130001610901;1452;ANDERSON CARLOS DE OLIVEIRA;SARGENTO ANDERSON CARLOS;MG;PTB;Partido Trabalhista Brasileiro;NÃO ELEITO;256;0.0;20538718;0.0;0.0
250001620712;5102;LEANDRO AUGUSTO DO AMARAL;LEANDRO GUERREIRO;SP;PATRIOTA;Patriota;NÃO ELEITO;3223;80000.0;44420459;24.821594787465095;0.0018009719350266056
250001620718;5112;JOSÉ ANTONIO DE GÓES FILHO;REVERENDO JOSÉ GÓES;SP;PATRIOTA;Patriota;NÃO ELEITO;791;403592.25;44420459;510.230404551201;0.00908572894305302
250001620723;5175;FLAVIA FERREIRA DO PRADO;FLAVIA PRADO;SP;PATRIOTA;Patriota;NÃO ELEITO;144;15000.0;44420459;104.16666666666667;0.0003376822378174886
250001620725;5140;ALESSANDRA RUDOLPHO STRINGHETA BARBOSA;ALESSANDRA STRINGHETA;SP;PATRIOTA;Patriota;NÃO ELEITO;702;149966.7;44420459;213.6277777777778;0.003376072723606931
250001620729;5129;RUZINON SILVA;ZINON SILVÁ;SP;PATRIOTA;Patriota;NÃO ELEITO;255;0.0;44420459;0.0;0.0
250001620730;5164;PAULA DANIELA DE JESUS;PROFESSORA PAULA;SP;PATRIOTA;Patriota;NÃO ELEITO;127;19916.0;44420459;156.8188976377953;0.0004483519632248735
250001620735;5145;GLAUCIA MAXIMO DOS SANTOS;GLAUCIA MAXIMO;SP;PATRIOTA;Patriota;NÃO ELEITO;764;103671.1;44420459;135.69515706806283;0.0023338592696667093
250001620740;5153;FERNANDO BELCHIOR DIAS;FERNANDO DIAS;SP;PATRIOTA;Patriota;NÃO ELEITO;2350;100000.0;44420459;42.5531914893617;0.002251214918783257
250001620741;5166;PATRICIA SIQUEIRA NERI;SUBTENENTE SIQUEIRA NERI;SP;PATRIOTA;Patriota;NÃO ELEITO;701;20000.0;44420459;28.530670470756064;0.0004502429837566514
250001620750;5101;TERESINHA DE CARVALHO;DELEGADA TERESINHA;SP;PATRIOTA;Patriota;NÃO ELEITO;3970;599975.8;44420459;151.12740554156173;0.013506744718689198
250001717176;3662;CICERO SANTANA DA SILVA;CICERO PERUEIRO;SP;AGIR;AGIR;NÃO ELEITO;120;0.0;44420459;0.0;0.0
250001717177;3663;ELIAS TEIXEIRA;ELIAS TEIXEIRA TREINADOR;SP;AGIR;AGIR;NÃO ELEITO;205;0.0;44420459;0.0;0.0
250001717178;3676;FLAVIO ROBERTO CASIMIRO;FLAVIO DA TANATO;SP;AGIR;AGIR;NÃO ELEITO;307;30000.0;44420459;97.71986970684038;0.0006753644756349772
250001717180;3640;GONZAGA MENDES DE OLIVEIRA;OLIVEIRA;SP;AGIR;AGIR;NÃO ELEITO;282;10000.0;44420459;35.46099290780142;0.0002251214918783257
250001717181;3637;IRIS MARIA BARROS DE BRITO;DRA IRIS;SP;AGIR;AGIR;NÃO ELEITO;376;13499.999999999998;44420459;35.90425531914893;0.00030391401403573966
160001614482;1430;ELTON ANDRE WINK TECCHIO;ANDRÉ TECCHIO;PR;PTB;Partido Trabalhista Brasileiro;NÃO ELEITO;423;21233.0;11443208;50.19621749408984;0.0018555111468741981
160001614485;1415;JOÃO ADIR CARDOSO;ADIR CARDOSO;PR;PTB;Partido Trabalhista Brasileiro;NÃO ELEITO;208;10000.0;11443208;48.07692307692308;0.0008738808208327595
160001614490;1408;MARILEI LOPES VIEIRA;MARILEI VIEIRA;PR;PTB;Partido Trabalhista Brasileiro;NÃO ELEITO;205;10000.0;11443208;48.78048780487805;0.0008738808208327595
160001614499;1450;WAGNER SABINO;DR WAGNER SABINO;PR;PTB;Partido Trabalhista Brasileiro;NÃO ELEITO;1749;30000.0;11443208;17.152658662092623;0.0026216424624982784
160001614500;1417;ROSICLER RODRIGUES BEZERRA;ROSICLER BEZERRA;PR;PTB;Partido Trabalhista Brasileiro;NÃO ELEITO;46;10000.0;11443208;217.3913043478261;0.0008738808208327595
160001614474;1470;ALBERTO JUBANSKI;JUBANSKI CONSERVADOR;PR;PTB;Partido Trabalhista Brasileiro;NÃO ELEITO;999;20000.0;11443208;20.02002002002002;0.001747761641665519
250001613978;3371;SANDRO FERREIRA DE SOUZA;SANDRO FERREIRA;SP;PMN;Partido da Mobilização Nacional;NÃO ELEITO;40;19966.35;44420459;499.15874999999994;0.0004494854499364808
250001620752;5183;ULISSES HENRIQUE MATIAS COSTA;ULISSES COSTA;SP;PATRIOTA;Patriota;NÃO ELEITO;3690;0.0;44420459;0.0;0.0
130001612818;2811;KARINA DA SILVA FICHE ALMEIDA;KARINA FICHE;MG;PRTB;Partido Renovador Trabalhista Brasileiro;NÃO ELEITO;152;1500.0;20538718;9.868421052631579;7.303279591257839e-05
130001612808;2844;FRANCISCO CLÁUDIO FERREIRA;FRANCISCO ADVOGADO;MG;PRTB;Partido Renovador Trabalhista Brasileiro;NÃO ELEITO;728;20000.0;20538718;27.47252747252747;0.0009737706121677117
130001612795;2890;GESMA LOURENÇO BARBOSA;GESMA LOURENÇO;MG;PRTB;Partido Renovador Trabalhista Brasileiro;NÃO ELEITO;88;0.0;20538718;0.0;0.0
130001612793;2812;VILMAR DE SOUSA E SILVA;VILMAR DO SINDICATO;MG;PRTB;Partido Renovador Trabalhista Brasileiro;NÃO ELEITO;631;0.0;20538718;0.0;0.0
130001612812;2814;JAQUELINE DE ANDRADE LOPES;JAQUELINE LOPES;MG;PRTB;Partido Renovador Trabalhista Brasileiro;NÃO ELEITO;55;1500.0;20538718;27.272727272727273;7.303279591257839e-05
130001671992;2804;ISMAR JOSE DE QUEIROZ;ZÉ QUEIROZ;MG;PRTB;Partido Renovador Trabalhista Brasileiro;NÃO ELEITO;30;1200.0;20538718;40.0;5.84262367300627e-05
130001610870;1456;CARLOS ALBERTO DE MELLO;SARGENTO MELLO CASAL;MG;PTB;Partido Trabalhista Brasileiro;NÃO ELEITO;17162;309991.51;20538718;18.06266810395059;0.015093031122974667
130001610872;1433;PAULO SÉRGIO ÁVILA SANTOS;PAULO ÁVILA;MG;PTB;Partido Trabalhista Brasileiro;NÃO ELEITO;492;92100.0;20538718;187.1951219512195;0.004484213669032312
130001610874;1423;RODRIGO GOMES;PROFESSOR RODRIGO GOMES;MG;PTB;Partido Trabalhista Brasileiro;NÃO ELEITO;1270;50000.0;20538718;39.37007874015748;0.002434426530419279
130001610876;1477;SÉRGIO AMERICANO MENDES;SÉRGIO AMERICANO MENDES;MG;PTB;Partido Trabalhista Brasileiro;NÃO ELEITO;2797;677893.39;20538718;242.36445834823024;0.03300563306823727
130001610878;1469;TALITA PEREIRA BARBOSA;TALITA MILER;MG;PTB;Partido Trabalhista Brasileiro;NÃO ELEITO;96;35000.0;20538718;364.5833333333333;0.0017040985712934956
130001610887;1441;LEONARDO SANTOS FERREIRA;TENENTE LEONARDO;MG;PTB;Partido Trabalhista Brasileiro;NÃO ELEITO;446;20000.0;20538718;44.84304932735426;0.0009737706121677117
250001717183;3621;JONAS AUGUSTO MIGUEL MACHADO;JONAS MACHADO;SP;AGIR;AGIR;NÃO ELEITO;133;0.0;44420459;0.0;0.0
250001717184;3626;JOSÉ AUGUSTINHO DOS SANTOS;AUGUSTO DO JORNAL;SP;AGIR;AGIR;NÃO ELEITO;575;17953.0;44420459;31.222608695652173;0.0004041606143691581
250001717185;3634;JOSE CICERO DE OLIVEIRA;TENENTE OLIVEIRA;SP;AGIR;AGIR;NÃO ELEITO;225;5000.0;44420459;22.22222222222222;0.00011256074593916285
250001677889;9060;VÂNIA REGINA RIBEIRO;VANIA RIBEIRO;SP;PROS;Partido Republicano da Ordem Social;NÃO ELEITO;852;150000.0;44420459;176.05633802816902;0.0033768223781748857
250001677890;9093;WALDIR FELICIANO GUEDES;GUEDES BOMBEIRO;SP;PROS;Partido Republicano da Ordem Social;NÃO ELEITO;34;0.0;44420459;0.0;0.0
250001677891;9033;WALTER GUALBERTO DE BRITO;JORNALISTA WALTER BRITO;SP;PROS;Partido Republicano da Ordem Social;NÃO ELEITO;188;0.0;44420459;0.0;0.0
250001677892;9066;BIANCA MARIA DELLA SANTA PIMENTA;BIANCA PIMENTA;SP;PROS;Partido Republicano da Ordem Social;NÃO ELEITO;120;0.0;44420459;0.0;0.0
250001677893;9064;CLEBER DOS SANTOS TEIXEIRA;JACARÉ DE TANGA;SP;PROS;Partido Republicano da Ordem Social;NÃO ELEITO;1261;0.0;44420459;0.0;0.0
160001614495;1406;SELMA LUISA DO NASCIMENTO MAROLD;PASTORA SELMA MAROLD;PR;PTB;Partido Trabalhista Brasileiro;NÃO ELEITO;372;10000.0;11443208;26.881720430107528;0.0008738808208327595
250001613982;3324;SONILDA SOARES CONSTANTINO DE OLIVEIRA;SONILDA SOARES;SP;PMN;Partido da Mobilização Nacional;NÃO ELEITO;60;0.0;44420459;0.0;0.0
250001613983;3322;SYLVIO MACEDO SOARES JUNIOR;SYLVIO SOARES;SP;PMN;Partido da Mobilização Nacional;NÃO ELEITO;218;0.0;44420459;0.0;0.0
250001613963;3310;JORGE DONIZETTI RIBEIRO DE MATOS;JORGE MATOS;SP;PMN;Partido da Mobilização Nacional;NÃO ELEITO;88;645.0;44420459;7.329545454545454;1.4520336226152007e-05
250001613980;3301;SIVONEI DOS SANTOS CORREIA;NEI CORREIA;SP;PMN;Partido da Mobilização Nacional;NÃO ELEITO;351;0.0;44420459;0.0;0.0
250001613948;3391;ELISANGELA RODRIGUES DA SILVA;TATÁ RODRIGUES;SP;PMN;Partido da Mobilização Nacional;NÃO ELEITO;252;0.0;44420459;0.0;0.0
250001613973;3328;PATRÍCIA MORA D AVILA;PATRÍCIA MORA;SP;PMN;Partido da Mobilização Nacional;NÃO ELEITO;256;24720.0;44420459;96.5625;0.0005565003279232212
250001613956;3348;GLÁUCIA ASSUNÇÃO DE OLIVEIRA;GLÁUCIA ASSUNÇÃO;SP;PMN;Partido da Mobilização Nacional;NÃO ELEITO;197;20000.0;44420459;101.5228426395939;0.0004502429837566514
250001613967;3303;JOSE SEBASTIÃO LEANDRO DOS SANTOS;TIÃO;SP;PMN;Partido da Mobilização Nacional;NÃO ELEITO;448;30000.0;44420459;66.96428571428571;0.0006753644756349772
250001613937;3315;SUZANA PIROZI ADERNE;SUZANA;SP;PMN;Partido da Mobilização Nacional;NÃO ELEITO;219;20000.0;44420459;91.32420091324201;0.0004502429837566514
250001613940;3334;ARTUR CESAR BONACCORSI;DR ARTUR CESAR;SP;PMN;Partido da Mobilização Nacional;NÃO ELEITO;138;0.0;44420459;0.0;0.0
250001613941;3381;ARTUR ROGÉRIO GUIMARÃES;ARTUR GUIMARÃES;SP;PMN;Partido da Mobilização Nacional;NÃO ELEITO;64;15000.0;44420459;234.375;0.0003376822378174886
250001620754;5123;FLAVIO SILVA DE FREITAS;FLAVINHO AMPERMAG;SP;PATRIOTA;Patriota;NÃO ELEITO;5825;241990.76;44420459;41.54347811158799;0.005447732091196987
250001620759;5119;MICHEL ARAUJO SILVA FIGUEREDO;MICHEL FIGUEREDO;SP;PATRIOTA;Patriota;NÃO ELEITO;6264;99837.92;44420459;15.938365261813537;0.002247566149642893
250001620767;5189;SERGIO KHODOR CURY;SERGIO CURY;SP;PATRIOTA;Patriota;NÃO ELEITO;167;0.0;44420459;0.0;0.0
250001620715;5180;ADEVAR CAMPANA;ADEVAR CAMPANA;SP;PATRIOTA;Patriota;NÃO ELEITO;861;99945.34;44420459;116.08053426248547;0.00224998440470865
250001620713;5130;NOILTON SILVESTRE RAMOS;NOILTON RAMOS;SP;PATRIOTA;Patriota;NÃO ELEITO;5756;199818.4;44420459;34.71480194579569;0.004498341631274004
250001620743;5157;CASSIO ELMO GONÇALVES GALLO;CÁSSIO GALLO;SP;PATRIOTA;Patriota;NÃO ELEITO;6336;80588.0;44420459;12.719065656565656;0.0018142090787490511
250001620726;5113;ANDRE HENRIQUE BUENO DE OLIVEIRA;ANDRE VILÃO;SP;PATRIOTA;Patriota;NÃO ELEITO;1180;148756.0;44420459;126.06440677966101;0.003348817264585222
250001620709;5114;FÁBIO SARTORI MANFRINATO;FÁBIO MANFRINATO;SP;PATRIOTA;Patriota;NÃO ELEITO;6865;630000.01;44420459;91.76984850691916;0.014182654213456011
250001620714;5173;MARIA ROSA GUSMÃO RODRIGUES;ROSA GUSMÃO;SP;PATRIOTA;Patriota;NÃO ELEITO;255;10000.0;44420459;39.21568627450981;0.0002251214918783257
250001620716;5152;FELIPE AUGUSTO TEDESCHI LINTZ;FELIPE LINTZ;SP;PATRIOTA;Patriota;NÃO ELEITO;21533;273405.6;44420459;12.697051037941764;0.006154947655988876
130001612813;2827;JOÃO AGRIPINO DA SILVA;JOÃO AGRIPINO;MG;PRTB;Partido Renovador Trabalhista Brasileiro;NÃO ELEITO;54;5033.0;20538718;93.20370370370371;0.00024504937455200465
130001612787;2899;SEBASTIÃO CESAR GRAZZIA DA SILVA;DR CESAR GRAZZIA;MG;PRTB;Partido Renovador Trabalhista Brasileiro;NÃO ELEITO;538;0.0;20538718;0.0;0.0
130001612809;2822;FRANCISCO HUMBERTO DE FREITAS AZEVEDO;CHICO HUMBERTO;MG;PRTB;Partido Renovador Trabalhista Brasileiro;NÃO ELEITO;3385;35000.0;20538718;10.3397341211226;0.0017040985712934956
130001612810;2898;GEDAIAS GOMES BRANDÃO;TENENTE GEDAIAS;MG;PRTB;Partido Renovador Trabalhista Brasileiro;NÃO ELEITO;296;2230.0;20538718;7.533783783783784;0.00010857542325669985
250001717188;3646;JOSÉ PAULO DE MENDONÇA LEMOS;ZÉ DA ESTRADA;SP;AGIR;AGIR;NÃO ELEITO;196;5000.0;44420459;25.510204081632654;0.00011256074593916285
250001717189;3686;JULIANO TAKESHI KOCHI;JULIANO KOCHI;SP;AGIR;AGIR;NÃO ELEITO;552;5000.05;44420459;9.058061594202899;0.00011256187154662225
250001717190;3611;JURACY FRANCISCO DE JESUS;JURACY DE JESUS (JURA );SP;AGIR;AGIR;NÃO ELEITO;834;53608.15;44420459;64.27835731414868;0.0012068346704837067
250001717193;3633;LILIANE NUNES DE CARVALHO DOS SANTOS;LILA CARVALHO;SP;AGIR;AGIR;NÃO ELEITO;1880;100000.0;44420459;53.191489361702125;0.002251214918783257
250001717136;3607;ANDRÉ ALMEIDA MILIAN;BISPO ANDRE ALMEIDA;SP;AGIR;AGIR;NÃO ELEITO;237;0.0;44420459;0.0;0.0
250001717156;3623;SÔNIA MELHADO DE MORAIS;SONIA MELHADO;SP;AGIR;AGIR;NÃO ELEITO;282;0.0;44420459;0.0;0.0
250001717186;3654;JOSE GERALDO DE CARVALHO;ZEDAVAN;SP;AGIR;AGIR;NÃO ELEITO;326;0.0;44420459;0.0;0.0
250001717129;3638;ROBERTO DE PAULA SOUZA;PROFESSOR ROBERTO DE PAULA;SP;AGIR;AGIR;NÃO ELEITO;297;4777.2;44420459;16.084848484848486;0.00010754503910011375
250001677894;9075;DECIO COUTO CLEMENTE;DECIO CLEMENTE;SP;PROS;Partido Republicano da Ordem Social;NÃO ELEITO;189;75000.0;44420459;396.8253968253968;0.0016884111890874429
250001677895;9016;GENERSON JOSE FAUSTINO;GENERSON FAUSTINO;SP;PROS;Partido Republicano da Ordem Social;NÃO ELEITO;37;340.0;44420459;9.18918918918919;7.654130723863075e-06
250001677896;9020;IRINEU APARECIDO ORTOLANI;NEU;SP;PROS;Partido Republicano da Ordem Social;NÃO ELEITO;105;0.0;44420459;0.0;0.0
250001613942;3300;CAIO LYSIAS SPINA;CAIO SPINA;SP;PMN;Partido da Mobilização Nacional;NÃO ELEITO;427;30000.0;44420459;70.2576112412178;0.0006753644756349772
250001613943;3393;DANIEL OCTACÍLIO DE PAULA;DANIEL OCTACÍLIO;SP;PMN;Partido da Mobilização Nacional;NÃO ELEITO;93;15000.0;44420459;161.29032258064515;0.0003376822378174886
130001612819;2829;LEONOR SOARES MOTA;NÔ MARIANO;MG;PRTB;Partido Renovador Trabalhista Brasileiro;NÃO ELEITO;125;2000.0;20538718;16.0;9.737706121677117e-05
130001612791;2800;RAMON CAMILO MARQUES RODRIGUES DE PAULA;RAMON RODRIGUES;MG;PRTB;Partido Renovador Trabalhista Brasileiro;NÃO ELEITO;1562;6000.0;20538718;3.8412291933418694;0.00029213118365031354
130001612817;2872;JONATAS ZEFERINO DE OLIVEIRA;FATAL O RETORNO;MG;PRTB;Partido Renovador Trabalhista Brasileiro;NÃO ELEITO;146;0.0;20538718;0.0;0.0
130001610903;1410;JADER FIGUEIREDO;JADER MELHOR DO BRASIL;MG;PTB;Partido Trabalhista Brasileiro;NÃO ELEITO;1954;69590.0;20538718;35.61412487205732;0.003388234845037553
130001610908;1408;ANTÔNIO CARLOS DE SOUZA;SARGENTO CARLOS O MARINHEIRO;MG;PTB;Partido Trabalhista Brasileiro;NÃO ELEITO;133;28300.0;20538718;212.78195488721803;0.001377885416217312
130001610873;1414;RENATO PINTO CARTAFINA;RENATINHO CARTAFINA;MG;PTB;Partido Trabalhista Brasileiro;NÃO ELEITO;7272;421058.23;20538718;57.901296754675464;0.020500706519267657
130001610905;1490;JEFERSON LEITE;JEFERSON LEITE GANSO;MG;PTB;Partido Trabalhista Brasileiro;NÃO ELEITO;380;60000.0;20538718;157.89473684210526;0.002921311836503135
250001620724;5154;GILMAR APARECIDO RODRIGUES;GILMAR;SP;PATRIOTA;Patriota;NÃO ELEITO;1447;0.0;44420459;0.0;0.0
250001620727;5120;FERNANDA ALVES SILVA;FERNANDA ALVES;SP;PATRIOTA;Patriota;NÃO ELEITO;274;74916.0;44420459;273.4160583941606;0.0016865201685556648
250001620731;5174;LUCIANA PAULA VALENTIM;LUCIANA VALENTIM;SP;PATRIOTA;Patriota;NÃO ELEITO;490;124989.5;44420459;255.08061224489796;0.002813782270912599
250001677897;9040;JANAINA PEREIRA DA SILVA SOARES;JANAINA SOARES;SP;PROS;Partido Republicano da Ordem Social;NÃO ELEITO;152;0.0;44420459;0.0;0.0
250001677898;9097;JÓ RODRIGUES COSTA DO NASCIMENTO;JÓ RODRIGUES;SP;PROS;Partido Republicano da Ordem Social;NÃO ELEITO;131;0.0;44420459;0.0;0.0
250001677900;9056;JOÃO VITOR SPARANO;JOÃO SPARANO;SP;PROS;Partido Republicano da Ordem Social;NÃO ELEITO;300;907565.03;44420459;3025.216766666667;0.020431239353019742
250001613946;3307;ÉLCIO GUSSON;GUSSON;SP;PMN;Partido da Mobilização Nacional;NÃO ELEITO;259;20000.0;44420459;77.22007722007721;0.0004502429837566514
250001613947;3350;ELIMARA LOTERIO DA SILVA DIAS;MISSIONÁRIA ELIMARA LOTERIO;SP;PMN;Partido da Mobilização Nacional;NÃO ELEITO;26;30000.0;44420459;1153.8461538461538;0.0006753644756349772
250001613952;3323;FÁBIO DE ARAÚJO PATUSSO;FÁBIO PATUSSO;SP;PMN;Partido da Mobilização Nacional;NÃO ELEITO;59;0.0;44420459;0.0;0.0
250001613955;3369;FRANCISCO JOSÉ DA CRUZ FILHO;FRANCISCO JOSÉ;SP;PMN;Partido da Mobilização Nacional;NÃO ELEITO;202;14284.19;44420459;70.71381188118812;0.00032156781630734613
250001620737;5100;RENATO FERREIRA DA SILVA;DR RENATO SILVA DO HB;SP;PATRIOTA;Patriota;NÃO ELEITO;21007;339541.36;44420459;16.163248440995858;0.007643805751759566
250001620746;5160;LOURIVALDO DELFINO;LOURIVALDO DELFINO;SP;PATRIOTA;Patriota;NÃO ELEITO;558;65000.0;44420459;116.48745519713262;0.001463289697209117
250001620756;5124;APARECIDA SOUZA LIBERALINO ALVES;IRMÃ CIDA;SP;PATRIOTA;Patriota;NÃO ELEITO;238;18316.0;44420459;76.95798319327731;0.00041233252452434134
250001620760;5135;PATRÍCIA MARIA DA SILVA;PATRÍCIA DE SANTOS;SP;PATRIOTA;Patriota;NÃO ELEITO;302;20850.11;44420459;69.04009933774834;0.0004693807869027198
250001620765;5170;BENEDITO PEREIRA COSTA JÚNIOR;CORONEL COSTA;SP;PATRIOTA;Patriota;NÃO ELEITO;1226;40000.0;44420459;32.62642740619902;0.0009004859675133028
250001717149;3664;PAULO EDUARDO DE PAULA;PAULO EDUARDO;SP;AGIR;AGIR;NÃO ELEITO;101;0.0;44420459;0.0;0.0
250001717150;3671;RICARDO DE DEUS ANDRADE;RICARDO ANDRADE;SP;AGIR;AGIR;NÃO ELEITO;66;4999.0;44420459;75.74242424242425;0.00011253823378997502
250001717151;3613;RICARDO FASSIO CAVALCANTE CUNHA;RICARDO FÁSSIO;SP;AGIR;AGIR;NÃO ELEITO;673;9971.95;44420459;14.817161961367015;0.00022449002609360703
250001717155;3642;SOLANGE APARECIDA FERREIRA DOS SANTOS;SOLANGE SANTOS;SP;AGIR;AGIR;NÃO ELEITO;152;5000.0;44420459;32.89473684210526;0.00011256074593916285
250001717165;3622;REYNALDO CAMPANATTI PEREIRA;PROF. CAMPANATTI;SP;AGIR;AGIR;NÃO ELEITO;2031;48670.0;44420459;23.96356474643033;0.0010956663009718112
250001717162;3689;MANOEL DOS SANTOS SILVA IRMAO;BIN LADEN GARI;SP;AGIR;AGIR;NÃO ELEITO;230;5000.0;44420459;21.73913043478261;0.00011256074593916285
250001738902;9032;SELMA SANTOS GAMA MARTINS;SELMA GAMA;SP;PROS;Partido Republicano da Ordem Social;NÃO ELEITO;44;0.0;44420459;0.0;0.0
250001739238;9025;ANDRÉA CRISTINA PRADELLA;ANDRÉA PRADELLA;SP;PROS;Partido Republicano da Ordem Social;NÃO ELEITO;26;0.0;44420459;0.0;0.0
250001677868;9006;FÁBIO AUGUSTO PESCINELLI;SARGENTO FABIO KOJAK;SP;PROS;Partido Republicano da Ordem Social;NÃO ELEITO;80;0.0;44420459;0.0;0.0
250001677926;9050;FERNANDA DE ARAÚJO COSTA;FERNANDA RAINHA;SP;PROS;Partido Republicano da Ordem Social;NÃO ELEITO;281;110742.1;44420459;394.1;0.0024930426765738733
250001611960;1153;GEOVANIA DE SOUSA OLIVEIRA QUEIROZ;GEOVANIA QUEIROZ;SP;PP;PROGRESSISTAS;NÃO ELEITO;322;24959.0;44420459;77.51242236024845;0.0005618807315791131
250001612002;1169;PASCOAL SOUZA SILVA;PASCOAL SOUZA SILVA;SP;PP;PROGRESSISTAS;NÃO ELEITO;85;0.0;44420459;0.0;0.0
130001610884;1494;JOÃO EDSON RIBEIRO GIRÃO;EDSON GIRÃO;MG;PTB;Partido Trabalhista Brasileiro;NÃO ELEITO;19;0.0;20538718;0.0;0.0
130001610877;1401;SIMONE APARECIDA DOS PASSOS;SIMONE CABELELEIRA;MG;PTB;Partido Trabalhista Brasileiro;NÃO ELEITO;246;48040.0;20538718;195.28455284552845;0.0023389970104268436
130001610879;1493;VITHOR RODRIGUES DE ARAÚJO;VITHAO;MG;PTB;Partido Trabalhista Brasileiro;NÃO ELEITO;246;25000.0;20538718;101.6260162601626;0.0012172132652096396
130001610885;1421;JOSENI AGANETTI DUARTE;JOSI;MG;PTB;Partido Trabalhista Brasileiro;NÃO ELEITO;694;40003.84;20538718;57.64242074927953;0.0019477281882929595
250001620771;5111;SINVAL MALHEIROS PINTO JUNIOR;DR. SINVAL MALHEIROS;SP;PATRIOTA;Patriota;NÃO ELEITO;21519;266707.39;44420459;12.394042009387054;0.006004156553177445
250001677869;9021;GREICE NAOMI YAMAGUCHI;NAOMI YAMAGUCHI;SP;PROS;Partido Republicano da Ordem Social;NÃO ELEITO;279;199883.4;44420459;716.4279569892473;0.004499804920971213
250001677911;9042;MARIANA CRISTINA PONTES PAPAIZ;MARIANA PAPAIZ;SP;PROS;Partido Republicano da Ordem Social;NÃO ELEITO;10;0.0;44420459;0.0;0.0
250001717138;3699;ANTONIO CARLOS TONINI;TONINHO TONINI;SP;AGIR;AGIR;NÃO ELEITO;568;34912.0;44420459;61.46478873239437;0.0007859441524456107
250001717152;3668;ROBSON DE LIMA;ROBSON LIMA;SP;AGIR;AGIR;NÃO ELEITO;189;5000.0;44420459;26.455026455026456;0.00011256074593916285
250001717170;3606;ADELSON DE SOUZA PENHA;ADELSON DE SOUZA PENHA;SP;AGIR;AGIR;NÃO ELEITO;313;5000.0;44420459;15.97444089456869;0.00011256074593916285
250001620772;5118;MARCELO RODRIGUES JUNIOR;MARCELO RODRIGUES;SP;PATRIOTA;Patriota;NÃO ELEITO;339;60000.0;44420459;176.99115044247787;0.0013507289512699543
250001620775;5103;LUCIANA CUNHA;LUCIANA CUNHA;SP;PATRIOTA;Patriota;NÃO ELEITO;423;19712.05;44420459;46.600591016548464;0.00044376061039801503
250001620734;5104;ELISANGELA VIEIRA FERREIRA;NEGA;SP;PATRIOTA;Patriota;NÃO ELEITO;216;30000.0;44420459;138.88888888888889;0.0006753644756349772
250001620748;5169;WAGNER DONIZETI PEREIRA;GUERREIRO;SP;PATRIOTA;Patriota;NÃO ELEITO;1310;0.0;44420459;0.0;0.0
250001620762;5144;ROGÉRIO COELHO GRAFT;ROGÉRIO GRAFT;SP;PATRIOTA;Patriota;NÃO ELEITO;3729;50011.0;44420459;13.41137034057388;0.0011258550930326947
250001620722;5133;SÉRGIO AUGUSTO SILVA;SERGIO MAGNUM DA FARMÁCIA;SP;PATRIOTA;Patriota;NÃO ELEITO;6201;299023.6;44420459;48.22183518787292;0.006731663893882771
250001620728;5147;JACKSON HENRIQUE DE SOUZA;NEGO JACKSON;SP;PATRIOTA;Patriota;NÃO ELEITO;1080;70000.0;44420459;64.81481481481481;0.00157585044314828
250001620717;5177;FELICIANO NAHIMY FILHO;FELICIANO;SP;PATRIOTA;Patriota;NÃO ELEITO;9049;499128.8;44420459;55.158448447342245;0.011236462009543846
250001677873;9045;LUIS ROSAS JUNIOR;LUIS ROSAS;SP;PROS;Partido Republicano da Ordem Social;NÃO ELEITO;623;29905.6;44420459;48.002568218298556;0.0006732393287516457
250001677887;9096;TASSIO RENAM SOUZA BOTELHO;DR TASSIO RENAM;SP;PROS;Partido Republicano da Ordem Social;NÃO ELEITO;8;0.0;44420459;0.0;0.0
250001677886;9086;SILVANO XAVIER MOURATO;GRAN NEGO;SP;PROS;Partido Republicano da Ordem Social;NÃO ELEITO;182;0.0;44420459;0.0;0.0
250001738898;9000;PABLO HENRIQUE COSTA MARÇAL;PABLO MARÇAL;SP;PROS;Partido Republicano da Ordem Social;NÃO ELEITO;243037;1021888.07;44420459;4.204660483794648;0.02300489668510629
250001725834;9057;ALESSANDRO SOUSA DA SILVA;SANDRO DO PROS;SP;PROS;Partido Republicano da Ordem Social;NÃO ELEITO;496;2000000.0;44420459;4032.2580645161293;0.04502429837566514
250001717803;9046;NILZA MARIA DE JESUS NOGUEIRA;NILZA NOGUEIRA;SP;PROS;Partido Republicano da Ordem Social;NÃO ELEITO;45;0.0;44420459;0.0;0.0
250001613974;3320;PAULO ATAÍDE ARAÚJO DE SOUSA;PAULO ATAÍDE O RASTA;SP;PMN;Partido da Mobilização Nacional;NÃO ELEITO;460;30000.0;44420459;65.21739130434783;0.0006753644756349772
250001613984;3326;YARA DE SOUZA LIMA;YARA LIMA;SP;PMN;Partido da Mobilização Nacional;NÃO ELEITO;93;20000.0;44420459;215.05376344086022;0.0004502429837566514
250001717179;3639;GILBERTO SILVA LIMA;GILBERTO COBRADOR;SP;AGIR;AGIR;NÃO ELEITO;339;5000.0;44420459;14.749262536873156;0.00011256074593916285
250001620738;5127;JORGE HERMES GUIMARÃES;DR JORGE;SP;PATRIOTA;Patriota;NÃO ELEITO;853;0.0;44420459;0.0;0.0
250001620768;5116;REINALDO GUIMARÃES MOTA;REINALDO MOTA;SP;PATRIOTA;Patriota;NÃO ELEITO;619;100000.0;44420459;161.55088852988692;0.002251214918783257
250001677864;9074;ALUISIO LUNDGREN CORREA REGIS;ALUISIO LUNDGREN;SP;PROS;Partido Republicano da Ordem Social;NÃO ELEITO;65;2000.0;44420459;30.76923076923077;4.502429837566514e-05
250001677865;9065;APARECIDO RUBENS DE ANDRADE;APARECIDO RUBENS DE ANDRADE;SP;PROS;Partido Republicano da Ordem Social;NÃO ELEITO;162;20000.0;44420459;123.45679012345678;0.0004502429837566514
250001677867;9015;EMERSON VANCINI;EMERSON DURAN;SP;PROS;Partido Republicano da Ordem Social;NÃO ELEITO;69;0.0;44420459;0.0;0.0
250001694707;3309;ELISANGELA BRITO DO NASCIMENTO;ELIZ BRITO;SP;PMN;Partido da Mobilização Nacional;NÃO ELEITO;140;0.0;44420459;0.0;0.0
250001613971;3325;MARIA ELISANGELA DE ARAÚJO;MARIA ELIZANGELA ZANZA;SP;PMN;Partido da Mobilização Nacional;NÃO ELEITO;366;0.0;44420459;0.0;0.0
250001613981;3318;SOLANGE DE SOUZA;SOL SOUZA;SP;PMN;Partido da Mobilização Nacional;NÃO ELEITO;104;19966.0;44420459;191.98076923076923;0.0004494775706842651
250001717169;3636;CARLOS ROBERTO DE ALMEIDA;CARLOS ROBERTO;SP;AGIR;AGIR;NÃO ELEITO;4660;1554166.5;44420459;333.5121244635193;0.03498762811073159
250001717192;3603;LEONILDE RUFINO DE SENA HINA;LEONILDE SENA HINA;SP;AGIR;AGIR;NÃO ELEITO;576;0.0;44420459;0.0;0.0
250001717133;3625;EDVALDO RANZANI CARLOS;EDVALDO RANZANI;SP;AGIR;AGIR;NÃO ELEITO;216;8044.4;44420459;37.242592592592594;0.00018109673292660033
250001717171;3644;ELIANE CRISTINA GANZAROLI DA SILVA;LIA GANZAROLLI;SP;AGIR;AGIR;NÃO ELEITO;321;12000.0;44420459;37.38317757009346;0.00027014579025399084
250001717182;3681;JENNIFER ADRIELI CERQUEIRA LEITE LOPES;JENNIFER LOPES;SP;AGIR;AGIR;NÃO ELEITO;183;5000.0;44420459;27.3224043715847;0.00011256074593916285
250001717125;3669;EDER SOLDERA BORGHETTI;EDER SOLDERA;SP;AGIR;AGIR;NÃO ELEITO;878;30000.0;44420459;34.16856492027335;0.0006753644756349772
250001717173;3650;ALLAN SERGIO NASCIMENTO;ALLAN CARTEIRO;SP;AGIR;AGIR;NÃO ELEITO;187;0.0;44420459;0.0;0.0
250001717164;3685;MARCOS DE BARROS GABRIEL;MARCOS GABRIEL;SP;AGIR;AGIR;NÃO ELEITO;201;5000.0;44420459;24.875621890547265;0.00011256074593916285
250001717126;3614;ELIANA OLIVEIRA DE LIMA;ELIANA LIMA;SP;AGIR;AGIR;NÃO ELEITO;169;25000.0;44420459;147.92899408284023;0.0005628037296958143
250001717137;3656;RENE ROSA;RENE DO RAP;SP;AGIR;AGIR;NÃO ELEITO;608;10258.85;44420459;16.873108552631578;0.00023094876169559616
250001613938;3376;AIRTON RODRIGUES DE OLIVEIRA;RODRIGUES;SP;PMN;Partido da Mobilização Nacional;NÃO ELEITO;53;0.0;44420459;0.0;0.0
130001610880;1405;IRENE PEREIRA DE SANTANA;IRENE SANTANA;MG;PTB;Partido Trabalhista Brasileiro;NÃO ELEITO;249;60000.0;20538718;240.96385542168676;0.002921311836503135
130001610881;1440;JUSSARA DE FÁTIMA SILVA;JUSSARA DE FÁTIMA;MG;PTB;Partido Trabalhista Brasileiro;NÃO ELEITO;157;20300.0;20538718;129.29936305732485;0.0009883771713502273
250001620758;5132;AMANDA SANTOS DA SILVA;AMANDA SANTOS;SP;PATRIOTA;Patriota;NÃO ELEITO;319;39991.0;44420459;125.36363636363636;0.0009002833581706123
250001620769;5105;CARLOS ANTONIO FERREIRA DOS SANTOS;CARLÃO DA PROTEÇÃO;SP;PATRIOTA;Patriota;NÃO ELEITO;698;50000.0;44420459;71.63323782234957;0.0011256074593916285
250001620707;5115;JESSICA VILOCANIA SEVERINO;JESSICA VILOCANIA;SP;PATRIOTA;Patriota;NÃO ELEITO;1168;149982.47999999998;44420459;128.40965753424655;0.0033764279653211143
250001620711;5188;JOSÉ ROBERTO DE CASTRO;CORONEL CASTRO;SP;PATRIOTA;Patriota;NÃO ELEITO;3157;371950.0;44420459;117.81754830535318;0.008373393890414325
250001620749;5107;VALDIR ANTONIO MASSUCATO;MASSUCATO;SP;PATRIOTA;Patriota;NÃO ELEITO;8046;366241.85;44420459;45.51849987571464;0.008244891166027798
250001717187;3635;JOSE MANOEL DE LIRA FILHO;DUDA;SP;AGIR;AGIR;NÃO ELEITO;282;5000.0;44420459;17.73049645390071;0.00011256074593916285
250001717153;3672;SEVERINO DE OLIVEIRA MELO;BILLA MUDANÇAS;SP;AGIR;AGIR;NÃO ELEITO;148;5000.0;44420459;33.78378378378378;0.00011256074593916285
250001717175;3602;ADEMIR RODRIGO DA LUZ;RODRIGÃO DOS TRAVESSOS;SP;AGIR;AGIR;NÃO ELEITO;634;31150.96;44420459;49.13400630914826;0.0007012750588642049
250001717191;3677;KELLY PIRES FREITAS;KELLY FREYMANN;SP;AGIR;AGIR;NÃO ELEITO;131;9934.0;44420459;75.83206106870229;0.00022363569003192875
250001717132;3666;DENILCE JOSEFINA NICOLA;DENILCE NICOLA;SP;AGIR;AGIR;NÃO ELEITO;580;10000.0;44420459;17.24137931034483;0.0002251214918783257
250001717142;3683;MARIA PAULA MILLEN BARCELLOS;DRA MA PAULA GINECOLOGISTA;SP;AGIR;AGIR;NÃO ELEITO;1101;9980.0;44420459;9.064486830154404;0.00022467124889456906
250001613944;3351;DARLEY JEAN ALBUQUERQUE BARBOSA;JEAN BARBOSA;SP;PMN;Partido da Mobilização Nacional;NÃO ELEITO;23;0.0;44420459;0.0;0.0
250001613950;3377;ELIZANGELA MOREIRA SOARES DE SOUZA;ELY GARI;SP;PMN;Partido da Mobilização Nacional;NÃO ELEITO;233;34934.0;44420459;149.931330472103;0.000786439419727743
250001613954;3337;FRANCIELLE LUZIA DE SOUZA DURAN;FRAN DURAN;SP;PMN;Partido da Mobilização Nacional;NÃO ELEITO;84;19950.0;44420459;237.5;0.0004491173762972598
250001620753;5199;CAMILA GARCIA;KAMILA GARCIA;SP;PATRIOTA;Patriota;NÃO ELEITO;2041;210943.05;44420459;103.35279274865262;0.004748781411736425
250001620755;5167;MARCIA VALERIA MARQUES LOPES SAQUETO;MARCIA VALERIA;SP;PATRIOTA;Patriota;NÃO ELEITO;147;20000.0;44420459;136.05442176870747;0.0004502429837566514
250001620766;5108;EDVALDO DE OLIVEIRA PAULA;CASTELO ALEMÃO;SP;PATRIOTA;Patriota;NÃO ELEITO;1133;670.0;44420459;0.5913503971756399;1.5083139955847822e-05
250001717128;3609;FABIO DE VASCONCELOS LIMA;FABIO LIMA;SP;AGIR;AGIR;NÃO ELEITO;163;5000.0;44420459;30.67484662576687;0.00011256074593916285
250001717130;3667;ROMULO APARECIDO SENNA DE SOUZA;PROF. ROMULO SENNA;SP;AGIR;AGIR;NÃO ELEITO;1309;0.0;44420459;0.0;0.0
250001620708;5125;EDUARDO VALERIANO DOS SANTOS;EDUARDO SANTOS;SP;PATRIOTA;Patriota;NÃO ELEITO;678;150.0;44420459;0.22123893805309736;3.3768223781748857e-06
130001610871;1485;JANAINA NERES NUNES;JANAINA BOLACHINHA;MG;PTB;Partido Trabalhista Brasileiro;NÃO ELEITO;135;40000.0;20538718;296.2962962962963;0.0019475412243354234
250001717161;3674;DAGMAR PEREIRA DE SOUZA MOITINHO DE LIMA CRUZ;PASTORA DAGMAR;SP;AGIR;AGIR;NÃO ELEITO;333;0.0;44420459;0.0;0.0
250001677901;9098;ELISANGELA CLENILDA NOBREGA;ELLIS NOBREGA;SP;PROS;Partido Republicano da Ordem Social;NÃO ELEITO;376;6450.0;44420459;17.154255319148938;0.00014520336226152007
250001613972;3365;MIGUEL GOMES FERNANDES;MIGUEL GOMES;SP;PMN;Partido da Mobilização Nacional;NÃO ELEITO;301;30000.0;44420459;99.66777408637874;0.0006753644756349772
250001613975;3344;PAULO ROBERTO DE ABREU;PAULO ABREU;SP;PMN;Partido da Mobilização Nacional;NÃO ELEITO;505;0.0;44420459;0.0;0.0
250001613945;3345;EDINALDO ANTÔNIO DO CARMO;EDINALDO DO CARMO;SP;PMN;Partido da Mobilização Nacional;NÃO ELEITO;630;29985.0;44420459;47.595238095238095;0.0006750267933971596
250001677902;9037;GERALNICE ALVES TEIXEIRA;DRA NICE MENDES;SP;PROS;Partido Republicano da Ordem Social;NÃO ELEITO;70;0.0;44420459;0.0;0.0
250001717123;3680;CARLOS ALBERTO CANTELLI;CARLINHOS CANTELLI;SP;AGIR;AGIR;NÃO ELEITO;723;50000.0;44420459;69.15629322268326;0.0011256074593916285
250001717124;3620;CLAUDIO SIDNEI RIBEIRO;CLAUDIO PARANHOS;SP;AGIR;AGIR;NÃO ELEITO;632;29990.64;44420459;47.453544303797464;0.000675153761918579
250001717127;3665;EMERSON VIRGILIO VENANCIO;VENÂNCIO;SP;AGIR;AGIR;NÃO ELEITO;620;0.0;44420459;0.0;0.0
250001717135;3670;NATANAEL RODRIGUES DE PAULA;NATANAEL DE PAULO;SP;AGIR;AGIR;NÃO ELEITO;132;5000.0;44420459;37.878787878787875;0.00011256074593916285
250001613949;3314;ELIVALDO NOGUEIRA CHAVES;ELIVALDO NOGUEIRA;SP;PMN;Partido da Mobilização Nacional;NÃO ELEITO;1128;0.0;44420459;0.0;0.0
250001613939;3357;AMARO MACHADO SOARES NETO;PASTOR AMARO;SP;PMN;Partido da Mobilização Nacional;NÃO ELEITO;88;25000.0;44420459;284.09090909090907;0.0005628037296958143
250001717139;3678;SAULO GOES DE ALBUQUERQUE;SAULO GOES;SP;AGIR;AGIR;NÃO ELEITO;1420;0.0;44420459;0.0;0.0
250001677905;9004;NEUSA ANTONIA PERINO;NEUSINHA PERINO;SP;PROS;Partido Republicano da Ordem Social;NÃO ELEITO;417;348236.86;44420459;835.1003836930455;0.007839560145022365
250001677906;9001;ANTONIO CARLOS MARCIANO;MARCIANO;SP;PROS;Partido Republicano da Ordem Social;NÃO ELEITO;547;50000.0;44420459;91.40767824497257;0.0011256074593916285
250001677907;9051;MARCO ANTONIO FONTEBASSO;MARCO FONTEBASSO;SP;PROS;Partido Republicano da Ordem Social;NÃO ELEITO;234;4400.0;44420459;18.803418803418804;9.90534564264633e-05
250001677908;9070;DANIEL BELCHIOR SANTANA;DANIEL BELCHIOR SANTANA;SP;PROS;Partido Republicano da Ordem Social;NÃO ELEITO;76;49808.45;44420459;655.3743421052632;0.0011212952572146992
250001677910;9090;EDJANE LIMA DE AZEVEDO;POLICIAL EDJANE;SP;PROS;Partido Republicano da Ordem Social;NÃO ELEITO;1116;250000.0;44420459;224.01433691756273;0.005628037296958143
250001613953;3343;FLÁVIO DOS SANTOS ALECRIM;FLÁVIO ALECRIM;SP;PMN;Partido da Mobilização Nacional;NÃO ELEITO;279;30000.0;44420459;107.52688172043011;0.0006753644756349772
250001613968;3374;JOSÉ VASCONCELO VIANA;JOSÉ DO EGITO;SP;PMN;Partido da Mobilização Nacional;NÃO ELEITO;80;25000.0;44420459;312.5;0.0005628037296958143
250001620706;5151;ERICA CRISTINA ROCHA GORGA;ÉRICA GORGA;SP;PATRIOTA;Patriota;NÃO ELEITO;12538;757565.4;44420459;60.42155048652098;0.017054425304340058
250001620721;5121;TIOKI OGUSUKA;DR TIOKI OGUSUKA;SP;PATRIOTA;Patriota;NÃO ELEITO;3105;99991.45;44420459;32.2033655394525;0.002251022439907701
250001717140;3653;CARLOS HENRIQUE DARDE;CARLOS DARDÉ;SP;AGIR;AGIR;NÃO ELEITO;142;5000.0;44420459;35.2112676056338;0.00011256074593916285
250001717143;3624;LUCIANE SANDRA CAMBUIM;PROF. LUCIANE CAMBUIM;SP;AGIR;AGIR;NÃO ELEITO;339;5950.0;44420459;17.551622418879056;0.0001339472876676038
250001717145;3615;LUIZ CARLOS RAMOS ARRUDA DA SILVA;LUIZ MELADINHO;SP;AGIR;AGIR;NÃO ELEITO;207;9980.0;44420459;48.21256038647343;0.00022467124889456906
250001717146;3697;MARIA MIRTES LOPES DA SILVA CAMELO;MIRTES LOPES;SP;AGIR;AGIR;NÃO ELEITO;126;5000.0;44420459;39.682539682539684;0.00011256074593916285
250001717147;3688;MARIO JOSE DE SOUZA;MARIO LOPES;SP;AGIR;AGIR;NÃO ELEITO;329;5000.0;44420459;15.19756838905775;0.00011256074593916285
250001717148;3610;MOACIR RODRIGUES FERNANDES;MOACYR FERNANDES;SP;AGIR;AGIR;NÃO ELEITO;289;10000.0;44420459;34.602076124567475;0.0002251214918783257
250001677912;9017;MIRANICE DOS SANTOS BARRETO;MIRAH BARRETO;SP;PROS;Partido Republicano da Ordem Social;NÃO ELEITO;65;0.0;44420459;0.0;0.0
250001677913;9058;WILSON JOÃO DA TRINDADE;WILSON TRINDADE;SP;PROS;Partido Republicano da Ordem Social;NÃO ELEITO;134;0.0;44420459;0.0;0.0
250001677914;9007;MATHEUS GARCIA MOREIRA;MATHEUS GARCIA;SP;PROS;Partido Republicano da Ordem Social;NÃO ELEITO;210;3462.8;44420459;16.48952380952381;7.795507020762663e-05
250001677915;9031;RICARDO PEREIRA DO CARMO;RICARDO;SP;PROS;Partido Republicano da Ordem Social;NÃO ELEITO;127;111000.0;44420459;874.0157480314961;0.0024988485598494152
250001677916;9039;ROSNAY LUCAS BERNARDES;NAY BERNARDES;SP;PROS;Partido Republicano da Ordem Social;NÃO ELEITO;35;0.0;44420459;0.0;0.0
250001677917;9080;MARCELO FABIÁN MERCAU FILHO;MARCELO MERCAU;SP;PROS;Partido Republicano da Ordem Social;NÃO ELEITO;658;20000.0;44420459;30.3951367781155;0.0004502429837566514
250001677918;9028;MARCELO ROBERTO PAOLILLO MARTINS;PAOLILLO;SP;PROS;Partido Republicano da Ordem Social;NÃO ELEITO;110;30222.38;44420459;274.7489090909091;0.0006803707273713674
250001677919;9077;ODIMAR BARRETO DOS SANTOS;MAJOR BARRETO;SP;PROS;Partido Republicano da Ordem Social;NÃO ELEITO;903;299927.0;44420459;332.1450719822813;0.006752001369459059
250001677920;9088;EDIMARCOS FERREIRA DA SILVA;EDIMARCO SILVA;SP;PROS;Partido Republicano da Ordem Social;NÃO ELEITO;232;2661.5;44420459;11.47198275862069;5.991608506341639e-05
250001677921;9023;ERICO ROMÃO DE VILLALBA ALVIM;DR ALVIM;SP;PROS;Partido Republicano da Ordem Social;NÃO ELEITO;54;30000.0;44420459;555.5555555555555;0.0006753644756349772
250001677922;9034;ANDERSON LUIZ BIANCHINI;ANDERSON BIANCHINI;SP;PROS;Partido Republicano da Ordem Social;NÃO ELEITO;69;20000.0;44420459;289.8550724637681;0.0004502429837566514
250001677923;9011;ANTONIO DONIZETE LIMA DE ALENCAR;TONINHO DA MARIFLEX;SP;PROS;Partido Republicano da Ordem Social;NÃO ELEITO;775;67937.0;44420459;87.66064516129032;0.0015294078793737812
250001677924;9055;DURVAL LOPES ORLATO;DURVAL ORLATO;SP;PROS;Partido Republicano da Ordem Social;NÃO ELEITO;6331;810000.0;44420459;127.94187332175012;0.01823484084214438
250001677927;9099;HOMERO DE GIORGE CERQUEIRA;CORONEL HOMERO;SP;PROS;Partido Republicano da Ordem Social;NÃO ELEITO;893;749962.95;44420459;839.8241321388577;0.016883277815747017
250001620747;5191;RAFAEL CARLOS LABIAPARI GOMES;RAFAEL LABIAPARI;SP;PATRIOTA;Patriota;NÃO ELEITO;536;20000.0;44420459;37.3134328358209;0.0004502429837566514
250001620719;5190;LUIZ DE ALBUQUERQUE FERREIRA;TENENTE ALBUQUERQUE BUKA;SP;PATRIOTA;Patriota;NÃO ELEITO;1001;100000.0;44420459;99.9000999000999;0.002251214918783257
250001717131;3647;DEBORAH SOARES RESEK;DEBORAH RESEK MISSIONÁRIA;SP;AGIR;AGIR;NÃO ELEITO;43;5000.0;44420459;116.27906976744185;0.00011256074593916285
250001717144;3659;LUCIANO UBIRAJARA NASSAR;LUCIANO NASSAR;SP;AGIR;AGIR;NÃO ELEITO;69;2000.0;44420459;28.985507246376812;4.502429837566514e-05
250001620739;5142;FERNANDO CHIARELLI;FERNANDO CHIARELLI;SP;PATRIOTA;Patriota;NÃO ELEITO;3373;199878.41;44420459;59.25834865105248;0.004499692585346765
250001738899;9027;FATIMA APARECIDA SANTOS DE SOUZA;FÁTIMA PÉROLA NEGGRA;SP;PROS;Partido Republicano da Ordem Social;NÃO ELEITO;699;0.0;44420459;0.0;0.0
250001717134;3604;GERALDO RODRIGUES GUILHERME;GERALDO RODRIGUES;SP;AGIR;AGIR;NÃO ELEITO;131;5000.0;44420459;38.16793893129771;0.00011256074593916285
70001607814;3345;MARIA ROSA RODRIGUES MARINO CRUZEIRO;MARIA ROSA MARINO;DF;PMN;Partido da Mobilização Nacional;NÃO ELEITO;1172;7096.589999999999;2817068;6.055110921501706;0.0025191404680327202
70001612049;3313;JOÃO LIMA FILHO;PROFESSOR JOÃO;DF;PMN;Partido da Mobilização Nacional;NÃO ELEITO;428;598757.15;2817068;1398.9653037383177;0.2125462182666517
70001607812;3361;CLEUSA SOUZA VASCONCELOS;CLEUSA VASCONCELOS;DF;PMN;Partido da Mobilização Nacional;NÃO ELEITO;174;5000.0;2817068;28.735632183908045;0.0017748950327077656
70001607813;3322;TÁCIO ROGÉRIO ALLAN PONTES;TÁCIO ROGÉRIO DOS ANIMAIS;DF;PMN;Partido da Mobilização Nacional;NÃO ELEITO;926;0.0;2817068;0.0;0.0
70001726492;3310;MONICA VITORIA DOS SANTOS DA COSTA;SARGENTO MONICA VITORIA;DF;PMN;Partido da Mobilização Nacional;NÃO ELEITO;779;99984.6;2817068;128.34993581514763;0.03549243397745457
70001648461;3300;FRANCISCO PEREIRA DE SOUSA;D SOUSA;DF;PMN;Partido da Mobilização Nacional;NÃO ELEITO;1268;0.0;2817068;0.0;0.0
190001714795;2728;ELIEL DE SOUZA DO ROSÁRIO;ELIEL TREZEDECK;RJ;DC;Democracia Cristã;NÃO ELEITO;425;4000.0;16054524;9.411764705882353;0.0002491509558302694
190001714823;2763;RAIZA MARINS DE OLIVEIRA;RAIZA MARINS;RJ;DC;Democracia Cristã;NÃO ELEITO;24;3916.0;16054524;163.16666666666666;0.00024391878575783375
190001714790;2755;CLAUDIO NASCIMENTO;CLAUDINHO DO SOM;RJ;DC;Democracia Cristã;NÃO ELEITO;1395;4224.2;16054524;3.028100358422939;0.00026311586690455597
190001714793;2758;CLAUDIO FELIPE DE SÁ;DE SÁ;RJ;DC;Democracia Cristã;NÃO ELEITO;35;0.0;16054524;0.0;0.0
190001714802;2714;MARCOS RODRIGUES DA SILVA;MARCOS FORÇA BRASIL;RJ;DC;Democracia Cristã;NÃO ELEITO;713;0.0;16054524;0.0;0.0
190001714784;2730;ANDERSON FRANCISCO PERCILIANO AMORIM;ANDERSON AMORIM;RJ;DC;Democracia Cristã;NÃO ELEITO;214;4000.0;16054524;18.69158878504673;0.0002491509558302694
190001729178;2708;DIVA MARIA DIAS VALENTINI ROZENDO;DRA DIVA VALENTINI;RJ;DC;Democracia Cristã;NÃO ELEITO;118;12500.0;16054524;105.9322033898305;0.0007785967369695919
190001714814;2751;LUIS CLAUDIO RIBEIRO DE ARAUJO;LECA DA BICICLETA;RJ;DC;Democracia Cristã;NÃO ELEITO;371;4000.0;16054524;10.78167115902965;0.0002491509558302694
190001714791;2765;ANA KATIUSCIA DA SILVA OLIVEIRA;KÁTIA;RJ;DC;Democracia Cristã;NÃO ELEITO;120;10000.0;16054524;83.33333333333333;0.0006228773895756735
190001714821;2742;MÁRCIO VILARÓ SOUTO;DR MÁRCIO VILARÓ;RJ;DC;Democracia Cristã;NÃO ELEITO;617;0.0;16054524;0.0;0.0
190001714783;2757;ALEXANDRE PAES QUIRINO;QUIRINO;RJ;DC;Democracia Cristã;NÃO ELEITO;438;0.0;16054524;0.0;0.0
190001714803;2774;COSME DA SILVEIRA LOURENÇO;COSME DA SILVEIRA;RJ;DC;Democracia Cristã;NÃO ELEITO;108;0.0;16054524;0.0;0.0
190001714792;2715;CHEILA MOREIRA MACHADO ALVES;CHEILINHA;RJ;DC;Democracia Cristã;NÃO ELEITO;68;25000.0;16054524;367.6470588235294;0.0015571934739391838
190001714786;2725;CELSO CAETANO DE MIRANDA;CELSO CAMPISTA;RJ;DC;Democracia Cristã;NÃO ELEITO;407;1400.0;16054524;3.43980343980344;8.720283454059429e-05
190001714816;2700;LUCIANA NERI DA SILVA;LUCIANA NERY;RJ;DC;Democracia Cristã;NÃO ELEITO;371;7000.0;16054524;18.867924528301888;0.0004360141727029715
190001729179;2792;JORGINA SOUZA DA CONCEIÇÃO;JORGINA;RJ;DC;Democracia Cristã;NÃO ELEITO;11;0.0;16054524;0.0;0.0
190001714804;2785;FILIPE MENDES SANTOS;FILIPE MENDES;RJ;DC;Democracia Cristã;NÃO ELEITO;86;0.0;16054524;0.0;0.0
190001714805;2711;GILVANIO OLIVEIRA DA SILVA;MARADONA DE BANGU;RJ;DC;Democracia Cristã;NÃO ELEITO;650;5782.2;16054524;8.895692307692308;0.00036016016420044593
190001714818;2797;MARCELO DE SOUZA;PASTOR MARCELO PURI;RJ;DC;Democracia Cristã;NÃO ELEITO;1350;0.0;16054524;0.0;0.0
190001714785;2736;CARLOS ESEQUIEL SILVA DOS SANTOS;CARLOS PERRÉTO;RJ;DC;Democracia Cristã;NÃO ELEITO;1177;0.0;16054524;0.0;0.0
190001714800;2712;JORGE MURILO RODRIGUES DE MORAES;MURILO MORAES;RJ;DC;Democracia Cristã;NÃO ELEITO;759;0.0;16054524;0.0;0.0
130001613232;4066;FRANCISCO EDUARDO DE CARVALHO CÂMPERA;FRANCISCO CÂMPERA;MG;PSB;Partido Socialista Brasileiro;NÃO ELEITO;234;25000.13;20538718;106.83816239316239;0.0012172195947186188
130001613234;4024;LUCAS DE ASSIS COSTA;LUCÃO;MG;PSB;Partido Socialista Brasileiro;NÃO ELEITO;744;20000.21;20538718;26.88200268817204;0.0009737808367591395
130001613235;4068;JOSE SANTIL AGRIPINO;JOSE SANTIL AGRIPINO;MG;PSB;Partido Socialista Brasileiro;NÃO ELEITO;503;34867.8;20538718;69.31968190854872;0.0016976619475470671
130001613203;4001;RONALDO MACIEL;RONALDO MACIEL;MG;PSB;Partido Socialista Brasileiro;NÃO ELEITO;111;30000.0;20538718;270.27027027027026;0.0014606559182515676
130001613243;4023;CLAUDIO MARZO PARREIRAS SILVA;CLAUDIO PARREIRAS;MG;PSB;Partido Socialista Brasileiro;NÃO ELEITO;1180;38700.0;20538718;32.79661016949152;0.0018842461345445222
130001613242;4051;NEWTON MAHMED CHAIN LAUAR;NEWTON MINEIRO;MG;PSB;Partido Socialista Brasileiro;NÃO ELEITO;206;14006.3;20538718;67.99174757281553;0.000681946166260231
130001613207;4035;ANA APARECIDA PIRES;ANA PIRES PROFESSORA;MG;PSB;Partido Socialista Brasileiro;NÃO ELEITO;345;0.0;20538718;0.0;0.0
130001613214;4022;ANTONIO GERALDO CAMPOS DE JESUS;ANTÔNIO CAMPOS;MG;PSB;Partido Socialista Brasileiro;NÃO ELEITO;803;37100.020000000004;20538718;46.201768368617685;0.0018063454593417177
130001738661;4016;NILSON MARTINS MONTEIRO;NILSON DO COGUMELO;MG;PSB;Partido Socialista Brasileiro;NÃO ELEITO;60;0.0;20538718;0.0;0.0
130001613238;4041;REGINA SILVA MOREIRA DE FARIA;REGINA PROFESSORA;MG;PSB;Partido Socialista Brasileiro;NÃO ELEITO;264;118879.05;20538718;450.2994318181818;0.005788046264620801
130001613204;4013;MARDELENE CEZAR RODRIGUES DE JESUS;MARDELENE CEZAR;MG;PSB;Partido Socialista Brasileiro;NÃO ELEITO;986;200343.58000000002;20538718;203.18821501014202;0.009754434527023547
130001613228;4069;CARLOS ROBERTO CARRARO;CARLOS CARRARO;MG;PSB;Partido Socialista Brasileiro;NÃO ELEITO;581;49829.7;20538718;85.76540447504303;0.0024261348736566712
70001607810;3333;ADERIVALDO MARTINS CARDOSO;ADERIVALDO CARDOSO;DF;PMN;Partido da Mobilização Nacional;NÃO ELEITO;1455;22094.23;2817068;15.185037800687285;0.00784298781570058
70001607815;3326;NIVALDO DE OLIVEIRA;PROFESSOR NIVALDO;DF;PMN;Partido da Mobilização Nacional;NÃO ELEITO;431;0.0;2817068;0.0;0.0
70001607811;3377;ANA ELIZA CAMARGO CHACEL;ANA CHACEL;DF;PMN;Partido da Mobilização Nacional;NÃO ELEITO;160;4900.0;2817068;30.625;0.0017393971320536104
190001714811;2727;SANDRO CARLO ALVES;SANDRO WOLVERINE;RJ;DC;Democracia Cristã;NÃO ELEITO;367;0.0;16054524;0.0;0.0
190001714824;2759;SIMONE SILVA DE CARVALHO AZEREDO;SIMONE SILVA;RJ;DC;Democracia Cristã;NÃO ELEITO;1;0.0;16054524;0.0;0.0
190001714810;2717;ROSILENE PADILHA DOS SANTOS DO NASCIMENTO;ROSI NASCIMENTO;RJ;DC;Democracia Cristã;NÃO ELEITO;158;7000.0;16054524;44.30379746835443;0.0004360141727029715
190001714797;2710;GLAIDSON ACÁCIO DOS SANTOS;GLAIDSON ACÁCIO;RJ;DC;Democracia Cristã;NÃO ELEITO;37935;28587.8;16054524;0.7535995782259127;0.0017806694237711437
190001714787;2707;ALEMAR GOIS SERRA;DOM SERRA;RJ;DC;Democracia Cristã;NÃO ELEITO;222;0.0;16054524;0.0;0.0
190001714788;2752;ANTONIO ARLINDO DO NASCIMENTO;CHAROPINHO 22;RJ;DC;Democracia Cristã;NÃO ELEITO;429;0.0;16054524;0.0;0.0
190001714820;2773;MARCIO MONTENEGRO TESCH;MARCIO MONTENEGRO;RJ;DC;Democracia Cristã;NÃO ELEITO;11;0.0;16054524;0.0;0.0
190001714799;2782;JEAN CARLOS FREITAS;JEAN CARLOS INSTRUTOR;RJ;DC;Democracia Cristã;NÃO ELEITO;358;0.0;16054524;0.0;0.0
190001714825;2739;SONIA FELIX DA CRUZ DE JESUS MELO;PROFESSORA SÔNIA;RJ;DC;Democracia Cristã;NÃO ELEITO;187;7000.0;16054524;37.4331550802139;0.0004360141727029715
190001714801;2731;JURANDIR JACINTHO DE SOUZA;JURANDIR SOUZA;RJ;DC;Democracia Cristã;NÃO ELEITO;373;0.0;16054524;0.0;0.0
190001714809;2791;RONALD DE LIMA MIRANDA;RONALD MIRANDA;RJ;DC;Democracia Cristã;NÃO ELEITO;89;0.0;16054524;0.0;0.0
190001714796;2747;FABIO ROBERTO ARAÚJO ROMOLI;FÁBIO MANAUS;RJ;DC;Democracia Cristã;NÃO ELEITO;897;0.0;16054524;0.0;0.0
190001714812;2788;THAYNÁ CHRISTINE DOS SANTOS GOULART;THAYNÁ GOULART;RJ;DC;Democracia Cristã;NÃO ELEITO;132;4000.0;16054524;30.303030303030305;0.0002491509558302694
130001613217;4040;JORGE BATISTA BENTO DA PAZ;JORGINHO;MG;PSB;Partido Socialista Brasileiro;NÃO ELEITO;6255;118000.19;20538718;18.864938449240608;0.005745255862610315
130001613226;4088;CARLOS ALBERTO COELHO;ROBERTO BIN LADEM;MG;PSB;Partido Socialista Brasileiro;NÃO ELEITO;388;15000.03;20538718;38.65987113402062;0.0007303294197817021
130001613229;4011;ROMILSON LIBERATO DA SILVA;ROMILSON;MG;PSB;Partido Socialista Brasileiro;NÃO ELEITO;503;15000.0;20538718;29.821073558648113;0.0007303279591257838
130001613231;4050;JACOB ESTEVAM DE OLIVEIRA;JACOB ESTEVAM;MG;PSB;Partido Socialista Brasileiro;NÃO ELEITO;1953;369798.83;20538718;189.34911930363543;0.018004961653400178
130001613236;4077;PAULO ROGERIO DA SILVA SANTOS;PAULO ROGERIO;MG;PSB;Partido Socialista Brasileiro;NÃO ELEITO;286;14900.35;20538718;52.099125874125875;0.0007254761470506582
130001613239;4067;IRACEMA DOS SANTOS FERREIRA LAGES;IRMÃ IRACEMA;MG;PSB;Partido Socialista Brasileiro;NÃO ELEITO;648;30000.0;20538718;46.2962962962963;0.0014606559182515676
190001714817;2732;LUIS ANTONIO PEREIRA DA SILVA;LUIS SANTA CRUZ;RJ;DC;Democracia Cristã;NÃO ELEITO;584;0.0;16054524;0.0;0.0
190001714822;2799;MARIA LUIZA PEREIRA RODRIGUES GOMES;PSICÓLOGA MARIA LUIZA;RJ;DC;Democracia Cristã;NÃO ELEITO;151;4000.0;16054524;26.490066225165563;0.0002491509558302694
190001714819;2723;MARCIA HELENA RIBEIRO DE AZEVEDO;MARCIA HELENA;RJ;DC;Democracia Cristã;NÃO ELEITO;78;3900.0;16054524;50.0;0.00024292218193451266
190001714815;2756;JOSIANE SILVESTRE;JOSIANE CONFEITEIRA;RJ;DC;Democracia Cristã;NÃO ELEITO;102;7000.0;16054524;68.62745098039215;0.0004360141727029715
190001714807;2716;MARIA JOSÉ RIBEIRO;MARIA JOSÉ;RJ;DC;Democracia Cristã;NÃO ELEITO;69;7000.0;16054524;101.44927536231884;0.0004360141727029715
190001714808;2722;REINALDO DE ALMEIDA;REINALDO DE ALMEIDA;RJ;DC;Democracia Cristã;NÃO ELEITO;837;6000.0;16054524;7.168458781362007;0.0003737264337454041
190001714794;2720;DELANEY MACHADO DA CUNHA;DELANEY;RJ;DC;Democracia Cristã;NÃO ELEITO;435;48.0;16054524;0.1103448275862069;2.989811469963233e-06
240001679961;7766;MARIZANE FERNANDES RIBEIRO;PAULA MARIZANE;SC;SOLIDARIEDADE;Solidariedade;NÃO ELEITO;39;29988.7;7609601;768.9410256410257;0.003940903077572661
240001679963;7770;ARNALDO THOMAZ ALMEIDA LOVATEL;ARNALDO LOVATEL;SC;SOLIDARIEDADE;Solidariedade;NÃO ELEITO;29;0.0;7609601;0.0;0.0
240001647323;7788;JOSCELITO NOVAIS DA CRUZ;POLICIAL NOVAIS;SC;SOLIDARIEDADE;Solidariedade;NÃO ELEITO;1134;57000.0;7609601;50.264550264550266;0.0074905372830980236
240001647331;7713;SUELLEN DAYANE RAMOS;DAY;SC;SOLIDARIEDADE;Solidariedade;NÃO ELEITO;38;0.0;7609601;0.0;0.0
240001647335;7778;ABEL BICHESKI;BELLO;SC;SOLIDARIEDADE;Solidariedade;NÃO ELEITO;647;39998.0;7609601;61.820710973724886;0.005256254565778153
190001714813;2777;JOSÉ JALMIR DE MEDEIROS;ZICO PQD;RJ;DC;Democracia Cristã;NÃO ELEITO;758;0.0;16054524;0.0;0.0
190001714806;2762;MARCUS DE FREITAS TAVARES;MARQUINHOS TAVARES;RJ;DC;Democracia Cristã;NÃO ELEITO;789;5100.0;16054524;6.4638783269961975;0.0003176674686835935
190001714789;2761;SILAS SILVA DE OLIVEIRA;SILAS SILVA DE OLIVEIRA;RJ;DC;Democracia Cristã;NÃO ELEITO;62;0.0;16054524;0.0;0.0
40001618904;3333;SEVERINO GERMANO DA SILVA;SUB OFICIAL GERMANO;AM;PMN;Partido da Mobilização Nacional;NÃO ELEITO;730;0.0;3941175;0.0;0.0
40001618907;3344;TATIANE SANTOS DE OLIVEIRA;THATY BARONE;AM;PMN;Partido da Mobilização Nacional;NÃO ELEITO;113;60032.0;3941175;531.2566371681415;0.01523200568358421
40001618906;3377;PERICLES DE SOUZA ARAUJO;TENENTE PERICLES;AM;PMN;Partido da Mobilização Nacional;NÃO ELEITO;840;10000.0;3941175;11.904761904761905;0.0025373143795949177
40001618909;3311;MARILENE ALVES DE OLIVEIRA;MARY ALVES;AM;PMN;Partido da Mobilização Nacional;NÃO ELEITO;577;94351.0;3941175;163.51993067590988;0.02393981490291601
40001618905;3345;MARIO FERNANDO NOGUEIRA CARDOSO;MAJOR FERNANDO NOGUEIRA;AM;PMN;Partido da Mobilização Nacional;NÃO ELEITO;127;0.0;3941175;0.0;0.0
40001618901;3331;JOSE LUIZ VIANA BENEVIDES;JOSE BENEVIDES;AM;PMN;Partido da Mobilização Nacional;NÃO ELEITO;632;9999.25;3941175;15.821598101265822;0.0025371240810164483
40001618908;3322;PETER SCHMIDT;CORONEL PETER;AM;PMN;Partido da Mobilização Nacional;NÃO ELEITO;525;9982.01;3941175;19.01335238095238;0.0025327497510260265
40001618902;3355;ALEXANDER CHEREM DE MELLO;SUB OFICIAL CHEREM;AM;PMN;Partido da Mobilização Nacional;NÃO ELEITO;184;9593.89;3941175;52.140706521739126;0.0024342715053251884
40001618903;3399;ESTER LEMOS DOS SANTOS;ESTER LEMOS;AM;PMN;Partido da Mobilização Nacional;NÃO ELEITO;226;60000.0;3941175;265.4867256637168;0.015223886277569506
160001716180;3333;ELISABETH FRIEDA BAARTSCH FRANK;BETHY FRANK;PR;PMN;Partido da Mobilização Nacional;NÃO ELEITO;717;49800.0;11443208;69.4560669456067;0.004351926487747142
160001716195;3338;JOÃO PERUSSE;PARUCCI;PR;PMN;Partido da Mobilização Nacional;NÃO ELEITO;186;13964.0;11443208;75.0752688172043;0.0012202871782108654
160001716188;3321;HELBE RONALDO VIANA DE QUEIROZ;RONALDO QUEIROZ;PR;PMN;Partido da Mobilização Nacional;NÃO ELEITO;111;15000.0;11443208;135.13513513513513;0.0013108212312491392
160001716182;3330;CESAR DE ABREU SCHULKA;CESAR COELHO;PR;PMN;Partido da Mobilização Nacional;NÃO ELEITO;191;14797.72;11443208;77.47497382198952;0.001293144370005334
160001716191;3300;NILTON JOAO BIANCATO;MECÂNICO BIANCATO;PR;PMN;Partido da Mobilização Nacional;NÃO ELEITO;223;0.0;11443208;0.0;0.0
160001716194;3319;SUELLEN ELIZA ARAUJO GONÇALVES;SUELLEN ELIZA;PR;PMN;Partido da Mobilização Nacional;NÃO ELEITO;32;15015.0;11443208;469.21875;0.0013121320524803884
160001716183;3344;EDMILSON CARVALHO VIRIATO;EDMILSON VIRIATO;PR;PMN;Partido da Mobilização Nacional;NÃO ELEITO;201;14990.0;11443208;74.57711442786069;0.0013099473504283065
160001716186;3345;LUIZ CARLOS FAGUNDES PEREIRA;LUIZ CARLOS FAGUNDES;PR;PMN;Partido da Mobilização Nacional;NÃO ELEITO;127;15000.0;11443208;118.11023622047244;0.0013108212312491392
160001716179;3334;TAISA APARECIDA SANTANA;TAISA SANTANA - ZACA;PR;PMN;Partido da Mobilização Nacional;NÃO ELEITO;111;35000.0;11443208;315.31531531531533;0.0030585828729146583
160001716190;3313;MAURICIO BASTOS;PROFESSOR MAURICIO BASTOS;PR;PMN;Partido da Mobilização Nacional;NÃO ELEITO;80;0.0;11443208;0.0;0.0
160001716189;3399;HELIO GRECA;HÉLIO GRECA;PR;PMN;Partido da Mobilização Nacional;NÃO ELEITO;98;14732.1;11443208;150.32755102040818;0.0012874099640590296
160001716187;3381;GUSTAVO HENRIQUE GONÇALVES DA COSTA;GUSTAVO COSTA;PR;PMN;Partido da Mobilização Nacional;NÃO ELEITO;162;15000.0;11443208;92.5925925925926;0.0013108212312491392
160001716196;3363;ANA TERESA MORAIS DOS SANTOS;DONA ANA;PR;PMN;Partido da Mobilização Nacional;NÃO ELEITO;476;15000.0;11443208;31.51260504201681;0.0013108212312491392
160001716184;3303;FLAVIA CRISTINA LOPES MAGALHAES;DR. FLÁVIA MAGALHÃES;PR;PMN;Partido da Mobilização Nacional;NÃO ELEITO;194;14999.5;11443208;77.31701030927834;0.0013107775372080976
160001716181;3322;ARNALDO TRELINSKI;ARNALDO TRELINSKI;PR;PMN;Partido da Mobilização Nacional;NÃO ELEITO;985;15000.0;11443208;15.228426395939087;0.0013108212312491392
160001716185;3377;GLORIA SANTANA ARCANJO;PASTORA GLÓRIA ARCHANJO;PR;PMN;Partido da Mobilização Nacional;NÃO ELEITO;174;19999.86;11443208;114.94172413793103;0.0017477494073340274
160001716192;3331;OSVALDO THERIBA FILHO;SARGENTO THERIBA;PR;PMN;Partido da Mobilização Nacional;NÃO ELEITO;195;15000.0;11443208;76.92307692307692;0.0013108212312491392
160001716193;3351;PAULO CEZAR DE MORAIS;SARGENTO PENTE MEL;PR;PMN;Partido da Mobilização Nacional;NÃO ELEITO;110;15681.57;11443208;142.55972727272726;0.0013703823263546376
130001598359;3022;LUCAS DE VASCONCELOS GONZALEZ;LUCAS GONZALEZ;MG;NOVO;Partido Novo;NÃO ELEITO;41833;1754371.54;20538718;41.93750245021873;0.08541777242377056
130001598362;3012;ANDRE LUIZ LEMES VILAS BOAS;ANDRÉ VILAS BOAS;MG;NOVO;Partido Novo;NÃO ELEITO;6491;302624.78;20538718;46.622212293945466;0.014734355863885955
130001598363;3034;BRUNO MASSA GUIMARÃES;MASSA;MG;NOVO;Partido Novo;NÃO ELEITO;782;54458.56;20538718;69.64010230179028;0.0026515072654486028
130001598365;3035;GUADALUPE MACHADO DIAS;GUADALUPE DIAS;MG;NOVO;Partido Novo;NÃO ELEITO;1232;99621.18;20538718;80.8613474025974;0.00485040887167349
130001598366;3031;GUILHERME DA CUNHA ANDRADE;GUILHERME DA CUNHA;MG;NOVO;Partido Novo;NÃO ELEITO;21881;773036.76;20538718;35.32913303779535;0.037638023950667225
130001598367;3080;MARÇAL SERAFIM CÂNDIDO;PROFESSOR MARÇAL;MG;NOVO;Partido Novo;NÃO ELEITO;1260;60530.4;20538718;48.04;0.002947136233137823
130001598368;3010;RICARDO ZEMA GUIMARÃES;RICARDO ZEMA;MG;NOVO;Partido Novo;NÃO ELEITO;4885;157293.77;20538718;32.199338792221084;0.007658402535153362
130001598373;3090;RONEY FERNANDO DIEGO DE PAULA;RONEY DE PAULA;MG;NOVO;Partido Novo;NÃO ELEITO;477;53235.94;20538718;111.60574423480084;0.0025919796941561786
130001598364;3044;CLARIANA ALVES DE PAULA QUEIROZ;CLARIANA QUEIROZ;MG;NOVO;Partido Novo;NÃO ELEITO;1740;99656.32;20538718;57.27374712643679;0.004852119786639069
130001728572;3001;MARIA DE LOURDES DE OLIVEIRA ALVES;LOURDINHA CORRETORA;MG;NOVO;Partido Novo;NÃO ELEITO;1386;52649.0;20538718;37.986291486291485;0.0025634024480008927
130001598372;3053;RÔMULO BULDRINI FILOGÔNIO;RÔMULO BULDRINI FILOGÔNIO;MG;NOVO;Partido Novo;NÃO ELEITO;672;159420.72;20538718;237.2332142857143;0.007761960605330868
150001603200;4410;DOUGLAS LUCENA MOURA DE MEDEIROS;DOUGLAS LUCENA;PB;UNIÃO;UNIÃO BRASIL;NÃO ELEITO;6586;527181.3;3974495;80.04574855754632;0.13264107767150293
230001600118;3500;MARCIANO SANTOS DUARTE;MARCIANO;RR;PMB;Partido da Mulher Brasileira;NÃO ELEITO;611;7950.0;636303;13.011456628477905;0.012494047647111518
230001600119;3599;ANTÔNIA LIMA DA SILVA;CELINHA;RR;PMB;Partido da Mulher Brasileira;NÃO ELEITO;118;0.0;636303;0.0;0.0
230001600117;3535;LEONILDE LIMA CAVALCANTE;LEONILDE LIMA;RR;PMB;Partido da Mulher Brasileira;NÃO ELEITO;271;0.0;636303;0.0;0.0
230001600116;3522;ELYSETE CAROLLYNE DE MOURA;JHONATAN CALEL;RR;PMB;Partido da Mulher Brasileira;NÃO ELEITO;221;0.0;636303;0.0;0.0
210001725348;2727;ELIAS VIDAL MATTOS DE LEMOS;POETA ELIAS VIDAL SOBRINHO;RS;DC;Democracia Cristã;NÃO ELEITO;131;14019.7;10880506;107.02061068702291;0.001288515442204618
210001725350;2700;EDISON MARTINS DE SOUZA JUNIOR;EDISON JUNIOR;RS;DC;Democracia Cristã;NÃO ELEITO;85;2267.86;10880506;26.680705882352942;0.0002084333210238568
210001725339;2707;CRISTIANE MONTEIRO SEVERO;CRISTIANE SEVERO;RS;DC;Democracia Cristã;NÃO ELEITO;98;2100.0;10880506;21.428571428571427;0.00019300572969676227
210001725322;2772;THARLY VANESSA ALEIXO DOS SANTOS;THARLY ALEIXO;RS;DC;Democracia Cristã;NÃO ELEITO;36;5021.95;10880506;139.4986111111111;0.0004615548210717406
210001725342;2777;WILLIAM SILVA MONTEIRO;WILLIAM MONTEIRO;RS;DC;Democracia Cristã;NÃO ELEITO;367;12969.9;10880506;35.34032697547684;0.0011920309588543032
210001725326;2701;RAQUEL MOTTA MARTINS MORSCH;RAQUEL MORSCH;RS;DC;Democracia Cristã;NÃO ELEITO;192;106593.41;10880506;555.1740104166666;0.009796732799007694
210001726002;2723;JOSÉ LUIZ DE OLIVEIRA FERREIRA;ZÉ LUIZ;RS;DC;Democracia Cristã;NÃO ELEITO;130;9972.3;10880506;76.71;0.0009165290658357248
220001600386;1407;LUCE VANIA LOPES SILVA LEGAL;LUCI VÂNIA LEGAL;RO;PTB;Partido Trabalhista Brasileiro;NÃO ELEITO;883;408559.75;1581016;462.69507361268404;0.2584159489847035
220001600385;1406;PAULO FIRMINO ROSA JUNIOR;PAULO ROSA A VOZ DA COMUNIDADE;RO;PTB;Partido Trabalhista Brasileiro;NÃO ELEITO;944;445790.46;1581016;472.23565677966104;0.28196454684835576
220001600380;1400;JEAN CÉSAR ALVES PAIVA;SARGENTO JEAN CÉSAR;RO;PTB;Partido Trabalhista Brasileiro;NÃO ELEITO;3165;308896.16;1581016;97.59752290679305;0.1953782630915816
220001600382;1410;CARLOS ALBERTO CAMPOS DE OLIVEIRA FILHO;DR. CARLOS OLIVEIRA;RO;PTB;Partido Trabalhista Brasileiro;NÃO ELEITO;621;208477.07;1581016;335.71186795491144;0.13186271992187304
220001729162;1415;PAULO ROGÉRIO FERREIRA DOS SANTOS;PAULO DANONE;RO;PTB;Partido Trabalhista Brasileiro;NÃO ELEITO;472;150000.0;1581016;317.79661016949154;0.09487570018266735
220001600388;1444;NILZON LOPES DE OLIVEIRA JUNIOR;CABO NILZON;RO;PTB;Partido Trabalhista Brasileiro;NÃO ELEITO;4229;209570.21;1581016;49.55550011823126;0.13255413607452424
220001600383;1414;ENEMIAS CARLOS LOPES MUNIZ;NEEMIAS MUNIZ;RO;PTB;Partido Trabalhista Brasileiro;NÃO ELEITO;353;200000.0;1581016;566.57223796034;0.1265009335768898
220001600387;1422;MARIA CRISTINA LAGASSE BARLOESIUS;CRISTINA LAGASSE;RO;PTB;Partido Trabalhista Brasileiro;NÃO ELEITO;1629;453580.0;1581016;278.44076120319215;0.28689146725902837
220001600384;1492;JULIA DE ALMEIDA;ENFERMEIRA JULIA;RO;PTB;Partido Trabalhista Brasileiro;NÃO ELEITO;732;220000.0;1581016;300.5464480874317;0.1391510269345788
40001596222;3030;JOÃO PAULO ANDRADE DE QUEIROZ;PROFESSOR JOÃO PAULO;AM;NOVO;Partido Novo;NÃO ELEITO;1688;3500.41;3941175;2.073702606635071;0.0008881640627477846
250001622065;7072;NATÁLIA ROBERTA MASSI SOLERA;NATÁLIA MASSI;SP;AVANTE;AVANTE;NÃO ELEITO;262;4994.0;44420459;19.061068702290076;0.00011242567304403586
250001622066;7020;FABIANA OLIVEIRA DA SILVA;FABIANA;SP;AVANTE;AVANTE;NÃO ELEITO;748;13894.2;44420459;18.575133689839575;0.0003127883032455833
250001622067;7035;FÁTIMA MAGALHÃES DE OLIVEIRA;PROF FÁTIMA MAGALHÃES;SP;AVANTE;AVANTE;NÃO ELEITO;1362;53320.0;44420459;39.14831130690162;0.0012003477946952326
250001622069;7016;LUCIANO LEMOS MEGA;LUCIANO MEGA;SP;AVANTE;AVANTE;NÃO ELEITO;6928;200000.0;44420459;28.868360277136258;0.004502429837566514
250001622071;7085;ROGÉRIO DE JESUS PAES;ROGÉRIO MILAGRE;SP;AVANTE;AVANTE;NÃO ELEITO;375;10000.0;44420459;26.666666666666668;0.0002251214918783257
250001622072;7021;ROSELI DE PAULA SILVA DE SOUZA;ROSE;SP;AVANTE;AVANTE;NÃO ELEITO;177;0.0;44420459;0.0;0.0
250001622074;7050;EUCLYDES DIAS BUCHLER;DR EUCLYDES O MÉDICO DO POVO;SP;AVANTE;AVANTE;NÃO ELEITO;2242;7000.0;44420459;3.1222123104371096;0.000157585044314828
250001622075;7074;FRANCISCA SILVA SERRA MATIAS;DRA FRANCISCA;SP;AVANTE;AVANTE;NÃO ELEITO;334;10000.0;44420459;29.940119760479043;0.0002251214918783257
250001622077;7056;GEFFERSON LUIS DE SOUSA ROSA;GEFFERSON LUIS;SP;AVANTE;AVANTE;NÃO ELEITO;1300;41455.45;44420459;31.88880769230769;0.0009332512750487336
250001622078;7027;GILBERTO MACHADO DE OLIVEIRA MARQUES;CABO GIL MARQUES;SP;AVANTE;AVANTE;NÃO ELEITO;564;13748.0;44420459;24.375886524822697;0.0003094970270343222
250001622083;7002;UBIRATAN FIM MENDES;BIRA DA AUTOESCOLA;SP;AVANTE;AVANTE;NÃO ELEITO;413;45000.0;44420459;108.95883777239709;0.0010130467134524656
250001622090;7044;ERNESTO BENEDITO NÓBILE;ERNESTO NÓBILE;SP;AVANTE;AVANTE;NÃO ELEITO;565;6603.6;44420459;11.68778761061947;0.00014866122837677118
250001622092;7004;MARCOS ANTONIO LELIS MOREIRA;PROMOTOR MARCOS LELIS;SP;AVANTE;AVANTE;NÃO ELEITO;6664;79997.0;44420459;12.00435174069628;0.001800904398579042
250001622094;7025;ADAUTO BENTIVEGNA FILHO;ADAUTO;SP;AVANTE;AVANTE;NÃO ELEITO;1002;101499.6;44420459;101.29700598802395;0.002284974137705331
250001622096;7092;ELIAS ARACATI PAIVA;ELIAS ARACATI DA AMBULÂNCIA;SP;AVANTE;AVANTE;NÃO ELEITO;1296;4000.0;44420459;3.0864197530864197;9.004859675133028e-05
250001622098;7057;RUBENS DE ALMEIDA;RUBINHO DO IPIRANGA;SP;AVANTE;AVANTE;NÃO ELEITO;14944;617629.4;44420459;41.329590471092075;0.013904165195591518
250001622100;7023;FRANCISCO ALVES DA SILVA;CABO CHIQUINHO;SP;AVANTE;AVANTE;NÃO ELEITO;743;10435.75;44420459;14.045423956931359;0.00023493116088692376
250001622101;7003;VERA LÚCIA CHAGAS CONCEIÇÃO;DONA VERA;SP;AVANTE;AVANTE;NÃO ELEITO;498;59965.85;44420459;120.41335341365462;0.0013499601613751898
250001622103;7007;IVAN RICARDO GARISIO SARTORI;IVAN SARTORI;SP;AVANTE;AVANTE;NÃO ELEITO;25779;818123.6;44420459;31.736048721827842;0.018417720537286658
250001622104;7006;MARTA MARIA FERREIRA ARAÚJO;MARTA FOX;SP;AVANTE;AVANTE;NÃO ELEITO;293;5000.0;44420459;17.064846416382252;0.00011256074593916285
250001622105;7070;CÃNDIDO ELPÍDIO DE SOUZA VACCAREZZA;VACCAREZZA;SP;AVANTE;AVANTE;NÃO ELEITO;6397;2001800.0;44420459;312.92793496951697;0.04506482024420324
250001622106;7038;MAURICIO JOSÉ LEMOS FREIRE;DELEGADO MAURICIO FREIRE;SP;AVANTE;AVANTE;NÃO ELEITO;2575;137982.13;44420459;53.585293203883495;0.003106274295814908
250001622107;7001;NORMA ELIZA HIROKO OTANI MORATO;NORMA OTANI;SP;AVANTE;AVANTE;NÃO ELEITO;403;5000.0;44420459;12.40694789081886;0.00011256074593916285
250001622108;7066;CLEOMENES ANTUNES JUNIOR;CLEOMENES JUNIOR;SP;AVANTE;AVANTE;NÃO ELEITO;675;4000.0;44420459;5.925925925925926;9.004859675133028e-05
250001622109;7080;CLOVIS PEREIRA JURADO;CLOVIS COLETIVO TRANSPARÊNCIA;SP;AVANTE;AVANTE;NÃO ELEITO;626;4000.0;44420459;6.389776357827476;9.004859675133028e-05
250001622110;7019;LUANA TRINDADE DA SILVA;LUANA TRINDADE;SP;AVANTE;AVANTE;NÃO ELEITO;351;10000.0;44420459;28.49002849002849;0.0002251214918783257
250001622111;7011;PAULO JORGE VALENTIM;VALENTIM;SP;AVANTE;AVANTE;NÃO ELEITO;663;4500.0;44420459;6.787330316742081;0.00010130467134524657
250001622041;7022;ELISA CLAUDIA COUTINHO;DRA ELISA;SP;AVANTE;AVANTE;NÃO ELEITO;3447;215744.51;44420459;62.58906585436612;0.004856872595575836
250001622046;7094;ANTONIO MARCOS DA SILVA POLYCENO;ANTONIO MARCOS POLYCENO;SP;AVANTE;AVANTE;NÃO ELEITO;569;4500.0;44420459;7.9086115992970125;0.00010130467134524657
250001622047;7012;ANDRÉ DA SILVA ROSA;CAPITÃO SILVA ROSA;SP;AVANTE;AVANTE;NÃO ELEITO;4485;97712.25;44420459;21.786454849498327;0.002199712749478793
250001622053;7055;WILLIAM DE SOUZA SILVA;ZIDANE;SP;AVANTE;AVANTE;NÃO ELEITO;875;21749.85;44420459;24.856971428571427;0.0004896358680129802
250001622054;7040;EDUARDO SIVINSKI;DUDU SIVINSKI;SP;AVANTE;AVANTE;NÃO ELEITO;43557;499177.9;44420459;11.460337029639323;0.011237567356068968
250001622057;7000;MARCOS DA COSTA;MARCOS DA COSTA;SP;AVANTE;AVANTE;NÃO ELEITO;6482;227223.02;44420459;35.05446158593027;0.005115278525149864
250001622058;7036;ADEMIR RODRIGUES PEREIRA;ADEMIR PEREIRA;SP;AVANTE;AVANTE;NÃO ELEITO;2786;27363.5;44420459;9.821787508973438;0.0006160111943012566
250001622059;7028;JACQUELINE MOREIRA DOS SANTOS ALMEIDA;PROF JACQUELINE PRÔJACQUE;SP;AVANTE;AVANTE;NÃO ELEITO;1343;54217.48;44420459;40.37042442293373;0.0012205519983483288
250001622060;7026;CRISTINA ROHRBACHER;CRIS ROHRBACHER;SP;AVANTE;AVANTE;NÃO ELEITO;88;5000.0;44420459;56.81818181818182;0.00011256074593916285
250001622061;7010;JOSÉ EDVALDO BRITO;EDVALDO BRITO;SP;AVANTE;AVANTE;NÃO ELEITO;8321;939661.93;44420459;112.92656291311141;0.02115380955428669
250001622062;7087;JULIANA VALÉRIA DA SILVA;JUJU FERRARI;SP;AVANTE;AVANTE;NÃO ELEITO;923;158000.0;44420459;171.18093174431203;0.003556919571677546
250001622063;7030;JOEL DE MELO;JOEL DA AMBULÂNCIA PLATIBANDA;SP;AVANTE;AVANTE;NÃO ELEITO;728;4000.0;44420459;5.4945054945054945;9.004859675133028e-05
250001622080;7034;AGNALDO APARECIDO DE ARAUJO;AGNALDO ARAUJO;SP;AVANTE;AVANTE;NÃO ELEITO;2945;91416.35;44420459;31.041205432937183;0.0020579785094071183
250001622084;7071;JORGE EDUARDO RUBIES;JORGE GUERREIRO;SP;AVANTE;AVANTE;NÃO ELEITO;404;235485.05000000002;44420459;582.8837871287129;0.005301274577104212
250001622095;7099;ANDERSON ALVES SIMÕES;SARGENTO SIMÕES;SP;AVANTE;AVANTE;NÃO ELEITO;20081;1885174.02;44420459;93.87849310293312;0.04243931878326606
220001596859;2000;ANDRÉ MOREIRA;ANDRÉ DA ROYAL;RO;PSC;Partido Social Cristão;NÃO ELEITO;5279;349957.13;1581016;66.29231483235462;0.22134951828444493
220001596862;2011;FRANCISCA VALDECIRA FIALIS DINIZ CUNHA RAMOS;PROF.. VALDECIRA;RO;PSC;Partido Social Cristão;NÃO ELEITO;278;191111.11;1581016;687.450035971223;0.12087866915957839
220001596865;2044;ISAQUE MACIEL DE SOUZA;SARGENTO ISAQUE ZIGUE;RO;PSC;Partido Social Cristão;NÃO ELEITO;916;222111.11000000002;1581016;242.47937772925766;0.14048631386399632
220001596864;2038;ROBSÃO DEMONTHI DE SOUZA MOREIRA;ROBÃO DA CENTRAL DO BOI;RO;PSC;Partido Social Cristão;NÃO ELEITO;7302;286093.93;1581016;39.18021500958641;0.1809557461784068
220001596866;2033;JOSÉ POCIDÔNIO APARECIDO DA SILVA;PASTOR POCIDÔNIO;RO;PSC;Partido Social Cristão;NÃO ELEITO;16155;191091.02;1581016;11.828599195295574;0.12086596214080059
220001596867;2020;LUCAS FOLLADOR;LUCAS FOLLADOR;RO;PSC;Partido Social Cristão;NÃO ELEITO;12265;631016.96;1581016;51.44859029759478;0.3991211727142546
220001596861;2022;EVANDRO CESAR PADOVANI;PADOVANI DA AGRICULTURA;RO;PSC;Partido Social Cristão;NÃO ELEITO;13406;670642.98;1581016;50.02558406683574;0.42418481533393715
220001596863;2023;MARIA APARECIDA SIMÕES;MARIA SIMÕES;RO;PSC;Partido Social Cristão;NÃO ELEITO;913;190868.5;1581016;209.05640744797373;0.12072521720210296
250001622042;7079;EMANOEL DE CARVALHO MOURA;EMANUEL MOURA;SP;AVANTE;AVANTE;NÃO ELEITO;2532;25550.0;44420459;10.090837282780411;0.0005751854117491222
250001622051;7051;CLAUDINEI ALEXANDRE PIRES;DINEI;SP;AVANTE;AVANTE;NÃO ELEITO;2532;0.0;44420459;0.0;0.0
250001622086;7005;JOSÉ EDMILSON FERREIRA DOS SANTOS;PR EDMILSON SANTOS;SP;AVANTE;AVANTE;NÃO ELEITO;251;10000.0;44420459;39.8406374501992;0.0002251214918783257
250001622070;7067;LUIZA FAUSTINO PEREIRA PARI;MALU PARISI;SP;AVANTE;AVANTE;NÃO ELEITO;259;10670.25;44420459;41.197876447876446;0.00024021025987147049
250001622048;7031;RONALDO RESENDE DA SILVA;PASTOR RONALDO RESENDE;SP;AVANTE;AVANTE;NÃO ELEITO;1966;25000.0;44420459;12.71617497456765;0.0005628037296958143
250001622097;7090;ELIAS ASSIS NETO;DIRETOR ELIAS JUNIOR;SP;AVANTE;AVANTE;NÃO ELEITO;8671;139543.8;44420459;16.093161111751815;0.0031414308438370703
250001622099;7078;THIAGO JOSÉ ISOLA;THIAGO ISOLA;SP;AVANTE;AVANTE;NÃO ELEITO;2266;4000.0;44420459;1.7652250661959399;9.004859675133028e-05
250001622043;7047;GISELDA MÁXIMO DE LIMA;COLETIVO NOSSA VEZ GISELDA;SP;AVANTE;AVANTE;NÃO ELEITO;776;10001.14;44420459;12.888067010309278;0.00022514715572839983
250001622091;7032;PAULO DE TARSO NUNES CHIODE;DR PAULO DE TARSO;SP;AVANTE;AVANTE;NÃO ELEITO;7600;148488.65;44420459;19.537980263157895;0.0033427986414998547
250001622044;7008;IARA REGINA CORRÊA GUSMÃO;IARA GUSMÃO;SP;AVANTE;AVANTE;NÃO ELEITO;154;10000.0;44420459;64.93506493506493;0.0002251214918783257
250001622089;7009;COSME APARECIDO FELIX;COSME FÉLIX;SP;AVANTE;AVANTE;NÃO ELEITO;1140;7805.0;44420459;6.8464912280701755;0.0001757073244110332
250001622049;7088;ANDRÉA REIS DUARTE;ANDRÉA REIS;SP;AVANTE;AVANTE;NÃO ELEITO;1050;131108.0;44420459;124.8647619047619;0.0029515228557183528
250001622064;7069;ADRIANA PIERIN;ADRIANA VEGANE PIERIN;SP;AVANTE;AVANTE;NÃO ELEITO;510;116876.5;44420459;229.16960784313724;0.0026311412045517133
250001622055;7077;JOSÉ DOMINGOS BITTENCOURT;JOSÉ BITTENCOURT;SP;AVANTE;AVANTE;NÃO ELEITO;22840;1252076.52;44420459;54.81946234676007;0.028186933412822232
250001622085;7046;JOSÉ DE CASTRO COIMBRA;DR COIMBRA;SP;AVANTE;AVANTE;NÃO ELEITO;2433;201975.9;44420459;83.01516646115905;0.004546911593146752
250001622052;7060;WAGNER BARBOSA;PROF WAGNER BARBOSA;SP;AVANTE;AVANTE;NÃO ELEITO;1570;74489.5;44420459;47.445541401273886;0.0016769187369270542
250001622056;7049;ELIANE CRISTINA CAMARGO;CANTORA ELIANE CAMARGO;SP;AVANTE;AVANTE;NÃO ELEITO;293;0.0;44420459;0.0;0.0
250001622045;7076;PAULO CEZAR DA SILVA MOURA;PAULO CEZAR ADVOGADO;SP;AVANTE;AVANTE;NÃO ELEITO;309;11968.0;44420459;38.73139158576052;0.0002694254014799802
250001622079;7017;SILVIO NIVALDO;PROFESSOR SILVIO NIVALDO;SP;AVANTE;AVANTE;NÃO ELEITO;439;5090.0;44420459;11.594533029612757;0.00011458683936606778
250001622082;7097;ANA FLÁVIA DE FARIAS ZENAIDE;ANA FLAVIA;SP;AVANTE;AVANTE;NÃO ELEITO;145;10000.0;44420459;68.96551724137932;0.0002251214918783257
140001615724;2323;ARNALDO JORDY FIGUEIREDO;JORDY;PA;CIDADANIA;Cidadania;NÃO ELEITO;17411;2943828.41;8116132;169.0786520016082;0.3627132247233042
140001615709;2300;OLENA MARIA PEREIRA MACHADO;PROFESSORA OLENA;PA;CIDADANIA;Cidadania;NÃO ELEITO;1840;300000.0;8116132;163.04347826086956;0.03696342050622144
140001615713;2356;EVERALDO FRANÇA NUNES;EVERALDO NUNES;PA;CIDADANIA;Cidadania;NÃO ELEITO;3488;288769.64;8116132;82.78946100917432;0.03557971210916727
170001618622;1190;FERNANDO MONTEIRO DE ALBUQUERQUE;FERNANDO MONTEIRO;PE;PP;PROGRESSISTAS;ELEITO POR QP;99751;2847559.7199999997;9058155;28.546678429288928;0.31436420772221274
170001618605;1122;ERICA CLARISSA BORBA CORDEIRO DE MOURA;CLARISSA TÉRCIO;PE;PP;PROGRESSISTAS;ELEITO POR QP;240511;2816759.35;9058155;11.711561425464948;0.3109639159409394
170001618611;1111;EDUARDO HENRIQUE DA FONTE DE ALBUQUERQUE SILVA;EDUARDO DA FONTE;PE;PP;PROGRESSISTAS;ELEITO POR QP;124850;3072615.61;9058155;24.610457428914696;0.33920987331305325
210001613990;5501;DANRLEI DE DEUS HINTERHOLZ;DANRLEI DE DEUS GOLEIRO;RS;PSD;Partido Social Democrático;ELEITO POR QP;97824;1217770.22;10880506;12.448583374223094;0.11192220472099366
10001655354;3322;JOSÉ RIBAMAR FERNANDES DE LIMA;JOSÉ RIBAMAR;AC;PMN;Partido da Mobilização Nacional;NÃO ELEITO;40;0.0;830026;0.0;0.0
10001655352;3344;ANTONIO DANTAS DA SILVA;ANTONIO DANTAS;AC;PMN;Partido da Mobilização Nacional;NÃO ELEITO;50;0.0;830026;0.0;0.0
10001655355;3355;ROZANA SOUSA DO NASCIMENTO;ROZANA SOUSA;AC;PMN;Partido da Mobilização Nacional;NÃO ELEITO;29;0.0;830026;0.0;0.0
80001620360;5111;SÔNIA LUSIA NEVES RODRIGUES STEINS;PROFESSORA SÔNIA ;ES;PATRIOTA;Patriota;NÃO ELEITO;1192;95000.0;3833486;79.69798657718121;0.024781621740629808
80001620354;5100;JOSÉ RODRIGUES PINHEIRO;DR PINHEIRO;ES;PATRIOTA;Patriota;NÃO ELEITO;3171;285445.92;3833486;90.0176348155156;0.07446118754574817
80001620361;5155;WAGNER NEUMEG;WAGUINHO;ES;PATRIOTA;Patriota;NÃO ELEITO;3329;91300.0;3833486;27.42565334935416;0.02381644278862633
80001620355;5123;SÔNIA SOLANGE COUTINHO;DRA SÔNIA COUTINHO;ES;PATRIOTA;Patriota;NÃO ELEITO;1994;284863.0;3833486;142.86008024072217;0.07430912751474768
80001620357;5122;ESTÉFANE DA SILVA FRANCA FERREIRA;CAPITÃ ESTÉFANE;ES;PATRIOTA;Patriota;NÃO ELEITO;10075;475455.95;3833486;47.19165756823821;0.12402704744454525
80001620358;5133;WALLACE RIBEIRO VIEIRA;MAJOR WALLACE;ES;PATRIOTA;Patriota;NÃO ELEITO;8284;259303.0;3833486;31.301665861902464;0.06764156697063717
80001620356;5120;VÂNIA BERGER;VÂNIA BERGER;ES;PATRIOTA;Patriota;NÃO ELEITO;2874;103800.05;3833486;36.1169276270007;0.027077195534299592
80001620353;5145;EMERSON SCHIFFLER;EMERSON SCHIFFLER;ES;PATRIOTA;Patriota;NÃO ELEITO;1022;122500.0;3833486;119.86301369863014;0.03195524908660159
80001620359;5151;RAFAEL FAVATTO GARCIA;DR RAFAEL FAVATTO;ES;PATRIOTA;Patriota;NÃO ELEITO;27980;1112299.0;3833486;39.753359542530376;0.2901534008471663
80001620362;5190;WERISON RISPERI;CORONEL RISPERI;ES;PATRIOTA;Patriota;NÃO ELEITO;3158;239997.0;3833486;75.99651678277391;0.06260541971458876
80001620352;5152;BRENO HELENO VIANA;BRENO NILREGI;ES;PATRIOTA;Patriota;NÃO ELEITO;10777;239860.0;3833486;22.2566576969472;0.062569682007447
140001615711;4545;DEODORO PANTOJA DA ROCHA;IE-IÉ;PA;PSDB;Partido da Social Democracia Brasileira;NÃO ELEITO;7679;299887.3;8116132;39.05291053522594;0.03694953458125126
140001615718;4567;MAURO CRISTIANO FREITAS;MAURO FREITAS;PA;PSDB;Partido da Social Democracia Brasileira;NÃO ELEITO;10546;377174.85;8116132;35.7647307035843;0.04647224194973665
140001615715;4590;LENA RIBEIRO PINTO DE OLIVEIRA;LENA PINTO;PA;PSDB;Partido da Social Democracia Brasileira;NÃO ELEITO;93841;1675976.11;8116132;17.859742649801262;0.20649936570770414
140001615725;4566;RONILSON CORREA DE SENA;BILHA;PA;PSDB;Partido da Social Democracia Brasileira;NÃO ELEITO;1058;214699.0;8116132;202.92911153119093;0.02645336473088412
140001615723;4500;ANTONIO MARCIO FARIAS GONÇALVES;MÁRCIO DO SÃO FÉLIX;PA;PSDB;Partido da Social Democracia Brasileira;NÃO ELEITO;16743;472689.22;8116132;28.2320504091262;0.05824070135872605
140001726513;4565;CLARION MARTINS;DIDI DOS CACHORROS;PA;PSDB;Partido da Social Democracia Brasileira;NÃO ELEITO;5258;140000.0;8116132;26.626093571700267;0.01724959623623667
140001615719;4578;NILSON PINTO DE OLIVEIRA;NILSON PINTO;PA;PSDB;Partido da Social Democracia Brasileira;NÃO ELEITO;423;1024869.99;8116132;2422.860496453901;0.12627566801525653
140001615720;4522;SHIRLEY CRISTINA DE BARROS MALCHER;CRISTINA MALCHER;PA;PSDB;Partido da Social Democracia Brasileira;NÃO ELEITO;4865;661640.0;8116132;136.0;0.08152159181245451
140001615721;4510;VALMIR OLIVEIRA PEREIRA;VALMIR;PA;PSDB;Partido da Social Democracia Brasileira;NÃO ELEITO;1000;140000.0;8116132;140.0;0.01724959623623667
140001615710;4511;ALEXANDRE RAIMUNDO DE VASCONCELOS WANGHON;ALEXANDRE VON;PA;PSDB;Partido da Social Democracia Brasileira;NÃO ELEITO;10635;594291.96;8116132;55.88076727785613;0.0732235454031551
140001615722;4599;WALTER DE ALMEIDA ARAÚJO;DR WALTER PEDRA NO SAPATO;PA;PSDB;Partido da Social Democracia Brasileira;NÃO ELEITO;2843;140000.0;8116132;49.243756595145975;0.01724959623623667
140001615717;4555;MARIA DO SOCORRO RODRIGUES DO CARMO;ENFERMEIRA SOCORRO;PA;PSDB;Partido da Social Democracia Brasileira;NÃO ELEITO;5351;145527.5;8116132;27.19631844515044;0.0179306472590638
140001615712;4533;DORALICE CUNHA PALHETA;DORA CUNHA;PA;PSDB;Partido da Social Democracia Brasileira;NÃO ELEITO;2361;290464.8;8116132;123.0261753494282;0.03578857514885169
140001615714;4544;JAKELINE FERREIRA NETO;JAKELINE NETO;PA;PSDB;Partido da Social Democracia Brasileira;NÃO ELEITO;7240;140000.0;8116132;19.337016574585636;0.01724959623623667
140001604461;4099;WANDERLEI NOGUEIRA DE SOUSA;WANDECO DO GÁS;PA;PSB;Partido Socialista Brasileiro;NÃO ELEITO;2238;120011.0;8116132;53.624218051831996;0.014786723527907136
140001604459;4032;MICHELL MENDES DURANS DA SILVA;MICHELL DURANS;PA;PSB;Partido Socialista Brasileiro;NÃO ELEITO;4044;199983.0;8116132;49.451780415430264;0.02464018574365227
140001604460;4011;CÁSSIO COELHO ANDRADE;CÁSSIO ANDRADE;PA;PSB;Partido Socialista Brasileiro;NÃO ELEITO;85612;760823.59;8116132;8.886880227070971;0.09374214096074336
140001604449;4027;ANTÔNIO CARLOS RIBEIRO CONDE;TOTÓ STA ISABEL;PA;PSB;Partido Socialista Brasileiro;NÃO ELEITO;7792;202334.3;8116132;25.966927618069814;0.024929892712439866
140001604457;4020;DIEGO HENRIQUE MONTEIRO MAIA;PROFESSOR DIEGO;PA;PSB;Partido Socialista Brasileiro;NÃO ELEITO;8984;99879.24;8116132;11.117457702582369;0.012306261159872708
140001604454;4040;JOSE FRANCISCO DE JESUS PANTOJA PEREIRA;ZÉ FRANCISCO;PA;PSB;Partido Socialista Brasileiro;NÃO ELEITO;16589;449992.0;8116132;27.12592681897643;0.05544414506811866
140001604458;4001;BRUNA FRANCISCO ALMEIDA RODRIGUES;BRUNA EUDES;PA;PSB;Partido Socialista Brasileiro;NÃO ELEITO;4407;329969.74;8116132;74.87400499205809;0.04065603417982852
140001604464;4012;ARINOS DE BRITO CHAVES;ARINOS CHAVES;PA;PSB;Partido Socialista Brasileiro;NÃO ELEITO;5148;104935.9;8116132;20.383818958818956;0.012929299326329339
140001604450;4050;LILIANA MARIA TORRES CALDAS;LICA CALDAS;PA;PSB;Partido Socialista Brasileiro;NÃO ELEITO;2568;119987.06;8116132;46.72393302180685;0.014783773846950739
140001604455;4022;THIAGO MACIEL NEVES;PROF. THIAGO MACIEL;PA;PSB;Partido Socialista Brasileiro;NÃO ELEITO;16467;258429.29;8116132;15.693768749620453;0.03184143505798082
140001604452;4007;MARCIO RODRIGUES DOS SANTOS;MÁRCIO SANTOS;PA;PSB;Partido Socialista Brasileiro;NÃO ELEITO;5330;199991.5;8116132;37.5218574108818;0.024641233040566615
140001604453;4045;FERNANDO ANTONIO SANTANA REIS;FERNANDO JULIFER;PA;PSB;Partido Socialista Brasileiro;NÃO ELEITO;4981;49954.63;8116132;10.02903633808472;0.006154979983075681
140001604456;4015;ELDER DA SILVA FEIO;EDINHO DO TRANSPORTE;PA;PSB;Partido Socialista Brasileiro;NÃO ELEITO;12935;314529.77;8116132;24.316178585233864;0.038753653834117045
140001604462;4021;EVANILDE GOMES FRANCO;EVA FRANCO;PA;PSB;Partido Socialista Brasileiro;NÃO ELEITO;1528;119950.0;8116132;78.50130890052355;0.014779207632404204
140001604463;4010;ELENILSON JOSE SANTOS DA COSTA;DR. ELENILSON SANTOS;PA;PSB;Partido Socialista Brasileiro;NÃO ELEITO;5160;150000.0;8116132;29.069767441860463;0.01848171025311072
140001604451;4030;JULIANNA MARIA ÁLVARES COSTA PINTO;JULIANNA COSTA;PA;PSB;Partido Socialista Brasileiro;NÃO ELEITO;706;119971.75;8116132;169.93165722379604;0.014781887480390905
140001604465;4035;HENRIETTE WALDIVIA  TEIXEIRA DE BARROS;HENRIETTE;PA;PSB;Partido Socialista Brasileiro;NÃO ELEITO;898;120000.0;8116132;133.630289532294;0.014785368202488575
140001604466;4000;ANA KAROLINA BULHÕES PINHEIRO;PROFA KAROL;PA;PSB;Partido Socialista Brasileiro;NÃO ELEITO;3106;120000.0;8116132;38.6349001931745;0.014785368202488575
190001605592;1143;LEANDRO FRANCISCO MACHADO NEVES;LEANDRO NEVES;RJ;PP;PROGRESSISTAS;NÃO ELEITO;1210;5528.0;16054524;4.568595041322314;0.00034432662095743233
230001605875;1919;DORCILIO ERIK CICERO DE SOUZA;PROFESSOR ERIK;RR;PODE;Podemos;NÃO ELEITO;532;499940.8;636303;939.7383458646616;0.7856961227591257
230001605872;1922;JOSIAS FONSECA LICATA;JOSIAS LICATA;RR;PODE;Podemos;NÃO ELEITO;351;504000.0;636303;1435.8974358974358;0.7920754734772585
230001605868;1940;LUANA KARMINY BESSA DE ARAÚJO;LUANA KARMINY;RR;PODE;Podemos;NÃO ELEITO;125;199923.6;636303;1599.3888;0.3141955954945993
230001605871;1911;LUCIANO DE SOUZA CASTRO;LUCIANO CASTRO;RR;PODE;Podemos;NÃO ELEITO;5157;1140773.79;636303;221.208801628854;1.7928153568347156
230001605869;1977;PRISCILLA DE SOUZA VICENTE;SARGENTO PRISCILLA;RR;PODE;Podemos;NÃO ELEITO;1656;662834.35;636303;400.262288647343;1.0416960944707159
230001605873;1900;FABIANA SANTOS SILVA;FABY ALBUQUERQUE;RR;PODE;Podemos;NÃO ELEITO;103;149692.5;636303;1453.3252427184466;0.23525348772518753
230001605870;1999;RAUL DA SILVA LIMA SOBRINHO;RAUL LIMA;RR;PODE;Podemos;NÃO ELEITO;6714;898110.42;636303;133.76681858802502;1.4114508653896023
230001605874;1933;DEUSAILTON ANTONIO DE SOUZA;PASTOR DEUSAILTON;RR;PODE;Podemos;NÃO ELEITO;1253;449952.0;636303;359.0997605746209;0.7071348084167448
190001619224;6565;JANDIRA FEGHALI;JANDIRA FEGHALI;RJ;PC do B;Partido Comunista do Brasil;ELEITO POR QP;84054;2805752.5;16054524;33.38035667547053;0.174763979299542
270001649250;5047;KEILA AGUIAR CALDAS;KEILA AGUIAR CALDAS;TO;PSOL;Partido Socialismo e Liberdade;NÃO ELEITO;50;69610.57;1511459;1392.2114000000001;0.04605521552354381
270001649251;5050;JOÃO APARECIDO BAZZOLI;PROFESSOR BAZZOLI;TO;PSOL;Partido Socialismo e Liberdade;NÃO ELEITO;544;41585.01;1511459;76.4430330882353;0.02751315781638801
270001649249;5011;CHARLEIDE MATOS DA CRUZ;CHARLEIDE MATOS;TO;PSOL;Partido Socialismo e Liberdade;NÃO ELEITO;913;70514.6;1511459;77.23395399780942;0.0466533329716519
180001618284;5050;FRANCISCO WILLIAMS DE ASSIS SOARES GONÇALVES;PROFESSOR WILLIAMS;PI;PSOL;Partido Socialismo e Liberdade;NÃO ELEITO;1146;30891.2;3269200;26.95567190226876;0.009449161874464701
180001618288;5055;CLÁUDIO TEÓFILO MARQUES;CLÁUDIO DO QUILOMBO;PI;PSOL;Partido Socialismo e Liberdade;NÃO ELEITO;1912;65385.89;3269200;34.19764121338912;0.020000578123088218
180001618286;5000;MARIANA SOARES GOMES;MARIANA BANCADA ANTIRRACISTA;PI;PSOL;Partido Socialismo e Liberdade;NÃO ELEITO;2542;79916.69;3269200;31.43850904799371;0.02444533525021412
180001618285;5013;MARINEIDE LINS DE ALBUQUERQUE;MARINEIDE ALBUQUERQUE;PI;PSOL;Partido Socialismo e Liberdade;NÃO ELEITO;315;41849.35;3269200;132.85507936507935;0.01280109812798238
190001619235;1313;WASHINGTON LUIZ CARDOSO SIQUEIRA;WASHINGTON QUAQUÁ;RJ;PT;Partido dos Trabalhadores;ELEITO POR QP;113282;1882165.53;16054524;16.61486846983634;0.1172358352075714
190001619207;1300;LUIZ LINDBERGH FARIAS FILHO;LINDBERGH FARIAS;RJ;PT;Partido dos Trabalhadores;ELEITO POR QP;152219;2358934.09;16054524;15.496975344733574;0.14693267081602668
190001619202;1377;BENEDITA SOUZA DA SILVA SAMPAIO;BENEDITA DA SILVA;RJ;PT;Partido dos Trabalhadores;ELEITO POR QP;113831;2750815.9;16054524;24.16578875701698;0.17134210269952568
270001649248;1800;RENATO ERBETT MILBRATZ;RENATO PORTELA;TO;REDE;Rede Sustentabilidade;NÃO ELEITO;125;18200.0;1511459;145.6;0.012041345481418947
270001654174;1818;VANESSA SIDI XERENTE;VANESSA SIDI XERENTE;TO;REDE;Rede Sustentabilidade;NÃO ELEITO;778;64510.76;1511459;82.9187146529563;0.04268111804554407
120001675476;1449;ADRIANA DE OLIVEIRA MELO;ADRIANA MELO;MS;PTB;Partido Trabalhista Brasileiro;NÃO ELEITO;701;30000.0;2756700;42.796005706134096;0.010882576994232234
120001675475;1456;RENATA BARBOSA LACERDA; RENATA LACERDA;MS;PTB;Partido Trabalhista Brasileiro;NÃO ELEITO;1357;91561.1;2756700;67.4731761238025;0.033214024014219905
120001675468;1422;JOÃO VICTOR MEDEIROS DOS SANTOS;JAMES;MS;PTB;Partido Trabalhista Brasileiro;NÃO ELEITO;1029;84990.0;2756700;82.59475218658892;0.03083034062465992
120001675470;1417;DAVID MENDES GONÇALVES;DAVID MENDES ;MS;PTB;Partido Trabalhista Brasileiro;NÃO ELEITO;789;75000.0;2756700;95.05703422053232;0.027206442485580587
120001675469;1426;LINDA GRAZIELA DA SILVA FERREIRA;LINDA GRAZIELA;MS;PTB;Partido Trabalhista Brasileiro;NÃO ELEITO;178;49998.9;2756700;280.8926966292135;0.01813722929589727
120001675474;1458;KLEYTON RIBEIRO DE SOUZA;KLEYTON VIGILANTE;MS;PTB;Partido Trabalhista Brasileiro;NÃO ELEITO;497;29970.0;2756700;60.30181086519115;0.010871694417238002
120001675471;1414;DELCÍDIO DO AMARAL GOMEZ;DELCÍDIO AMARAL;MS;PTB;Partido Trabalhista Brasileiro;NÃO ELEITO;18862;1380969.1;2756700;73.21435160640442;0.5009500852468531
120001675472;1477;ERNEY CUNHA BAZZANO BARBOSA;DR ERNEY BARBOSA;MS;PTB;Partido Trabalhista Brasileiro;NÃO ELEITO;3939;55696.229999999996;2756700;14.139687738004568;0.020203950375448906
120001675473;1450;NILSO EUGENIO DE OLIVEIRA;NILSON DA MARMORARIA;MS;PTB;Partido Trabalhista Brasileiro;NÃO ELEITO;1316;69901.4;2756700;53.11656534954407;0.025356912250154167
50001643034;3578;UÉRLEI REIS SOUSA;WERLEY REIS;BA;PMB;Partido da Mulher Brasileira;NÃO ELEITO;337;0.0;14136417;0.0;0.0
50001643058;3510;JOSÉ ANTÔNIO CARDOSO FILHO;CARDOSO;BA;PMB;Partido da Mulher Brasileira;NÃO ELEITO;880;0.0;14136417;0.0;0.0
50001643063;3507;RAIMUNDO BORGES DOS SANTOS;PASTOR RAIMUNDO;BA;PMB;Partido da Mulher Brasileira;NÃO ELEITO;714;0.0;14136417;0.0;0.0
50001643044;3500;HAROLDO DOS SANTOS CONCEIÇÃO;HAROLDO SANTOS;BA;PMB;Partido da Mulher Brasileira;NÃO ELEITO;641;0.0;14136417;0.0;0.0
50001643028;3538;RAIMUNDO ALVES SILVA;SARGENTO RAIMUNDO;BA;PMB;Partido da Mulher Brasileira;NÃO ELEITO;1567;0.0;14136417;0.0;0.0
50001643059;3519;ROSENEIDE DOS SANTOS CONCEIÇÃO;ROSE SANTOS;BA;PMB;Partido da Mulher Brasileira;NÃO ELEITO;6;0.0;14136417;0.0;0.0
50001643032;3577;JOSENILSON OLIVEIRA ALMEIDA;PR. JOSENILSON ALMEIDA;BA;PMB;Partido da Mulher Brasileira;NÃO ELEITO;427;1.83;14136417;0.004285714285714286;1.2945288753154354e-07
50001643048;3530;ROMILDO CLEMENTE DOS SANTOS;MICHAEL FRIEND JACKSON ;BA;PMB;Partido da Mulher Brasileira;NÃO ELEITO;58;0.0;14136417;0.0;0.0
50001643050;3556;LEONARDO FEITOSA DE CARVALHO MELLO;S1 FEITOSA;BA;PMB;Partido da Mulher Brasileira;NÃO ELEITO;43;0.0;14136417;0.0;0.0
50001725463;3508;JAQUELINE CRUZ SOUZA DO NASCIMENTO;JACKIE TEQUILA;BA;PMB;Partido da Mulher Brasileira;NÃO ELEITO;4;0.0;14136417;0.0;0.0
50001643053;3535;SARA DE ALMEIDA SOUZA SILVA;BISPA SARA;BA;PMB;Partido da Mulher Brasileira;NÃO ELEITO;481;0.0;14136417;0.0;0.0
50001643061;3520;PAULO SERGIO OLIVEIRA DOS SANTOS;SERGINHO POCOTHÁ;BA;PMB;Partido da Mulher Brasileira;NÃO ELEITO;635;0.0;14136417;0.0;0.0
50001643031;3545;FLÁVIO SANTOS ARAÚJO;FLAVIO ARAUJO;BA;PMB;Partido da Mulher Brasileira;NÃO ELEITO;53;0.0;14136417;0.0;0.0
50001643040;3566;JERLANE GUILHERME DOS SANTOS;JEW;BA;PMB;Partido da Mulher Brasileira;NÃO ELEITO;112;75.0;14136417;0.6696428571428571;5.305446210309161e-06
50001643047;3512;LINSMAR SANTANA DE OLIVEIRA;LINS OLIVEIRA;BA;PMB;Partido da Mulher Brasileira;NÃO ELEITO;149;537.11;14136417;3.604765100671141;3.799477618692205e-05
50001643036;3599;EDVALDO RIBEIRO PORTO FILHO;EDVALDO PORTO;BA;PMB;Partido da Mulher Brasileira;NÃO ELEITO;864;500.0;14136417;0.5787037037037037;3.5369641402061075e-05
50001643039;3569;EDUARDO AUGUSTO MENESES NUNES;EDUARDO NUNES;BA;PMB;Partido da Mulher Brasileira;NÃO ELEITO;81;0.0;14136417;0.0;0.0
50001643051;3533;AURO MACEDO BISPO;DR AURO BISPO;BA;PMB;Partido da Mulher Brasileira;NÃO ELEITO;692;0.0;14136417;0.0;0.0
50001643042;3517;ESMERALDA SILVEIRA SOARES;ESMERALDA SOARES;BA;PMB;Partido da Mulher Brasileira;NÃO ELEITO;86;0.0;14136417;0.0;0.0
50001643049;3588;MARCO ANTONIO DAMASCENO MARINO;MARCO MARINO;BA;PMB;Partido da Mulher Brasileira;NÃO ELEITO;147;0.0;14136417;0.0;0.0
50001643065;3518;EMILE DA SILVA GUERRA;EMILE GUERRA;BA;PMB;Partido da Mulher Brasileira;NÃO ELEITO;73;0.0;14136417;0.0;0.0
50001643030;3502;MAURICIO GOMES DA SILVA;MAURICIO GOHMES;BA;PMB;Partido da Mulher Brasileira;NÃO ELEITO;981;3070.04;14136417;3.129500509683996;0.00021717242777996714
50001643062;3596;JAQUELINE DE SOUZA BISPO;JAQUELINE SOUZA;BA;PMB;Partido da Mulher Brasileira;NÃO ELEITO;215;0.0;14136417;0.0;0.0
50001643041;3565;IGOR DA SILVA BATISTA;IGOR CORRERIA;BA;PMB;Partido da Mulher Brasileira;NÃO ELEITO;75;0.0;14136417;0.0;0.0
50001643052;3503;CARLOS ALBERTO BULLOS CERQUEIRA;CARLOS BULLOS;BA;PMB;Partido da Mulher Brasileira;NÃO ELEITO;240;0.0;14136417;0.0;0.0
50001643056;3527;AILTON DE JESUS COSTA;AILTON LABAREDA;BA;PMB;Partido da Mulher Brasileira;NÃO ELEITO;229;0.0;14136417;0.0;0.0
50001643046;3555;ELIZIO ARAUJO BATISTA;ELIZIO O GORDO;BA;PMB;Partido da Mulher Brasileira;NÃO ELEITO;737;0.0;14136417;0.0;0.0
50001736639;3511;ALICELMO PEREIRA SILVA;ALICELMO;BA;PMB;Partido da Mulher Brasileira;NÃO ELEITO;262;0.0;14136417;0.0;0.0
50001643057;3590;ADRIANA DE JESUS SANTOS;ADRIANA TECNICA DE ENFERMAGEM;BA;PMB;Partido da Mulher Brasileira;NÃO ELEITO;206;0.0;14136417;0.0;0.0
50001643038;3523;JOSE EMILIO ABADE DE SOUZA;ABADE DO QUEBRA QUEIXO;BA;PMB;Partido da Mulher Brasileira;NÃO ELEITO;377;0.0;14136417;0.0;0.0
50001643055;3568;JOCELMA CAMILO DE SOUZA;JOCELMA CAMILO;BA;PMB;Partido da Mulher Brasileira;NÃO ELEITO;8;0.0;14136417;0.0;0.0
180001618283;1818;PEDRO ADONIAS DE SALES JUNIOR;PEDRO ADONIAS;PI;REDE;Rede Sustentabilidade;NÃO ELEITO;139;16666.67;3269200;119.90410071942445;0.005098088217300868
180001738237;1899;LUZINETE DA CONCEIÇÃO VIANA LIMA;LUH VIANA;PI;REDE;Rede Sustentabilidade;NÃO ELEITO;26;15000.0;3269200;576.9230769230769;0.004588278477915086
180001618282;1800;CARLOS ALBERTO PEREIRA DA SILVA;CARLOS ALBERTO;PI;REDE;Rede Sustentabilidade;NÃO ELEITO;353;16664.0;3269200;47.20679886685552;0.0050972715037318
20001653834;5000;JOSÉ WELLISON DE LIMA LIRA;PROFESSOR WELLISON LIMA;AL;PSOL;Partido Socialismo e Liberdade;NÃO ELEITO;368;61126.0;3127511;166.10326086956522;0.019544615510544965
20001653832;5044;LUIZ GALDINO DA SILVA;PROFESSOR LUIZ GALDINO;AL;PSOL;Partido Socialismo e Liberdade;NÃO ELEITO;600;24052.75;3127511;40.087916666666665;0.007690700368439951
20001653836;5020;ALYCIA EDUARDA OLIVEIRA DA SILVA;ALYCIA BANCADA NEGRA;AL;PSOL;Partido Socialismo e Liberdade;NÃO ELEITO;3519;69662.0;3127511;19.795964762716682;0.02227394244176919
20001653835;5055;ANA CRISTINA GONZAGA PEREIRA;ANINHA DE BACUCA;AL;PSOL;Partido Socialismo e Liberdade;NÃO ELEITO;62;25473.35;3127511;410.8604838709677;0.008144927387945238
20001653833;5050;MARIA CLARA CORREIA VASCONCELOS;CLARINHA DO MTST;AL;PSOL;Partido Socialismo e Liberdade;NÃO ELEITO;210;25402.5;3127511;120.96428571428571;0.008122273590724382
240001647326;7777;OSVALDO OLAVIO MAFRA;OSVALDO MAFRA;SC;SOLIDARIEDADE;Solidariedade;NÃO ELEITO;4729;1099992.8599999999;7609601;232.60580672446602;0.1445532899819583
180001714174;2088;NAYANE DANIELE SALAZAR COSTA;NAYANE SALAZAR;PI;PSC;Partido Social Cristão;NÃO ELEITO;9;0.0;3269200;0.0;0.0
180001714176;2027;ANTÔNIA CRISLÂNIA SILVA DOS SANTOS;CRIS SILVA;PI;PSC;Partido Social Cristão;NÃO ELEITO;101;0.0;3269200;0.0;0.0
180001714180;2025;ANA MIRELLE RODRIGUES RIBEIRO;ANA MIRELLE;PI;PSC;Partido Social Cristão;NÃO ELEITO;510;2090.0;3269200;4.098039215686274;0.0006393001345895021
180001714171;2002;ALECXANDRO CASTELO BRANCO GOMES;LÉO CASTELLO;PI;PSC;Partido Social Cristão;NÃO ELEITO;435;500.0;3269200;1.1494252873563218;0.00015294261593050288
180001714179;2020;FRANCISCO DAS CHAGAS PEREIRA DA COSTA;CHAGAS COSTA;PI;PSC;Partido Social Cristão;NÃO ELEITO;168;0.0;3269200;0.0;0.0
180001714181;2030;ELIOENAI ALVES DE ARAÚJO;ELI ARAÚJO;PI;PSC;Partido Social Cristão;NÃO ELEITO;17;0.0;3269200;0.0;0.0
180001714177;2022;MARIA DO DESTERRO DOS ANJOS SOARES;MARIA SOARES;PI;PSC;Partido Social Cristão;NÃO ELEITO;127;0.0;3269200;0.0;0.0
180001714173;2011;BRENO VELOSO RIBEIRO;BRENO VELOSO;PI;PSC;Partido Social Cristão;NÃO ELEITO;314;0.0;3269200;0.0;0.0
60001603469;1213;ANTONIO IDILVAN DE LIMA ALENCAR;IDILVAN;CE;PDT;Partido Democrático Trabalhista;ELEITO POR QP;187433;1420419.06;8791688;7.578276290727887;0.1615638612289244
60001603485;1233;MARCOS ROBÉRIO RIBEIRO MONTEIRO;ROBÉRIO MONTEIRO;CE;PDT;Partido Democrático Trabalhista;ELEITO POR QP;151030;1212794.36;8791688;8.030155333377476;0.13794783891330084
60001603484;1234;ANDRÉ PEIXOTO FIGUEIREDO LIMA;ANDRÉ FIGUEIREDO;CE;PDT;Partido Democrático Trabalhista;ELEITO POR QP;111886;1358691.16;8791688;12.14353145165615;0.15454269532767767
60001603470;1221;CARLOS MAURO BENEVIDES FILHO;MAURO FILHO;CE;PDT;Partido Democrático Trabalhista;ELEITO POR QP;135038;1525066.79;8791688;11.293612094373437;0.1734668916822344
220001596860;2012;EDINAMAR MACHADO THOMAS;PROFESSORA EDINAMAR;RO;PSC;Partido Social Cristão;NÃO ELEITO;394;41111.11;1581016;104.34291878172588;0.02600296897691105
20001621225;7022;GERALDO CARDOSO DE OLIVEIRA;GERALDO CARDOSO;AL;AVANTE;AVANTE;NÃO ELEITO;387;29955.0;3127511;77.40310077519379;0.009577903962607966
20001621222;7044;LERIDA LOBO GOMES VITORINO;LERIDA LOBO;AL;AVANTE;AVANTE;NÃO ELEITO;1842;37250.0;3127511;20.222584147665582;0.011910429731502144
20001621220;7090;TALES AZEVEDO FERREIRA;DELEGADO TALES;AL;AVANTE;AVANTE;NÃO ELEITO;599;33689.0;3127511;56.242070116861434;0.010771824623478542
20001621228;7033;ALDAIR GONÇALVES DA FONSECA;ALDAIR A FORÇA DA GENTE;AL;AVANTE;AVANTE;NÃO ELEITO;1077;39995.1;3127511;37.135654596100274;0.012788156460520842
20001621227;7012;CAIO LIMA DOS SANTOS;CAIO LIMA;AL;AVANTE;AVANTE;NÃO ELEITO;535;34525.0;3127511;64.53271028037383;0.011039129838392255
20001737729;7070;LINDOMAR FERREIRA DE QUEIROZ;LINDOMAR DA DEFESA CIVIL;AL;AVANTE;AVANTE;NÃO ELEITO;258;4000.0;3127511;15.503875968992247;0.001278972320161304
20001621224;7055;DEIVIDY CARLOS SANTOS FERREIRA;COLETIVO PELA EDUCAÇÃO;AL;AVANTE;AVANTE;NÃO ELEITO;217;130000.0;3127511;599.0783410138249;0.04156660040524238
20001621223;7011;CLAUDIA GUEDES DA SILVA;CLAUDIA GUEDES;AL;AVANTE;AVANTE;NÃO ELEITO;728;101909.52;3127511;139.9856043956044;0.03258486381023121
20001621226;7077;DANUBIA KARLA DA SILVA BARBOSA;DANUBIA BARBOSA;AL;AVANTE;AVANTE;NÃO ELEITO;881;21212.5;3127511;24.077752553916003;0.0067825500853554155
130001598352;3033;WARLEY DE ARAÚJO MÓL;WARLEY MÓL;MG;NOVO;Partido Novo;NÃO ELEITO;2095;73007.89;20538718;34.848634844868734;0.0035546468869186477
130001598353;3038;ANA MARIA SOARES VALENTINI;ANA VALENTINI;MG;NOVO;Partido Novo;NÃO ELEITO;13861;658623.82;20538718;47.51632782627516;0.032067426019481836
130001598348;3011;BELISA AZEVEDO DE OLIVEIRA;BELISA OLIVEIRA;MG;NOVO;Partido Novo;NÃO ELEITO;1664;25983.41;20538718;15.615030048076923;0.0012650940530952322
130001598371;3077;RODRIGO RIBEIRO PIGNATON;RODRIGO PIGNATON;MG;NOVO;Partido Novo;NÃO ELEITO;1111;104681.65000000001;20538718;94.22290729072908;0.005096795720161308
130001598374;3060;NEILL GONDIM BALIZA ROCHA E LIMA;NEILL ROCHA;MG;NOVO;Partido Novo;NÃO ELEITO;365;54666.33;20538718;149.77076712328767;0.0026616232814531075
130001728573;3052;FLÁVIA FIUZA BOTELHO;FLÁVIA FIUZA;MG;NOVO;Partido Novo;NÃO ELEITO;646;52958.9;20538718;81.9797213622291;0.0025784910236364314
130001598346;3007;BRUNO CESAR NASCIMENTO DE MELO;BRUNO CÉSAR;MG;NOVO;Partido Novo;NÃO ELEITO;495;52992.13;20538718;107.05480808080807;0.002580108943508548
130001598350;3099;ANDREA LARA BOSCARRIOL GONÇALVES MOREIRA;ANDREA LARA;MG;NOVO;Partido Novo;NÃO ELEITO;995;60334.04;20538718;60.63722613065327;0.0029375757532675603
130001598355;3000;CARLOS EDUARDO AMARAL PEREIRA DA SILVA;DR CARLOS EDUARDO AMARAL;MG;NOVO;Partido Novo;NÃO ELEITO;11264;342256.41;20538718;30.384979580965908;0.016663961694201167
130001598356;3027;CRISTIANO DA SILVA KLEIN;CRISTIANO KLEIN;MG;NOVO;Partido Novo;NÃO ELEITO;325;52905.25;20538718;162.78538461538463;0.0025758788839692916
130001598357;3002;DENNYS GARCIA XAVIER;PROF. DENNYS XAVIER;MG;NOVO;Partido Novo;NÃO ELEITO;10734;92358.53;20538718;8.604297559157816;0.004496801114850499
130001598358;3004;DÓRIS CAMARGO MARTINS DE ANDRADE;DÓRIS ANDRADE;MG;NOVO;Partido Novo;NÃO ELEITO;2374;81242.82;20538718;34.221912384161755;0.003955593528281561
130001598360;3020;MÁRCIA MARIA PINHEIRO DOS SANTOS;MÁRCIA PINHEIRO;MG;NOVO;Partido Novo;NÃO ELEITO;2561;47981.37;20538718;18.7354041390082;0.002336142401877274
130001598349;3015;BERNARDO LUIZ FORNACIARI RAMOS;DR. BERNARDO RAMOS;MG;NOVO;Partido Novo;NÃO ELEITO;10371;632835.71;20538718;61.019738694436406;0.030811840836414424
130001598347;3040;ALESSANDRO RIBEIRO FERNANDES;ALESSANDRO FERNANDES;MG;NOVO;Partido Novo;NÃO ELEITO;2177;58795.58;20538718;27.007615985300873;0.0028626703964677834
130001598351;3023;VANDEIR LUCIO MOTTA;VANDEIR MOTTA;MG;NOVO;Partido Novo;NÃO ELEITO;1558;51665.81;20538718;33.161623876765084;0.002515532371592034
130001598354;3070;APOLO CARVALHO FERREIRA;APOLO;MG;NOVO;Partido Novo;NÃO ELEITO;2283;70190.0;20538718;30.744634253175647;0.0034174479634025844
130001598369;3030;RICHARD CRISOSTOMO BORGES MACIEL;RICHARD MACIEL;MG;NOVO;Partido Novo;NÃO ELEITO;3944;55897.07;20538718;14.17268509127789;0.002721546203614072
130001598370;3025;RODRIGO ANTÔNIO DE PAIVA;RODRIGO PAIVA;MG;NOVO;Partido Novo;NÃO ELEITO;7697;134330.53;20538718;17.45232298298038;0.006540356121545658
90001675163;5008;ALESSANDRA DE ABREU MINADAKIS BARBOSA;ALESSANDRA MINADAKIS;GO;PSOL;Partido Socialismo e Liberdade;NÃO ELEITO;1137;30244.5;7055228;26.600263852242744;0.0042868210637558414
90001675165;5011;DOUGLAS RODRIGUES CARVALHO;DOUGLAS CARVALHO ;GO;PSOL;Partido Socialismo e Liberdade;NÃO ELEITO;246;20600.0;7055228;83.73983739837398;0.002919820592615859
90001675160;5050;DANIELA DE FATIMA DIAS;DANIELA DIAS MULHERES VIRÃO;GO;PSOL;Partido Socialismo e Liberdade;NÃO ELEITO;408;24120.22;7055228;59.11818627450981;0.003418772575457519
90001675156;5000;MARIANA DE OLIVEIRA LOPES BARBOSA;MARIANA LOPES;GO;PSOL;Partido Socialismo e Liberdade;NÃO ELEITO;1719;29091.75;7055228;16.923647469458988;0.004123431588603515
90001675161;5055;SILVIA REGINA BRANDÃO SALIM;SILVIA MANDATA COLETIVA;GO;PSOL;Partido Socialismo e Liberdade;NÃO ELEITO;352;22881.35;7055228;65.00383522727272;0.003243176549361693
90001675159;5060;ALESSANDRO ROCHA DE OLIVEIRA;ROCHA;GO;PSOL;Partido Socialismo e Liberdade;NÃO ELEITO;118;19434.53;7055228;164.69940677966102;0.0027546281991170235
90001675162;5024;MARCO AURELIO DE OLIVEIRA;MARCO AURELIO;GO;PSOL;Partido Socialismo e Liberdade;NÃO ELEITO;265;21101.38;7055228;79.62784905660378;0.0029908856241074
90001675164;5014;KARINA MARQUES DE SOUSA;KARINA MARQUES;GO;PSOL;Partido Socialismo e Liberdade;NÃO ELEITO;609;24620.22;7055228;40.42729064039409;0.003489642007317127
180001714175;2033;MARCOS ANTÔNIO MOURÃO ALBUQUERQUE;MARCOS MOURÃO;PI;PSC;Partido Social Cristão;NÃO ELEITO;80;0.0;3269200;0.0;0.0
240001647324;7703;CARLOS HENRIQUE DE MELO;HENRIQUE HARMONIA;SC;SOLIDARIEDADE;Solidariedade;NÃO ELEITO;453;40000.0;7609601;88.30022075055187;0.0052565173916477356
240001647330;7799;TAISE BODEMÜLLER;PROFESSORA TAISE;SC;SOLIDARIEDADE;Solidariedade;NÃO ELEITO;750;169966.5;7609601;226.622;0.02233579658118737
240001647336;7702;IVACI SILVEIRA;IVACI SILVEIRA;SC;SOLIDARIEDADE;Solidariedade;NÃO ELEITO;119;120000.0;7609601;1008.4033613445379;0.015769552174943205
240001647333;7722;MANOEL DA SILVA GUIMARÃES;FARINHEIRA;SC;SOLIDARIEDADE;Solidariedade;NÃO ELEITO;941;50000.0;7609601;53.13496280552604;0.006570646739559669
180001714178;2000;ANTONIO MARCOS DA CUNHA E SILVA;MARQUINHOS SANTA CRUZ;PI;PSC;Partido Social Cristão;NÃO ELEITO;381;0.0;3269200;0.0;0.0
180001714172;2019;ALMY COELHO ANDRADE FILHO;ALMY ANDRADE;PI;PSC;Partido Social Cristão;NÃO ELEITO;212;0.0;3269200;0.0;0.0
250001726562;7095;MARIA LÚCIA BRESSANE CRUZ;MARIA LÚCIA BRESSANE;SP;AVANTE;AVANTE;NÃO ELEITO;291;10000.0;44420459;34.36426116838488;0.0002251214918783257
250001622050;7014;CARLOS ANDRÉ FURTADO;ANDRÉ BOKINHA;SP;AVANTE;AVANTE;NÃO ELEITO;2205;0.0;44420459;0.0;0.0
250001737234;7024;CARLOS ALBERTO ADÃO;CARLOS ADÃO;SP;AVANTE;AVANTE;NÃO ELEITO;359;18662.35;44420459;51.984261838440105;0.00042012960739554715
250001726489;7065;ROSANGELA DA SILVA BATISTA;ROSANGELA SILVA;SP;AVANTE;AVANTE;NÃO ELEITO;434;10000.0;44420459;23.04147465437788;0.0002251214918783257
250001622081;7075;ALESSANDRO AZEVEDO DOS SANTOS;ALESSANDRO AZEVEDO;SP;AVANTE;AVANTE;NÃO ELEITO;3085;0.0;44420459;0.0;0.0
250001622073;7058;ROGÉRIO BATTISTETTI MARTINS RODRIGUES;ROGÉRIO RODRIGUES;SP;AVANTE;AVANTE;NÃO ELEITO;440;20951.41;44420459;47.61684090909091;0.0004716612676154472
110001719642;1234;ROBERTINO FRANCISCO SOBRINHO;ROBERTINO DA FARMÁCIA;MT;PDT;Partido Democrático Trabalhista;NÃO ELEITO;1138;18500.0;3658813;16.25659050966608;0.005056284647507265
110001719643;1280;AMARANTHA TATYS PEREIRA PINTO;AMARANTHA TATYS;MT;PDT;Partido Democrático Trabalhista;NÃO ELEITO;580;18499.65;3658813;31.89594827586207;0.005056188988067988
110001719647;1221;WAGNER JOSÉ DOS SANTOS;SARGENTO WAGNER;MT;PDT;Partido Democrático Trabalhista;NÃO ELEITO;261;18500.0;3658813;70.88122605363985;0.005056284647507265
110001719646;1242;JESSICA FERNANDA FERREIRA DA SILVA;JESSICA FERNANDA;MT;PDT;Partido Democrático Trabalhista;NÃO ELEITO;136;17935.33;3658813;131.87742647058826;0.004901953174431162
110001719648;1255;MARCELO TERRA DE ALMEIDA;MARCELO TERRA;MT;PDT;Partido Democrático Trabalhista;NÃO ELEITO;145;18500.0;3658813;127.58620689655173;0.005056284647507265
110001719644;1212;VINICIUS MODOLO TEIXEIRA;PROFESSOR VINICIUS;MT;PDT;Partido Democrático Trabalhista;NÃO ELEITO;1000;22405.0;3658813;22.405;0.006123570677156772
110001719645;1225;LUCIO WA ANE TEROWA A;LUCIO XAVANTE;MT;PDT;Partido Democrático Trabalhista;NÃO ELEITO;3191;8243.35;3658813;2.5833124412409902;0.0022530121107583252
110001732473;1216;MARA RUBIA GARCIA BADAN;MARA BADAN;MT;PDT;Partido Democrático Trabalhista;NÃO ELEITO;82;18172.0;3658813;221.609756097561;0.00496663808727038
110001719641;1200;RODRIGO OLIVEIRA DA SILVA;RODRIGO OLIVEIRA;MT;PDT;Partido Democrático Trabalhista;NÃO ELEITO;306;6986.0;3658813;22.830065359477125;0.001909362407972203
120001718590;9064;AIRTON FARIAS DA CONCEIÇÃO;CAPITÃO AIRTON;MS;PROS;Partido Republicano da Ordem Social;NÃO ELEITO;359;11180.0;2756700;31.142061281337046;0.004055573693183879
120001718588;9090;JOELSON SEBASTIÃO BALEJO DE ARRUDA;TENENTE BALEJO DE ARRUDA;MS;PROS;Partido Republicano da Ordem Social;NÃO ELEITO;551;0.0;2756700;0.0;0.0
120001718589;9000;RAUNI TARTARI GUIMARÃES;RAUNI GUIMARÃES;MS;PROS;Partido Republicano da Ordem Social;NÃO ELEITO;1154;901.38;2756700;0.7810918544194108;0.0003269779083687017
120001718591;9099;RAQUEL DE OLIVEIRA VONSOSKI;RAQUEL VONSOSKI;MS;PROS;Partido Republicano da Ordem Social;NÃO ELEITO;111;0.0;2756700;0.0;0.0
150001737746;3560;JOSÉ FERREIRA;JOTA FERREIRA;PB;PMB;Partido da Mulher Brasileira;NÃO ELEITO;129;0.0;3974495;0.0;0.0
150001723465;3512;MARILIA DOS SANTOS GOMES;MARILIA GOMES;PB;PMB;Partido da Mulher Brasileira;NÃO ELEITO;77;0.0;3974495;0.0;0.0
150001737750;3550;SAULO PORTO DE OLIVEIRA;SAULO PORTO LAMPIÃO;PB;PMB;Partido da Mulher Brasileira;NÃO ELEITO;59;0.0;3974495;0.0;0.0
150001737747;3522;ROSE EMANUELE RAMOS SOARES;ROSE EMANUELE;PB;PMB;Partido da Mulher Brasileira;NÃO ELEITO;56;0.0;3974495;0.0;0.0
150001737748;3555;JOSÉ EDSON AZEVEDO ALVES;EDSON ALVES;PB;PMB;Partido da Mulher Brasileira;NÃO ELEITO;55;0.0;3974495;0.0;0.0
150001737751;3590;ADAILTO BARROS DE SOUZA;ADAILTO BARROS;PB;PMB;Partido da Mulher Brasileira;NÃO ELEITO;43;0.0;3974495;0.0;0.0
150001723467;3544;ANTONIO GALDINO DA SILVA NETO;SILVA NETO;PB;PMB;Partido da Mulher Brasileira;NÃO ELEITO;306;0.0;3974495;0.0;0.0
150001723470;3567;MANUELA MOISES DE SANTANA;MANUELA SANTANA;PB;PMB;Partido da Mulher Brasileira;NÃO ELEITO;35;0.0;3974495;0.0;0.0
150001723466;3570;PEDRO PONTES DE ALCÂNTARA;PEDRO ABELHINHA PONTE ALCÂNTAR;PB;PMB;Partido da Mulher Brasileira;NÃO ELEITO;33;0.0;3974495;0.0;0.0
100001603111;2200;JOSÉ LOURENÇO BONFIM JÚNIOR;JÚNIOR LOURENÇO;MA;PL;Partido Liberal;ELEITO POR QP;93123;552710.0;6775152;5.935268408449041;0.08157898154904863
100001603114;2222;JOSIMAR CUNHA RODRIGUES;JOSIMAR MARANHÃOZINHO;MA;PL;Partido Liberal;ELEITO POR QP;158360;1311567.96;6775152;8.28219222025764;0.19358502362751417
100001603115;2233;MARIA DEUSDETE LIMA CUNHA RODRIGUES;DETINHA;MA;PL;Partido Liberal;ELEITO POR QP;161206;1131812.75;6775152;7.0209095815292235;0.16705348455650884
240001614303;2088;EVALDO JOÃO JUNCKES;PUPO;SC;PSC;Partido Social Cristão;NÃO ELEITO;1509;48300.03;7609601;32.00797216699801;0.006347248692802684
240001614308;2022;PATRÍCIA KLEIN;PATRÍCIA KLEIN;SC;PSC;Partido Social Cristão;NÃO ELEITO;2280;50000.0;7609601;21.92982456140351;0.006570646739559669
240001614313;2023;GAMALIEL BORGES;GAMA BORGES;SC;PSC;Partido Social Cristão;NÃO ELEITO;577;20298.02;7609601;35.17854419410745;0.0026674223786503394
240001614302;2078;ANA PAULA SCHUTZ SANTANA;ANA PAULA SCHUTZ;SC;PSC;Partido Social Cristão;NÃO ELEITO;376;20000.0;7609601;53.191489361702125;0.0026282586958238678
240001614301;2010;DIRLEY CORRÊA NUNES;DIRLEY;SC;PSC;Partido Social Cristão;NÃO ELEITO;1658;47849.5;7609601;28.859770808202654;0.006288043223291208
240001614311;2067;MERI NELSA LIESCH BRUNO;MERI LIESCH BRUNO;SC;PSC;Partido Social Cristão;NÃO ELEITO;290;20000.0;7609601;68.96551724137932;0.0026282586958238678
240001614312;2030;JAIME EVARISTO;JAIME EVARISTO;SC;PSC;Partido Social Cristão;NÃO ELEITO;3701;12000.0;7609601;3.242366927857336;0.0015769552174943206
240001614304;2007;FRANCISCO NURMBERG;FRANCISCO NURMBERG;SC;PSC;Partido Social Cristão;NÃO ELEITO;421;35000.0;7609601;83.1353919239905;0.004599452717691768
240001614307;2055;JOSÉ NILO VALLE;MAESTRO NILO;SC;PSC;Partido Social Cristão;NÃO ELEITO;608;14950.0;7609601;24.588815789473685;0.001964623375128341
240001614316;2002;CARLOS EDUARDO PRADO COSTA;DR. CARLOS COSTA;SC;PSC;Partido Social Cristão;NÃO ELEITO;2656;29827.6;7609601;11.23027108433735;0.0039197324537778
240001614310;2021;LEONICE LIMA SILVA;LEONICE GEMAQUE;SC;PSC;Partido Social Cristão;NÃO ELEITO;325;44839.42;7609601;137.96744615384614;0.005892479776534933
240001614309;2013;MARA REGINA DOS SANTOS;MARA REGINA;SC;PSC;Partido Social Cristão;NÃO ELEITO;519;19720.0;7609601;37.99614643545279;0.0025914630740823336
240001614305;2020;MARCELO WERNER;MARCELO WERNER;SC;PSC;Partido Social Cristão;NÃO ELEITO;23026;327452.97;7609601;14.221009728133414;0.0430315557937926
240001614306;2000;RONEI JOSÉ DE SOUZA;RONEI SOUZA;SC;PSC;Partido Social Cristão;NÃO ELEITO;560;46641.65;7609601;83.28866071428571;0.006129316110003665
90001648110;1331;ADRIANA SAUTHIER ACCORSI;DELEGADA ADRIANA ACCORSI;GO;PT;Partido dos Trabalhadores;ELEITO POR QP;96714;1114759.0;7055228;11.526345720371404;0.15800467398077
240001614314;2099;JUCIMAR MATEUS KRAICZK;JUCIMAR;SC;PSC;Partido Social Cristão;NÃO ELEITO;148;30000.0;7609601;202.7027027027027;0.003942388043735801
220001612156;1033;WENCESLAU RUIZ LINHARES NETO;DR WENCESLAU RUIZ;RO;REPUBLICANOS;REPUBLICANOS;NÃO ELEITO;8492;349181.75;1581016;41.118906029203956;0.2208590868150607
220001612154;1000;LAURO FRANCIELE SILVA LOPES;DR LAURO;RO;REPUBLICANOS;REPUBLICANOS;NÃO ELEITO;4284;326243.51;1581016;76.1539472455649;0.20635054294200691
220001612160;1010;LINDOMAR BARBOSA ALVES;LINDOMAR GARÇON;RO;REPUBLICANOS;REPUBLICANOS;NÃO ELEITO;14907;2054041.91;1581016;137.7904279868518;1.2991910961052893
220001612158;1022;LEONILDA FRANCISCA MARÇAL;LEONILDA MARÇAL- TRANSPOSIÇÃO;RO;REPUBLICANOS;REPUBLICANOS;NÃO ELEITO;827;243334.96;1581016;294.23816203143895;0.15391049805947568
220001612159;1023;MONICA DE CASTRO MELO DA SILVA;MISSIONARIA MÔNICA;RO;REPUBLICANOS;REPUBLICANOS;NÃO ELEITO;8690;432858.54;1581016;49.81110932105869;0.2737850470836475
220001612162;1077;LUANA QUINTÃO DE MORAES LEMOS;LUANA LEMOS;RO;REPUBLICANOS;REPUBLICANOS;NÃO ELEITO;1002;249181.9;1581016;248.68453093812374;0.15760871490231598
220001612155;1088;JOAO PAULO PICHEK;JOAO PAULO PICHEK;RO;REPUBLICANOS;REPUBLICANOS;NÃO ELEITO;3877;362960.32;1581016;93.6188599432551;0.22957409665683334
220001612161;1055;MARCELO BARBISAN DE SOUZA;DR MARCELO BARBISAN;RO;REPUBLICANOS;REPUBLICANOS;NÃO ELEITO;6271;357000.0;1581016;56.928719502471694;0.2258041664347483
220001612157;1011;ANDERSON DA SILVA PEREIRA;ANDERSON PEREIRA;RO;REPUBLICANOS;REPUBLICANOS;NÃO ELEITO;18303;434402.06;1581016;23.733926678686554;0.27476133068862046
10001643698;7727;ANDERSON LIMA DE ANDRADE BRITO;ANDERSON LIMA;AC;SOLIDARIEDADE;Solidariedade;NÃO ELEITO;200;50000.0;830026;250.0;0.060239076848195114
10001643700;7789;JOSÉ JANES GOMES DA SILVA;JANES PETECA;AC;SOLIDARIEDADE;Solidariedade;NÃO ELEITO;1636;90000.0;830026;55.012224938875306;0.10843033832675121
10001643699;7770;ISNAILDA DE SOUZA DA SILVA GONDIM;ISNAILDA;AC;SOLIDARIEDADE;Solidariedade;NÃO ELEITO;379;89966.7;830026;237.3791556728232;0.1083902191015703
10001643704;7737;MARIA DAMAIRA AGUIAR DE SOUZA;DAMAIRA AGUIAR;AC;SOLIDARIEDADE;Solidariedade;NÃO ELEITO;172;40000.0;830026;232.5581395348837;0.0481912614785561
10001643703;7788;EDIGLEY DE SOUZA ROSENDO;EDI CELULAR;AC;SOLIDARIEDADE;Solidariedade;NÃO ELEITO;120;0.0;830026;0.0;0.0
10001643696;7712;MARIA MIRLE DO NASCIMENTO CESAR DE SOUSA;MIRLA CESAR;AC;SOLIDARIEDADE;Solidariedade;NÃO ELEITO;520;59933.0;830026;115.25576923076923;0.07220617185485756
10001643697;7799;MAURICIO DINIZ LIMA;MAURICIO DINIZ;AC;SOLIDARIEDADE;Solidariedade;NÃO ELEITO;193;39211.45;830026;203.1681347150259;0.047241230997583206
10001643701;7733;JESUS RODRIGUES DA SILVA;JESUS SILVA;AC;SOLIDARIEDADE;Solidariedade;NÃO ELEITO;398;50000.0;830026;125.62814070351759;0.060239076848195114
10001643702;7777;LICIA MARA NASCIMENTO DE VASCONCELOS FIDELIS;LÍCIA FIDELIS;AC;SOLIDARIEDADE;Solidariedade;NÃO ELEITO;367;89999.6;830026;245.23051771117167;0.10842985641413644
90001621109;1599;CÉLIO ANTÔNIO DA SILVEIRA;CÉLIO SILVEIRA;GO;MDB;Movimento Democrático Brasileiro;ELEITO POR QP;92469;2552008.7600000002;7055228;27.598533130021956;0.3617188218438866
260001693501;9001;ALOISIO JOSE DE JESUS;MELHOZINHO;SE;PROS;Partido Republicano da Ordem Social;NÃO ELEITO;120;0.0;2209558;0.0;0.0
260001693498;9009;ANNA LUCIENNE VAN MIERLO LUNARDI;ANNA VAN;SE;PROS;Partido Republicano da Ordem Social;NÃO ELEITO;108;570.0;2209558;5.277777777777778;0.00025797014606541215
260001693499;9010;JOSE AUGUSTO DOS SANTOS SOBRINHO;CORONEL AUGUSTO;SE;PROS;Partido Republicano da Ordem Social;NÃO ELEITO;205;650.0;2209558;3.1707317073170733;0.0002941764823552946
260001693505;9058;JORGE LUIZ SOTERO DE SANTANA;PROF JORGE SOTERO;SE;PROS;Partido Republicano da Ordem Social;NÃO ELEITO;169;0.0;2209558;0.0;0.0
260001693500;9000;MARCELO RAMOS DA SILVA;SIFU MARCELO RAMOS;SE;PROS;Partido Republicano da Ordem Social;NÃO ELEITO;1053;3900.0;2209558;3.7037037037037037;0.0017650588941317674
70001676784;2999;IERI DE SOUSA BRAGA JUNIOR;IERI BRAGA;DF;PCO;Partido da Causa Operária;NÃO ELEITO;53;0.0;2817068;0.0;0.0
70001676782;2919;URIEL SCHRAMM ROITMAN;URIEL;DF;PCO;Partido da Causa Operária;NÃO ELEITO;50;0.0;2817068;0.0;0.0
70001732344;2949;MARILIA VIEIRA MARQUES;MARILIA VIEIRA;DF;PCO;Partido da Causa Operária;NÃO ELEITO;139;0.0;2817068;0.0;0.0
70001676783;2929;RICARDO DE SOUSA MACHADO;RICARDO MACHADO;DF;PCO;Partido da Causa Operária;NÃO ELEITO;118;0.0;2817068;0.0;0.0
70001676785;2939;ANA SCHRAMM;ANA SCHRAMM;DF;PCO;Partido da Causa Operária;NÃO ELEITO;113;0.0;2817068;0.0;0.0
220001612148;6565;JOÃO CERQUEIRA DE SOUZA;JOÃO ABELHÃO;RO;PC do B;Partido Comunista do Brasil;NÃO ELEITO;371;49412.82;1581016;133.18819407008087;0.03125383930333406
220001612149;6513;SAMUEL COSTA MENEZES;SAMUEL COSTA;RO;PC do B;Partido Comunista do Brasil;NÃO ELEITO;1607;81900.0;1581016;50.964530180460486;0.051802132299736375
220001612151;6500;MARIA PENHA DA SILVEIRA;PROFESSORA PENHA;RO;PC do B;Partido Comunista do Brasil;NÃO ELEITO;142;19900.0;1581016;140.14084507042253;0.012586842890900535
10001738921;2020;JECE LUIZ DA SILVA FERREIRA;JECÉ MECANICO;AC;PSC;Partido Social Cristão;NÃO ELEITO;246;0.0;830026;0.0;0.0
10001723625;2022;LUANA WELLY DA SILVA ARAUJO;LUANA ARAÚJO;AC;PSC;Partido Social Cristão;NÃO ELEITO;107;0.0;830026;0.0;0.0
10001723626;2000;CARLOS ALBERTO SILVA DO NASCIMENTO;SGT CARLOS TANACA;AC;PSC;Partido Social Cristão;NÃO ELEITO;327;0.0;830026;0.0;0.0
130001604337;5555;DIEGO LEONARDO DE ANDRADE CARVALHO;DIEGO ANDRADE;MG;PSD;Partido Social Democrático;ELEITO POR QP;170181;1976510.28;20538718;11.61416538861565;0.09623338126556877
130001604325;5505;MISAEL ARTUR FERREIRA VARELLA;MISAEL VARELLA;MG;PSD;Partido Social Democrático;ELEITO POR QP;149398;2265953.55;20538718;15.167228142277674;0.11032594877635497
130001604328;5544;STEFANO AGUIAR DOS SANTOS;STEFANO AGUIAR;MG;PSD;Partido Social Democrático;ELEITO POR QP;96503;1591439.92;20538718;16.49109271214366;0.0774848712563267
40001719839;9023;ELISON NUNES DE SOUZA;ELISON NUNES;AM;PROS;Partido Republicano da Ordem Social;NÃO ELEITO;903;650.0;3941175;0.7198228128460686;0.00016492543467366965
40001719840;9090;LUCIANO DE FARIAS;LUCIANO DE FARIAS;AM;PROS;Partido Republicano da Ordem Social;NÃO ELEITO;70;0.0;3941175;0.0;0.0
40001719837;9022;ANTÔNIO CARLOS SANTOS SILVA;CARLOS SILVA;AM;PROS;Partido Republicano da Ordem Social;NÃO ELEITO;996;3620.0;3941175;3.6345381526104417;0.0009185078054133602
40001733847;9099;ADRIANA MOURA DE MENDONÇA;ADRIANA MENDONÇA;AM;PROS;Partido Republicano da Ordem Social;NÃO ELEITO;240;2999854.0;3941175;12499.391666666666;0.7611572690885332
40001719838;9077;DARLAM MELO DOS SANTOS;APÓSTOLO DARLAM SANTOS;AM;PROS;Partido Republicano da Ordem Social;NÃO ELEITO;245;900.0;3941175;3.673469387755102;0.0002283582941635426
180001646277;8080;THAYS DIAS DE MORAIS;THAYS DIAS;PI;UP;Unidade Popular;NÃO ELEITO;878;14525.9;3269200;16.544305239179955;0.004443258289489783
190001606551;9000;SERGIO DA COSTA ARAUJO;SERGIO FAENZA;RJ;PROS;Partido Republicano da Ordem Social;NÃO ELEITO;2696;25520.0;16054524;9.465875370919882;0.0015895830981971187
190001606576;9051;CARLOS ROBERTO DOS SANTOS;CARLINHOS PRÓ-MENOR;RJ;PROS;Partido Republicano da Ordem Social;NÃO ELEITO;689;0.0;16054524;0.0;0.0
190001606579;9090;MAX RODRIGUES LEMOS;MAX;RJ;PROS;Partido Republicano da Ordem Social;ELEITO POR QP;89507;2268564.01;16054524;25.34510161216441;0.1413037228634122
50001596236;3060;VITOR HUGO KNACK;VITOR HUGO KNACK;BA;NOVO;Partido Novo;NÃO ELEITO;403;6450.88;14136417;16.00714640198511;0.00045633062465545547
50001596239;3030;DANIELLE SANTOS PINHEIRO ANDRADE;DANI PINHEIRO;BA;NOVO;Partido Novo;NÃO ELEITO;1112;802.0;14136417;0.7212230215827338;5.673290480890596e-05
50001596234;3010;LUCIANA BORGES LOUREIRO BUCK;LUCIANA BUCK;BA;NOVO;Partido Novo;NÃO ELEITO;4745;8000.0;14136417;1.6859852476290833;0.0005659142624329772
50001596235;3001;PAULO AUGUSTO DAS NEVES VIEIRA;TIO PAULINHO;BA;NOVO;Partido Novo;NÃO ELEITO;1793;15443.34;14136417;8.613128834355829;0.0010924507957002117
50001596238;3033;FRANCISCO FERNANDES NOGUEIRA;NOBRE FRANCISCO;BA;NOVO;Partido Novo;NÃO ELEITO;1210;2112.13;14136417;1.7455619834710745;0.00014941056138907053
50001596237;3031;JOSÉ DOMINGOS DE ALMEIDA PEREIRA;DOMINGOS PEREIRA;BA;NOVO;Partido Novo;NÃO ELEITO;661;3382.21;14136417;5.116807866868381;0.00023925510969292996
50001615504;3628;ALANA LETICIA SANTOS REIS;ALANA REIS;BA;AGIR;AGIR;NÃO ELEITO;59;0.0;14136417;0.0;0.0
50001615496;3622;JOSE RUFINO ARGOLO DOS SANTOS;RUFINO ARGOLO;BA;AGIR;AGIR;NÃO ELEITO;193;0.0;14136417;0.0;0.0
50001729542;3643;ZENAIDE COVA DOS SANTOS;ZENAIDE COVAS;BA;AGIR;AGIR;NÃO ELEITO;67;10000.0;14136417;149.2537313432836;0.0007073928280412215
50001615489;3624;TAIS DE OLIVEIRA DOS SANTOS;TAIS OLIVEIRA;BA;AGIR;AGIR;NÃO ELEITO;228;0.0;14136417;0.0;0.0
50001615501;3608;MARIO DOS SANTOS CERQUEIRA;MAMARO DE LUZIA;BA;AGIR;AGIR;NÃO ELEITO;474;26016.0;14136417;54.88607594936709;0.0018403531814320418
50001615500;3657;ANTONIO SANTOS CERQUEIRA;CERQUEIRA;BA;AGIR;AGIR;NÃO ELEITO;31;800.0;14136417;25.806451612903224;5.659142624329772e-05
50001615492;3636;ANAILTON DA CONCEIÇÃO;ANAILTON NAI;BA;AGIR;AGIR;NÃO ELEITO;387;0.0;14136417;0.0;0.0
50001615491;3677;VALTER ALMEIDA DE BRITO;VALTER BRITO;BA;AGIR;AGIR;NÃO ELEITO;30;0.0;14136417;0.0;0.0
50001615487;3630;JORGE LUIS BRAGA DA SILVA;JORGE BRAGA;BA;AGIR;AGIR;NÃO ELEITO;104;0.0;14136417;0.0;0.0
50001615495;3611;GERISVALDO PEREIRA AGUIAR;GILMAR AGUIAR;BA;AGIR;AGIR;NÃO ELEITO;424;4352.0;14136417;10.264150943396226;0.0003078573587635396
50001615502;3699;VALDIZIA FREITAS DE SANTANA;VALDIZIA F ORGULHO D S MULHER;BA;AGIR;AGIR;NÃO ELEITO;417;10016.35;14136417;24.02002398081535;0.000708549415315069
50001615488;3607;VICENTE RATON CARNEIRO;PROFESSOR RATTON;BA;AGIR;AGIR;NÃO ELEITO;273;12300.0;14136417;45.05494505494506;0.0008700931784907024
50001615497;3613;JOAO BONITO DE OLIVEIRA;JOAO BONITO;BA;AGIR;AGIR;NÃO ELEITO;673;0.0;14136417;0.0;0.0
160001621983;5050;ADRIANO NEGOCEK;ADRIANO NEGOCEK;PR;PSOL;Partido Socialismo e Liberdade;NÃO ELEITO;3395;71254.7;11443208;20.988129602356405;0.006226811572419203
160001622000;5051;VALÉRIA DA SILVA TRINDADE;PROFESSORA VALÉRIA;PR;PSOL;Partido Socialismo e Liberdade;NÃO ELEITO;434;20975.5;11443208;48.33064516129032;0.0018330087157377546
160001622006;5005;THIAGO DE SOUSA BAGATIN;THIAGO BAGATIN E COLETIVO EKOA;PR;PSOL;Partido Socialismo e Liberdade;NÃO ELEITO;1486;56394.91;11443208;37.950814266487214;0.00492824302415896
160001622011;5000;JÂNDERSON RODRIGUES DE SOUZA;JÂNDERSON RODRIGUES E COLETIVO;PR;PSOL;Partido Socialismo e Liberdade;NÃO ELEITO;930;11190.0;11443208;12.03225806451613;0.0009778726385118578
160001622007;5025;EDMILSON APARECIDO DA SILVA;PROFESSOR EDMILSON;PR;PSOL;Partido Socialismo e Liberdade;NÃO ELEITO;1055;14132.57;11443208;13.395800947867299;0.001235018187207643
160001621990;5077;DAVID JOSÉ URBANO;ROBINHO TAMANDARÉ;PR;PSOL;Partido Socialismo e Liberdade;NÃO ELEITO;447;54337.6;11443208;121.56062639821029;0.004748458649008215
160001621996;5020;OSMAR BATISTA;OSMAR JAHMAICA;PR;PSOL;Partido Socialismo e Liberdade;NÃO ELEITO;743;71302.8;11443208;95.96608344549125;0.006231014939167409
160001622004;5010;ANDREA DO ROCIO CALDAS;ANDREA CALDAS;PR;PSOL;Partido Socialismo e Liberdade;NÃO ELEITO;2416;44601.9;11443208;18.461051324503313;0.0038976744982700657
160001621992;5013;CLÁUDIA REGINA MALLMANN;CLÁUDIA MALLMANN;PR;PSOL;Partido Socialismo e Liberdade;NÃO ELEITO;1095;54597.229999999996;11443208;49.860484018264835;0.004771147216759496
160001621993;5055;ALFREDO BURZYNSKI;PROF ALFREDO;PR;PSOL;Partido Socialismo e Liberdade;NÃO ELEITO;651;9391.869999999999;11443208;14.426835637480798;0.0008207375064754568
60001613062;5010;AIRTON GLEISSON TEIXEIRA LIMA;AIRTON GLEISSON;CE;PSOL;Partido Socialismo e Liberdade;NÃO ELEITO;779;68723.28;8791688;88.21987163029524;0.00781684700366983
60001613078;5098;RAIMUNDO NONATO DA ROCHA FRANCO;RAIMUNDO ROCHA;CE;PSOL;Partido Socialismo e Liberdade;NÃO ELEITO;61;6216.0;8791688;101.90163934426229;0.000707031459715131
60001613065;5078;PEDRO WILSON DE SOUSA OLIVEIRA;PEDRO WILSON;CE;PSOL;Partido Socialismo e Liberdade;NÃO ELEITO;788;44273.3;8791688;56.18439086294416;0.005035813372813048
60001613071;5005;ANNA KARINA CAVALCANTE DE OLIVEIRA;ANNA KARINA VOZES FEMINISTAS;CE;PSOL;Partido Socialismo e Liberdade;NÃO ELEITO;9512;137257.01;8791688;14.429879100084106;0.015612133870082742
60001613072;5099;DAMIÃO AMÂNCIO DA SILVA;DAMIÃO AMÂNCIO;CE;PSOL;Partido Socialismo e Liberdade;NÃO ELEITO;1221;32028.82;8791688;26.231629811629812;0.0036430796907260584
60001613064;5088;ROBERTA MENEZES SOUSA;ROBERTA MENEZES;CE;PSOL;Partido Socialismo e Liberdade;NÃO ELEITO;1505;20272.14;8791688;13.469860465116279;0.002305830234193934
60001613081;5000;JANAÍNA ARAUJO DE OLIVEIRA;JANAÍNA ARAÚJO;CE;PSOL;Partido Socialismo e Liberdade;NÃO ELEITO;555;64955.0;8791688;117.03603603603604;0.0073882285176635025
60001719179;5020;PAULO RUBENS BARBOSA FRANÇA;PAULO ANACÉ;CE;PSOL;Partido Socialismo e Liberdade;NÃO ELEITO;1166;159638.25;8791688;136.9110205831904;0.018157861152488578
60001613079;5044;ANA LIDIA RODRIGUES LIMA;LÍDIA DO BORA DE RUMA;CE;PSOL;Partido Socialismo e Liberdade;NÃO ELEITO;7072;148475.57;8791688;20.994848699095023;0.016888175513052783
60001613070;5050;AILTON CLAÉCIO LOPES DANTAS;AILTON LOPES;CE;PSOL;Partido Socialismo e Liberdade;NÃO ELEITO;16052;222519.15;8791688;13.862394094193869;0.02531017365493407
60001613073;5080;FRANCISCO ALAN DE AMORIM QUINTELA;ALAN AMORIM;CE;PSOL;Partido Socialismo e Liberdade;NÃO ELEITO;500;16400.0;8791688;32.8;0.0018653983171377328
60001613061;5055;GABRIEL LIMA DE AGUIAR;GABRIEL BIOLOGIA;CE;PSOL;Partido Socialismo e Liberdade;NÃO ELEITO;38277;194659.9;8791688;5.085557906837003;0.0221413566996463
60001613075;5032;CLÁUDIO OLIVEIRA LIMA JÚNIOR;CLÁUDIO JÚNIOR;CE;PSOL;Partido Socialismo e Liberdade;NÃO ELEITO;101;0.0;8791688;0.0;0.0
60001613063;5001;JOÃO ALFREDO TELLES MELO;JOÃO ALFREDO;CE;PSOL;Partido Socialismo e Liberdade;NÃO ELEITO;18843;253544.59;8791688;13.455638168019954;0.028839125091791245
60001613080;5030;CLEONICE PEREIRA DE SOUSA;CLEONICE SOUSA;CE;PSOL;Partido Socialismo e Liberdade;NÃO ELEITO;177;18192.0;8791688;102.77966101694915;0.0020692272064249777
60001613076;5060;CRISTIANO ALMEIDA NUNES;CRISTIANO ALMEIDA;CE;PSOL;Partido Socialismo e Liberdade;NÃO ELEITO;109;16577.96;8791688;152.09137614678897;0.0018856401637546737
60001613077;5007;MAYA ELIZ SOUSA LIMA;MAYA ELIZ;CE;PSOL;Partido Socialismo e Liberdade;NÃO ELEITO;4111;70231.29000000001;8791688;17.08374847968864;0.007988373791244641
60001613067;5013;ADELITTA MONTEIRO NUNES;ADELITA MONTEIRO;CE;PSOL;Partido Socialismo e Liberdade;NÃO ELEITO;20806;234114.21;8791688;11.252245025473421;0.0266290398385384
60001633786;1901;RAIMUNDO MAGALHÃES FARIAS;CAPITÃO FARIAS;CE;PODE;Podemos;NÃO ELEITO;313;22856.65;8791688;73.0244408945687;0.0025998022222808634
60001646929;1926;JOSE DANIEL FERREIRA FONTENELE;DANIEL FONTENELE;CE;PODE;Podemos;NÃO ELEITO;219;22826.0;8791688;104.22831050228311;0.0025963159748162126
60001633776;1900;SEBASTIÃO GLEIDISTON DE SOUSA PAIVA;PAIVA;CE;PODE;Podemos;NÃO ELEITO;39;0.0;8791688;0.0;0.0
60001633770;1944;ELIAS MARTINS GOMES;ELIAS GOMES;CE;PODE;Podemos;NÃO ELEITO;429;22516.0;8791688;52.484848484848484;0.0025610553968703166
60001633781;1924;JOICIANA SOUSA MATOS CANUTO;JOICIANA CANUTO SEREIA;CE;PODE;Podemos;NÃO ELEITO;258;22000.0;8791688;85.27131782945736;0.0025023635961603733
60001633782;1999;ANTÔNIO RODRIGUES DA COSTA NETO;COSTA NETO;CE;PODE;Podemos;NÃO ELEITO;110;22800.0;8791688;207.27272727272728;0.0025933586360207504
60001633778;1918;ADRIANO PEREIRA DA ROCHA;ADRIANO PEREIRA;CE;PODE;Podemos;NÃO ELEITO;77;22648.52;8791688;294.1366233766234;0.002576128725223188
60001633784;1955;INÊS DE MELO BRITO;INÊS MELO;CE;PODE;Podemos;NÃO ELEITO;146;12387.0;8791688;84.84246575342466;0.0014089444484381157
60001633771;1973;FRANCISCO WILSON PEREIRA FILHO;CHICO PEZÃO CAUCAIA;CE;PODE;Podemos;NÃO ELEITO;380;22638.95;8791688;59.576184210526314;0.0025750401970588586
60001633785;1959;MARIA ZULEIDE RODRIGUES BRANDÃO;ZULEIDE BRANDÃO;CE;PODE;Podemos;NÃO ELEITO;151;21968.0;8791688;145.48344370860926;0.002498723794565958
60001633773;1977;ELISABETH BARBOSA MOREIRA;BETH MOURA;CE;PODE;Podemos;NÃO ELEITO;293;21967.0;8791688;74.97269624573379;0.0024986100507661327
60001633772;1933;DIANA HELENA SOARES ROCHA MARINHO SARAIVA;DIANA MARINHO;CE;PODE;Podemos;NÃO ELEITO;192;21983.0;8791688;114.49479166666667;0.0025004299515633405
60001633775;1922;RAPHAEL STHEFESON COSTA FONTENELE;RAPHAEL FONTENELE;CE;PODE;Podemos;NÃO ELEITO;393;22857.0;8791688;58.16030534351145;0.0025998420326108023
60001633777;1974;ROSÉLIA FREITAS MARTINS;ROSE MARTINS CANTORA;CE;PODE;Podemos;NÃO ELEITO;281;22000.0;8791688;78.29181494661921;0.0025023635961603733
60001633774;1920;JOSÉ IZAIAS NEPOMUCENO DE CARVALHO;IZAIAS COCADINHA;CE;PODE;Podemos;NÃO ELEITO;259;22857.0;8791688;88.25096525096525;0.0025998420326108023
60001633780;1923;JOÃO LUIZ FELIPE PINHEIRO;FELIPE MENEZES;CE;PODE;Podemos;NÃO ELEITO;389;22840.0;8791688;58.7146529562982;0.0025979083880137695
60001633779;1907;EMMANUEL DE SOUSA AGUIAR;BISPO EMMANUEL;CE;PODE;Podemos;NÃO ELEITO;310;22500.0;8791688;72.58064516129032;0.0025592354960731092
60001633783;1919;GILBERTO LINARD ROCHA JÚNIOR;MATHEUS LINARD;CE;PODE;Podemos;NÃO ELEITO;932;0.0;8791688;0.0;0.0
200001647088;1999;CLARISSA PEREIRA MATIAS DA COSTA;CLARISSA MATIAS;RN;PODE;Podemos;NÃO ELEITO;5505;41631.8;3302729;7.562543142597639;0.012605272791076714
200001647090;1919;JOSE OZILDO DOS SANTOS SEGUNDO;PROFESSOR OZILDO;RN;PODE;Podemos;NÃO ELEITO;2410;31900.0;3302729;13.236514522821576;0.009658679231629358
200001647093;1922;MARCO ANTÔNIO DA ROCHA TRIGUEIRO;MARCO NOTÍCIAS NO FACE;RN;PODE;Podemos;NÃO ELEITO;1093;19999.99;3302729;18.29825251601098;0.006055595236545294
200001647087;1900;CARLOS ANTONIO LIMA DA SILVA;CARLINHOS DO VALE;RN;PODE;Podemos;NÃO ELEITO;283;18200.0;3302729;64.31095406360424;0.005510594420553427
200001647092;1933;SILVIA HELENA DOS SANTOS GOMES;SILVINHA ENFERMEIRA;RN;PODE;Podemos;NÃO ELEITO;1919;28599.059999999998;3302729;14.903105784262635;0.008659220904894103
200001647086;1907;ALEXANDRE VAGNER DA COSTA SOARES;VAGNER DA VISTORIA;RN;PODE;Podemos;NÃO ELEITO;1092;15000.0;3302729;13.736263736263735;0.0045416986982583195
200001647089;1911;GILSON CARLOS MEIRA VERAS;GILSON VERAS;RN;PODE;Podemos;NÃO ELEITO;156;10000.0;3302729;64.1025641025641;0.0030277991321722127
200001647085;1977;ALDAIR DE LUCENA DA SILVA;GARI ALDAIR;RN;PODE;Podemos;NÃO ELEITO;700;12259.93;3302729;17.514185714285716;0.0037120605414492076
200001647091;1910;KESIA MAGALI FERNANDES MACHADO RODRIGUES;KESIA MAGALI;RN;PODE;Podemos;NÃO ELEITO;386;25875.18;3302729;67.03414507772021;0.007834484754879979
20001605787;1616;PAULO SÉRGIO DA SILVA FALCÃO;PAULO FALCÃO;AL;PSTU;Partido Socialista dos Trabalhadores Unificado;NÃO ELEITO;256;3333.0;3127511;13.01953125;0.0010657036857744065
10001622413;1223;ADRIANA DA SILVA MELO;ADRIANA MELO;AC;PDT;Partido Democrático Trabalhista;NÃO ELEITO;420;35000.0;830026;83.33333333333333;0.04216735379373658
10001622406;1200;MARIA ROSILENE DANTAS BARROS;RÔ DA BASE;AC;PDT;Partido Democrático Trabalhista;NÃO ELEITO;165;16771.0;830026;101.64242424242424;0.020205391156421604
10001622407;1222;RALPH LUIS DO NASCIMENTO FERNANDES;RALPH FERNANDES;AC;PDT;Partido Democrático Trabalhista;NÃO ELEITO;1087;29888.0;830026;27.495860165593378;0.03600851057677711
10001622405;1225;RAYNER DE ARAUJO NERI;RAYNER NERI;AC;PDT;Partido Democrático Trabalhista;NÃO ELEITO;314;39999.3;830026;127.38630573248409;0.04819041813148022
10001622409;1227;EMIR JOSE NOGUEIRA MENDONÇA;EMIR MENDONÇA;AC;PDT;Partido Democrático Trabalhista;NÃO ELEITO;524;15958.050000000001;830026;30.454293893129773;0.019225964005946804
10001622411;1221;MARIA DE JESUS GOMES DA SILVA CAVALCANTE;DJE CAVALCANTE;AC;PDT;Partido Democrático Trabalhista;NÃO ELEITO;681;0.0;830026;0.0;0.0
10001622412;1277;ORLEILSON GONÇALVES CAMELI;ORLEILSON CAMELI;AC;PDT;Partido Democrático Trabalhista;NÃO ELEITO;5973;393275.92;830026;65.84227691277415;0.47381156734849267
10001622408;1212;JESUS SERGIO DE MENEZES;JESUS SÉRGIO;AC;PDT;Partido Democrático Trabalhista;NÃO ELEITO;9536;1420305.84;830026;148.94146812080538;1.7111582528740064
10001622410;1234;JORGE LUIS SILVA E SILVA;JORGE LUÍS;AC;PDT;Partido Democrático Trabalhista;NÃO ELEITO;883;12011.0;830026;13.602491506228766;0.014470631040473431
60001608890;4444;HEITOR RODRIGO PEREIRA FREIRE;HEITOR FREIRE;CE;UNIÃO;UNIÃO BRASIL;NÃO ELEITO;48888;2771919.75;8791688;56.69938942071674;0.31528868517627107
230001613694;2722;ANTONIO CARLOS FREIRE SILVA;CARLOS KOELHO;RR;DC;Democracia Cristã;NÃO ELEITO;229;0.0;636303;0.0;0.0
230001613695;2727;MARLENE NASCIMENTO LIRA LOPES;MARLENE LOPES;RR;DC;Democracia Cristã;NÃO ELEITO;68;27460.55;636303;403.8316176470588;0.04315640504602367
230001613696;2777;ELIZOMAR MORAES DE LIMA;ELY DE RORAIMA;RR;DC;Democracia Cristã;NÃO ELEITO;50;8762.0;636303;175.24;0.013770169243269324
230001613691;2711;MARIA EDNALVA DA SILVA FEITOSA;KONCHITA;RR;DC;Democracia Cristã;NÃO ELEITO;62;22632.68;636303;365.04322580645163;0.035569029220355715
230001613692;2710;MARIA DA SILVA;MARIA DA SILVA;RR;DC;Democracia Cristã;NÃO ELEITO;33;22624.9;636303;685.6030303030303;0.03555680234102307
230001613693;2700;DENIS ALCANTARA DE MELO;DENIS ALCANTARA;RR;DC;Democracia Cristã;NÃO ELEITO;247;8765.84;636303;35.48923076923077;0.013776204104019626
90001675874;8080;LARYSSA SAMPAIO DA SILVA MACIEL;LARYSSA SAMPAIO;GO;UP;Unidade Popular;NÃO ELEITO;1194;3600.0;7055228;3.0150753768844223;0.0005102599093891792
50001619841;1000;ROGERIA DE ALMEIDA PEREIRA DOS SANTOS;ROGERIA SANTOS;BA;REPUBLICANOS;REPUBLICANOS;ELEITO POR MÉDIA;82012;1118964.29;14136417;13.643909305955226;0.07915473135802376
250001611321;2255;FRANCISCO EVERARDO TIRIRICA OLIVEIRA SILVA;TIRIRICA;SP;PL;Partido Liberal;ELEITO POR MÉDIA;71754;599946.9400000001;44420459;8.361163698191042;0.013506095018063637
90001601543;3007;ELIANA DE ANDRADE SARMENTO;ELIANA SARMENTO;GO;NOVO;Partido Novo;NÃO ELEITO;170;0.0;7055228;0.0;0.0
90001601553;3038;FLÁVIO PAGOTTO;FLÁVIO PAGOTTO;GO;NOVO;Partido Novo;NÃO ELEITO;1497;75410.85;7055228;50.3746492985972;0.010688648191100275
90001601545;3031;WORLEM KENEDY ALVES DE JESUS;WORLEM KENEDY;GO;NOVO;Partido Novo;NÃO ELEITO;92;0.0;7055228;0.0;0.0
90001601547;3077;EDER DE PAULA BENTO;PROF. EDER BENTO;GO;NOVO;Partido Novo;NÃO ELEITO;2266;77615.24;7055228;34.25209179170344;0.011001095924894278
90001601549;3012;LÉLANDI CALIL DE ASSIS;LÉLANDI;GO;NOVO;Partido Novo;NÃO ELEITO;413;0.0;7055228;0.0;0.0
90001601552;3001;DEMONTIER CAMELO DA SILVA;DEMONTIER CAMELO;GO;NOVO;Partido Novo;NÃO ELEITO;850;4450.0;7055228;5.235294117647059;0.0006307379435505131
90001601544;3030;PAULO VITOR GONCALVES MARQUES;PAULO VITOR MARQUES;GO;NOVO;Partido Novo;NÃO ELEITO;7321;85762.3;7055228;11.714560852342576;0.012155850951946557
90001601554;3022;PIETRA LAGE LAURIANO LEITE;PIETRA LAGE;GO;NOVO;Partido Novo;NÃO ELEITO;192;0.0;7055228;0.0;0.0
90001601546;3010;ALANO RIBEIRO DE QUEIROZ FILHO;DOUTOR ALANO;GO;NOVO;Partido Novo;NÃO ELEITO;5055;220676.16999999998;7055228;43.65502868447082;0.03127838958570864
90001601541;3026;ALESSANDRA ROCHA MOREIRA DA SILVA;ALE ROCHA;GO;NOVO;Partido Novo;NÃO ELEITO;202;0.0;7055228;0.0;0.0
90001601542;3000;POLLYANA CARDOSO LOPES;POLLY DO NOVO;GO;NOVO;Partido Novo;NÃO ELEITO;479;2000.0;7055228;4.175365344467641;0.00028347772743843286
90001601550;3009;MARINA LUZIA OLIVEIRA TORRES;MARINA TORRES;GO;NOVO;Partido Novo;NÃO ELEITO;265;6000.0;7055228;22.641509433962263;0.0008504331823152986
90001601551;3090;ALEXANDRE FERNANDES DE CASTRO;CAPITÃO CASTRO;GO;NOVO;Partido Novo;NÃO ELEITO;2910;41111.0;7055228;14.127491408934707;0.005827026426360707
90001601548;3033;JHONATAN HENRIQUE SANTOS DE ARAUJO;HENRIQUE ARAUJO;GO;NOVO;Partido Novo;NÃO ELEITO;255;4983.0;7055228;19.541176470588237;0.0007062847579128556
70001712950;5125;DANIELLE CRISTHIE GOMES RIBEIRO LIMA SALES;DANIELLE CRISTHIE;DF;PATRIOTA;Patriota;NÃO ELEITO;78;20097.949999999997;2817068;257.6660256410256;0.007134350324521806
70001712951;5118;MARIA CÍCERA SALUSTRIANO CAETANO;ÍNDIA PATIRA;DF;PATRIOTA;Patriota;NÃO ELEITO;541;50000.0;2817068;92.42144177449168;0.017748950327077656
70001712948;5123;CARLOS ENOCK RODRIGUES ESTEVES;ENOCK ESTEVES;DF;PATRIOTA;Patriota;NÃO ELEITO;164;17957.88;2817068;109.49926829268293;0.006374670401992426
70001712954;5151;VICTOR OKUBO AGUIAR;VICTOR OKUBO;DF;PATRIOTA;Patriota;NÃO ELEITO;1332;259961.51;2817068;195.1662987987988;0.09228087855884204
70001712952;5150;NÉSIO OLIVEIRA SILVA;PROFESSOR NÉSIO;DF;PATRIOTA;Patriota;NÃO ELEITO;176;14901.95;2817068;84.67017045454546;0.005289879406531898
70001712955;5111;SIDRAQUE PINHEIRO DA SILVA;PASTOR SIDRAQUE PINHEIRO;DF;PATRIOTA;Patriota;NÃO ELEITO;574;0.0;2817068;0.0;0.0
70001712949;5107;DANIELA CINTRA RODRIGUES;DANIELA CINTRA;DF;PATRIOTA;Patriota;NÃO ELEITO;143;19580.97;2817068;136.92986013986015;0.006950833277719956
250001611355;2215;ROBSON LIEBETANZ DZELVE CALABIANQUI JUNIOR;FUINHA ROBSON CALABIANQUI;SP;PL;Partido Liberal;NÃO ELEITO;22926;335000.0;44420459;14.612230655151356;0.007541569977923911
160001621995;1881;STALLONE DOS SANTOS RIBEIRO;STALLONE RIBEIRO;PR;REDE;Rede Sustentabilidade;NÃO ELEITO;706;49140.94;11443208;69.60473087818697;0.0042943324983693385
160001621988;1801;OSMAR GALVÃO;OSMAR GALVÃO;PR;REDE;Rede Sustentabilidade;NÃO ELEITO;154;15500.0;11443208;100.64935064935065;0.001354515272290777
160001724308;1821;MARCIO RICARDO STIER;SARGENTO STIER;PR;REDE;Rede Sustentabilidade;NÃO ELEITO;116;4880.0;11443208;42.06896551724138;0.00042645384056638665
160001724311;1827;LÁZARA DE OLIVEIRA FUSCO;MISSIONÁRIA LÁZARA;PR;REDE;Rede Sustentabilidade;NÃO ELEITO;115;7000.0;11443208;60.869565217391305;0.0006117165745829317
160001621991;1833;RAFAEL GUSTAVO NOGUTI CARDOSO;RAFAEL NOGUTI;PR;REDE;Rede Sustentabilidade;NÃO ELEITO;148;7000.0;11443208;47.2972972972973;0.0006117165745829317
160001622013;1822;MARIA ELENICE DOS SANTOS;ELENICE SANTOS;PR;REDE;Rede Sustentabilidade;NÃO ELEITO;357;33724.44;11443208;94.46621848739497;0.002947114130932515
160001724310;1818;NALINEZ ZANON;DRA NALI;PR;REDE;Rede Sustentabilidade;NÃO ELEITO;2210;44900.11;11443208;20.31679185520362;0.003923734498228119
160001621999;1899;KELLY PEREIRA RAMOS;KELLY RAMOS;PR;REDE;Rede Sustentabilidade;NÃO ELEITO;166;30950.0;11443208;186.44578313253012;0.0027046611404773907
160001621994;1844;MESAEL CAETANO DOS SANTOS;MESAEL CAETANO;PR;REDE;Rede Sustentabilidade;NÃO ELEITO;78;49651.939999999995;11443208;636.5633333333333;0.004338987808313892
160001621985;1808;ANTONIO DIAS MARTINS;TOM MARTINS;PR;REDE;Rede Sustentabilidade;NÃO ELEITO;104;8000.0;11443208;76.92307692307692;0.0006991046566662076
160001724309;1857;JOÃO JOSÉ DE FÉLIX PEREIRA;AWAJU POTY;PR;REDE;Rede Sustentabilidade;NÃO ELEITO;271;19858.07;11443208;73.2770110701107;0.0017353586511754395
160001621984;1812;ALDAIR TARCÍSIO RIZZI;PROFESSOR ALDAIR RIZZI;PR;REDE;Rede Sustentabilidade;NÃO ELEITO;1082;62107.47;11443208;57.40061922365989;0.0054274526863445985
160001621998;1811;ARLETE DE CONTI HANDA;DRA ARLETE;PR;REDE;Rede Sustentabilidade;NÃO ELEITO;258;31037.0;11443208;120.2984496124031;0.0027122639036186356
160001724307;1813;JOÃO BATISTA CARDOSO;DR JOÃO BATISTA ADVOGADO;PR;REDE;Rede Sustentabilidade;NÃO ELEITO;572;22398.0;11443208;39.15734265734266;0.0019573182625012148
160001621987;1819;LUCIANA POMBO FERNANDES RICETTI;JORNALISTA LUCIANA  POMBO;PR;REDE;Rede Sustentabilidade;NÃO ELEITO;488;85826.17;11443208;175.87329918032788;0.007500184388853195
160001622012;1840;MARCELO GUILHERME;PROFESSOR MARCELO;PR;REDE;Rede Sustentabilidade;NÃO ELEITO;10699;191963.1;11443208;17.94215347228713;0.01677528713976011
160001724312;1850;SANNI CRISTINA VEIGA CORDEIRO;SANNI DO ALVORADA;PR;REDE;Rede Sustentabilidade;NÃO ELEITO;137;30000.0;11443208;218.97810218978103;0.0026216424624982784
160001621986;1890;BENONI KRUGER SANTOS;CABO BENONI DO ACAMPAMENTO;PR;REDE;Rede Sustentabilidade;NÃO ELEITO;3318;15800.0;11443208;4.761904761904762;0.00138073169691576
160001621989;1855;MAURO ROCKENBACH;MAURO ROCKENBACH;PR;REDE;Rede Sustentabilidade;NÃO ELEITO;2591;198882.49;11443208;76.75896950984176;0.017379959361046308
160001622001;1800;CLÁUDIO HENRIQUE DE CASTRO;CLÁUDIO CASTRO;PR;REDE;Rede Sustentabilidade;NÃO ELEITO;552;46000.0;11443208;83.33333333333333;0.004019851775830694
160001622002;1888;JOSÉ MARIA LEÃO COELHO;ZÉ MARIA;PR;REDE;Rede Sustentabilidade;NÃO ELEITO;1352;46200.0;11443208;34.171597633136095;0.004037329392247348
90001614746;4480;ZACARIAS CALIL HAMU;DR ZACHARIAS CALIL;GO;UNIÃO;UNIÃO BRASIL;ELEITO POR MÉDIA;87919;2249732.73;7055228;25.58869789237821;0.3188745608221308
170001619891;4004;FELIPE AUGUSTO LYRA CARRERAS;FELIPE  CARRERAS;PE;PSB;Partido Socialista Brasileiro;ELEITO POR MÉDIA;76528;3177016.35;9058155;41.514430665900065;0.35073548090091194
170001619889;4019;GUILHERME ARISTOTELES UCHOA CAVALCANTI PESSOA DE MELO JUNIOR;GUILHERME UCHOA JUNIOR;PE;PSB;Partido Socialista Brasileiro;ELEITO POR MÉDIA;84592;1076987.03;9058155;12.731547073009269;0.1188969530770891
30001601831;1222;DORINALDO BARBOSA MALAFAIA;DORINALDO MALAFAIA;AP;PDT;Partido Democrático Trabalhista;ELEITO POR MÉDIA;11473;240904.2;733508;20.997489758563585;0.3284275018132045
30001601833;1234;MARIA GORETH DA SILVA E SOUSA;PROFESSORA GORETH;AP;PDT;Partido Democrático Trabalhista;ELEITO POR MÉDIA;8409;259159.2;733508;30.819265073135927;0.3533147559399489
210001648587;2200;ALCIBIO MESQUITA BIBO NUNES;BIBO NUNES;RS;PL;Partido Liberal;ELEITO POR MÉDIA;76521;1449740.09;10880506;18.945650082983757;0.13324197330528562
130001619781;1080;LAFAYETTE LUIZ DOORGAL DE ANDRADA;LAFAYETTE ANDRADA;MG;REPUBLICANOS;REPUBLICANOS;ELEITO POR MÉDIA;68677;2702442.84;20538718;39.350042081046055;0.13157797093275247
60001613068;1855;ANTONIO CLEDMILSON VIEIRA PINHEIRO;CLEDMILSON;CE;REDE;Rede Sustentabilidade;NÃO ELEITO;1479;649343.33;8791688;439.04214334009464;0.07385877774552509
60001613069;1818;ANTONIA GUEDES CABRAL AGUIAR ROCHA;TOINHA ROCHA;CE;REDE;Rede Sustentabilidade;NÃO ELEITO;1863;259138.15;8791688;139.09723564143854;0.02947535786074301
60001613074;1896;ADRIANA ALBUQUERQUE DOS SANTOS;ADRIANA DIFERENÇA NA INCLUSÃO;CE;REDE;Rede Sustentabilidade;NÃO ELEITO;236;46500.0;8791688;197.03389830508473;0.005289086691884426
60001613066;1888;CICERO JOHNNY ALVES MOTA;JOHNNY DO SOMOS DO INTERIOR;CE;REDE;Rede Sustentabilidade;NÃO ELEITO;594;38130.0;8791688;64.1919191919192;0.004337051087345229
40001726398;6562;DELCINEI DE OLIVEIRA ALVES;DELCINEI;AM;PC do B;Partido Comunista do Brasil;NÃO ELEITO;63;0.0;3941175;0.0;0.0
40001633251;6513;VANESSA GRAZZIOTIN;VANESSA;AM;PC do B;Partido Comunista do Brasil;NÃO ELEITO;36816;2909236.82;3941175;79.02099141677532;0.7381648417032991
40001633245;4333;ROSIMEIRE DA CONCEICAO ANJOS;ROSA DOS ANJOS BANCADA VERDE;AM;PV;Partido Verde;NÃO ELEITO;273;61888.36;3941175;226.69728937728937;0.01570302257575469
40001633248;4343;JOSE ADALBERTO DA SILVA;ADAL-FRENTE VERDE;AM;PV;Partido Verde;NÃO ELEITO;1195;22456.22;3941175;18.79181589958159;0.005697848991734699
40001633250;1315;MARIA FRANCELIZIA DA SILVA;PROFESSORA FRANCELIZIA;AM;PT;Partido dos Trabalhadores;NÃO ELEITO;2473;369993.5;3941175;149.61322280630813;0.09387898279066521
40001633252;1313;JOSÉ RICARDO WENDLING;ZÉ RICARDO;AM;PT;Partido dos Trabalhadores;NÃO ELEITO;89017;1799442.76;3941175;20.214596762416168;0.4565751990205967
40001633249;1333;EDJANE RODRIGUES DA SILVA;EDJANE DA FETAGRI;AM;PT;Partido dos Trabalhadores;NÃO ELEITO;4593;378154.21;3941175;82.33272588721968;0.09594961147373562
40001633246;1318;CÍCERO CUSTÓDIO DA SILVA;SASSÁ DA CONSTRUÇÃO CIVIL;AM;PT;Partido dos Trabalhadores;NÃO ELEITO;8653;832900.0;3941175;96.25563388420201;0.2113329146764607
40001633247;1363;LUIZ DE SOUZA BORGES NETO;LUIZ BORGES;AM;PT;Partido dos Trabalhadores;NÃO ELEITO;4052;626189.75;3941175;154.53843780848965;0.15888402570299467
50001607232;5529;PAULO SÉRGIO PARANHOS DE MAGALHÃES;PAULO MAGALHÃES;BA;PSD;Partido Social Democrático;ELEITO POR MÉDIA;107093;2027633.25;14136417;18.933387336240465;0.1434333218947913
200001608763;3399;NADI FÉLIX PEREIRA;PROFESSORA NADI FÉLIX;RN;PMN;Partido da Mobilização Nacional;NÃO ELEITO;109;75000.0;3302729;688.0733944954128;0.022708493491291594
200001608764;3384;ISRAEL ALVES ARAÚJO SANTOS;ISRAEL;RN;PMN;Partido da Mobilização Nacional;NÃO ELEITO;96;349642.0;3302729;3642.1041666666665;0.10586457441709568
200001608759;3335;ANGELICA REGINA ARAÚJO DA CRUZ;BELA;RN;PMN;Partido da Mobilização Nacional;NÃO ELEITO;185;20000.0;3302729;108.10810810810811;0.006055598264344425
200001608760;3307;FABIANO NICOMEDES DE ALBUQUERQUE;FABIANO;RN;PMN;Partido da Mobilização Nacional;NÃO ELEITO;40;10833.0;3302729;270.825;0.0032800147998821583
200001608758;3344;ANA LÚCIA DE OLIVEIRA XAVIER;MISSIONÁRIA ANA LÚCIA;RN;PMN;Partido da Mobilização Nacional;NÃO ELEITO;141;19992.3;3302729;141.78936170212765;0.0060532668590126525
200001608761;3322;FRANCISCO EDUARDO DA SILVA SALES;EDUARDO DE MARIA;RN;PMN;Partido da Mobilização Nacional;NÃO ELEITO;135;10859.55;3302729;80.44111111111111;0.003288053606578075
200001608762;3323;MAIKEL JOHN DO NASCIMENTO;MAIKEL;RN;PMN;Partido da Mobilização Nacional;NÃO ELEITO;141;11000.0;3302729;78.01418439716312;0.003330579045389434
200001608756;3327;ALMIR ANGELO DE SOUZA FILHO;ALMIR;RN;PMN;Partido da Mobilização Nacional;NÃO ELEITO;109;10930.5;3302729;100.27981651376147;0.0033095358414208373
200001608757;3333;ERINELSON SILVA DE MORAIS;ERINELSON MORAIS;RN;PMN;Partido da Mobilização Nacional;NÃO ELEITO;881;16000.0;3302729;18.161180476730987;0.0048444786114755405
20001716821;2323;JOSÉ REGIS BARROS CAVALCANTE;RÉGIS CAVALCANTE;AL;CIDADANIA;Cidadania;NÃO ELEITO;2417;2484380.53;3127511;1027.8777534133221;0.7943634826544175
20001716827;2345;ISABELLA CARLA SILVA GOUVEIA;ISABELLA GOUVEIA;AL;CIDADANIA;Cidadania;NÃO ELEITO;515;229970.97;3127511;446.545572815534;0.07353162626766141
80001620975;4040;PAULO ROBERTO FOLETTO;PAULO FOLETTO;ES;PSB;Partido Socialista Brasileiro;ELEITO POR MÉDIA;48776;2541678.94;3833486;52.10921231753321;0.6630202744968939
20001716823;4522;GLAUCO MOREIRA LEITÃO;PASTOR GLAUCO;AL;PSDB;Partido da Social Democracia Brasileira;NÃO ELEITO;2262;466933.63;3127511;206.42512378426173;0.14929879703060997
20001716828;4555;MARIA TAVARES FERRO;MARIA TAVARES;AL;PSDB;Partido da Social Democracia Brasileira;NÃO ELEITO;2024;425474.02999999997;3127511;210.21444169960472;0.13604237682937007
20001716822;4577;MONICA LEITE PEIXOTO ALMEIDA;MONICA PEIXOTO;AL;PSDB;Partido da Social Democracia Brasileira;NÃO ELEITO;598;256025.65;3127511;428.13653846153846;0.0818624299003265
20001716820;4544;RENNÉ COSMO DA COSTA;ENFERMEIRO RENNÉ;AL;PSDB;Partido da Social Democracia Brasileira;NÃO ELEITO;4721;276710.88;3127511;58.61276848125397;0.08847638905186904
20001716825;4545;PEDRO TORRES BRANDAO VILELA;PEDRO VILELA;AL;PSDB;Partido da Social Democracia Brasileira;NÃO ELEITO;25770;2779027.97;3127511;107.83965735351184;0.8885749626460148
20001716824;4588;HEMERSON CASADO GAMA;DR HEMERSON CASADO;AL;PSDB;Partido da Social Democracia Brasileira;NÃO ELEITO;2327;378487.52999999997;3127511;162.6504211431027;0.12101876859905528
20001716829;4500;ANA MARIA PEREIRA HORA;ANA HORA;AL;PSDB;Partido da Social Democracia Brasileira;NÃO ELEITO;1971;700000.0;3127511;355.14967021816335;0.2238201560282282
20001716826;4533;ELIELZA MELQUIADES DOS SANTOS;TIA ELIELZA;AL;PSDB;Partido da Social Democracia Brasileira;NÃO ELEITO;2413;406809.6;3127511;168.59079983423123;0.13007455449397298
200001603004;2210;ELIESER GIRÃO MONTEIRO FILHO;GENERAL GIRÃO;RN;PL;Partido Liberal;ELEITO POR MÉDIA;76698;1605540.06;3302729;20.933271532504108;0.48612528003357225
200001602999;2238;EVANDRO GONÇALVES DA SILVA JUNIOR;SARGENTO GONÇALVES;RN;PL;Partido Liberal;ELEITO POR MÉDIA;56315;108399.65;3302729;1.9248805824380715;0.03282123661977716
200001603001;2255;ROBINSON MESQUITA DE FARIA;ROBINSON FARIA;RN;PL;Partido Liberal;ELEITO POR MÉDIA;97319;1704528.15;3302729;17.51485475600859;0.5160968853333107
100001713831;5002;FRANCISCO VIEIRA DA SILVA;VIEIRA;MA;PSOL;Partido Socialismo e Liberdade;NÃO ELEITO;117;7777.05;6775152;66.47051282051282;0.0011478783059036904
100001713820;5066;ALUIZIO BARROSO DE MELO;ALUIZIO MELO;MA;PSOL;Partido Socialismo e Liberdade;NÃO ELEITO;89;8085.9;6775152;90.85280898876404;0.001193463999036479
100001713819;5081;MARIA LUCIMAR VIDAL DE LIMA;MARIA LUCIMAR;MA;PSOL;Partido Socialismo e Liberdade;NÃO ELEITO;65;26078.89;6775152;401.2136923076923;0.003849196298474189
100001713834;5011;ADONIAS CUNHA CAVALCANTE;ADONIAS CAVALCANTE;MA;PSOL;Partido Socialismo e Liberdade;NÃO ELEITO;319;7777.05;6775152;24.3794670846395;0.0011478783059036904
100001713818;5010;MAERBETH NINA GARCEZ;MAGÃO;MA;PSOL;Partido Socialismo e Liberdade;NÃO ELEITO;177;8165.9;6775152;46.13502824858757;0.0012052718522034633
100001713826;5005;ZENAIDE CARMO MENDES;ZENAIDE DO COLETIVO BEM VIVER;MA;PSOL;Partido Socialismo e Liberdade;NÃO ELEITO;606;34170.89;6775152;56.38760726072607;0.005043560646314651
100001713823;5022;JOSE DE ARIMATEA E SILVA;PROFESSOR ARIMATEA;MA;PSOL;Partido Socialismo e Liberdade;NÃO ELEITO;242;10365.9;6775152;42.83429752066115;0.0015299878142955316
100001713824;5055;SAMARTONY COSTA MARTINS;SAMARTONY MARTINS;MA;PSOL;Partido Socialismo e Liberdade;NÃO ELEITO;160;8551.95;6775152;53.4496875;0.0012622521236423923
100001713822;5088;ANTONIO JOSE DA CONCEIÇÃO SOUSA;HELYCOPY;MA;PSOL;Partido Socialismo e Liberdade;NÃO ELEITO;201;28383.55;6775152;141.21169154228855;0.0041893598844719646
100001713832;5080;GIL CARLOS SILVA DA CONCEIÇÃO;CARLINHOS SILVA;MA;PSOL;Partido Socialismo e Liberdade;NÃO ELEITO;149;8427.0;6775152;56.557046979865774;0.0012438097329772085
100001713836;5051;ALINE MARIA DOS SANTOS PEREIRA;ALINE MARIA;MA;PSOL;Partido Socialismo e Liberdade;NÃO ELEITO;827;42484.0;6775152;51.371221281741235;0.006270560424327012
100001713821;5013;ANTONIO GONÇALVES FILHO;ANTONIO GONÇALVES;MA;PSOL;Partido Socialismo e Liberdade;NÃO ELEITO;1808;34035.15;6775152;18.82475110619469;0.005023525671453571
100001737140;5070;LUZENIRA DE JESUS COSTA ALVES;ELU DO COLETIVO ANDIROBAL;MA;PSOL;Partido Socialismo e Liberdade;NÃO ELEITO;236;29727.55;6775152;125.96419491525424;0.004387731817677301
100001713827;5040;ANDREA JANE SANTOS VIANA;ANDREA JANE;MA;PSOL;Partido Socialismo e Liberdade;NÃO ELEITO;57;26077.0;6775152;457.49122807017545;0.003848917337943119
170001609086;2233;FERNANDO RODOLFO TENÓRIO DE VASCONCELOS;FERNANDO RODOLFO;PE;PL;Partido Liberal;ELEITO POR MÉDIA;60088;2217473.47;9058155;36.903765643722544;0.24480409862714872
130001596003;5152;FREDERICO DE CASTRO ESCALEIRA;DR. FREDERICO;MG;PATRIOTA;Patriota;ELEITO POR MÉDIA;84771;2490974.33;20538718;29.384746316546934;0.12128187991090779
80001604734;1919;GILSON DANIEL BATISTA;GILSON DANIEL;ES;PODE;Podemos;ELEITO POR MÉDIA;74215;1762584.9;3833486;23.74971232230681;0.45978644502679805
80001604731;1900;VICTOR GAROZI LINHALIS;DR. VICTOR;ES;PODE;Podemos;ELEITO POR MÉDIA;53483;1422314.33;3833486;26.593764934652135;0.371023744445656
70001650383;1144;WILL GODOY RODRIGUES;WILL GODOY;DF;PP;PROGRESSISTAS;NÃO ELEITO;3068;903545.74;2817068;294.50643415906126;0.3207397691500525
70001650384;1111;RONEY TANIOS NEMER;RONEY NEMER;DF;PP;PROGRESSISTAS;NÃO ELEITO;46151;1714555.9;2817068;37.15100214513228;0.6086313500419585
70001650381;1161;CARINA SALES DOS SANTOS;CARINA SALES;DF;PP;PROGRESSISTAS;NÃO ELEITO;892;628434.92;2817068;704.5234529147982;0.22308120357762043
70001650382;1155;ROGERIO SCHUMANN ROSSO;ROGERIO ROSSO;DF;PP;PROGRESSISTAS;NÃO ELEITO;14210;2135399.51;2817068;150.27442012667134;0.7580219966291193
70001650389;1100;MARCOS ANTONIO DOMINGOS;MARCOS DOMINGOS DF DE DIREITA;DF;PP;PROGRESSISTAS;NÃO ELEITO;1385;265000.0;2817068;191.33574007220216;0.09406943673351158
70001650387;1177;JOSE GOMES FERREIRA FILHO;JOSÉ GOMES;DF;PP;PROGRESSISTAS;NÃO ELEITO;28528;2103630.35;2817068;73.73914575154235;0.7467446117736597
70001650385;1123;CELY LANGAMER MUNIZ;PROFESSORA CELY MUNIZ;DF;PP;PROGRESSISTAS;NÃO ELEITO;716;538698.7;2817068;752.3724860335195;0.19122672935122614
70001650386;1110;SAMANTHA RIBEIRO MEYER PFLUG MARQUES;SAMANTHA MEYER;DF;PP;PROGRESSISTAS;NÃO ELEITO;6262;3074631.32;2817068;490.9982944746087;1.091429571455144
70001650388;1122;RONALDO FONSECA DE SOUZA;RONALDO FONSECA;DF;PP;PROGRESSISTAS;NÃO ELEITO;13687;1579958.68;2817068;115.4349879447651;0.5608521626031037
240001610972;2211;DANIEL COSTA DE FREITAS;DANIEL FREITAS;SC;PL;Partido Liberal;ELEITO POR MÉDIA;108001;1740926.58;7609601;16.119541300543514;0.22878027113379534
240001610968;2210;DANIELA CRISTINA REINEHR;DANIELA REINEHR;SC;PL;Partido Liberal;ELEITO POR MÉDIA;84631;2497556.59;7609601;29.511131736597697;0.3282112412989853
240001610976;2220;MARCOS ANTONIO PEREIRA GOMES;ZÉ TROVÃO;SC;PL;Partido Liberal;ELEITO POR MÉDIA;71140;499999.83;7609601;7.028392324992971;0.06570644505539779
110001612773;4422;JONILDO JOSÉ DE ASSIS;CORONEL ASSIS;MT;UNIÃO;UNIÃO BRASIL;ELEITO POR MÉDIA;47479;1753455.06;3658813;36.93117083342109;0.4792415081065909
210001604641;6565;DAIANA SILVA DOS SANTOS;DAIANA SANTOS;RS;PC do B;Partido Comunista do Brasil;ELEITO POR MÉDIA;88107;406379.52;10880506;4.6123409036739424;0.037349321805438096
210001604642;1333;DENISE DA SILVA PESSÔA;DENISE PESSÔA;RS;PT;Partido dos Trabalhadores;ELEITO POR MÉDIA;44241;1457835.61;10880506;32.952139644221425;0.13398601223141646
160001614510;4343;ALIEL MACHADO BARK;ALIEL MACHADO;PR;PV;Partido Verde;ELEITO POR MÉDIA;94839;2633076.84;11443208;27.76365039698858;0.23009953502549285
190001600477;5033;HENRIQUE DOS SANTOS VIEIRA LIMA;PASTOR HENRIQUE VIEIRA;RJ;PSOL;Partido Socialismo e Liberdade;ELEITO POR MÉDIA;53933;1390080.43;16054524;25.774209296720002;0.08658496695386297
190001600475;5080;GLAUBER DE MEDEIROS BRAGA;GLAUBER;RJ;PSOL;Partido Socialismo e Liberdade;ELEITO POR MÉDIA;78048;1422604.25;16054524;18.22729922611726;0.08861080216392588
160001614523;1331;ANTONIO TADEU VENERI;TADEU VENERI;PR;PT;Partido dos Trabalhadores;ELEITO POR MÉDIA;84758;1269662.67;11443208;14.979856414733712;0.1109533856240313
230001714014;1210;ROGERIO MIRANDA;ROGERIO MIRANDA;RR;PDT;Partido Democrático Trabalhista;NÃO ELEITO;70;10000.0;636303;142.85714285714286;0.01571578320391386
230001714011;1240;JAMIRO ALVES DA SILVA;JAM ENGENHARIA;RR;PDT;Partido Democrático Trabalhista;NÃO ELEITO;27;0.0;636303;0.0;0.0
230001714009;1221;ANGELA MARIA AMBURGO CARVALHO;ANGELA CARVALHO;RR;PDT;Partido Democrático Trabalhista;NÃO ELEITO;89;0.0;636303;0.0;0.0
230001714010;1234;FLÁVIO PÉRCIO ZACHER;FLÁVIO ZACHER;RR;PDT;Partido Democrático Trabalhista;NÃO ELEITO;106;0.0;636303;0.0;0.0
230001714013;1212;NARA REJANE DE ABREU ROQUE;NARA BORRACHEIRA;RR;PDT;Partido Democrático Trabalhista;NÃO ELEITO;341;140423.45;636303;411.79897360703814;0.22068644969456377
230001726098;1200;FRANCISCO GLEISON FARIAS RODRIGUES;FRANCISCO FARIAS;RR;PDT;Partido Democrático Trabalhista;NÃO ELEITO;101;9977.0;636303;98.78217821782178;0.015679636902544855
230001714012;1201;KLEBER MEDEIROS DE SOUZA;PROFESSOR KLEBER;RR;PDT;Partido Democrático Trabalhista;NÃO ELEITO;115;86000.0;636303;747.8260869565217;0.13515573555365917
230001714015;1229;THALITA GONZAGA CHEUSA;THALITA GONZAGA;RR;PDT;Partido Democrático Trabalhista;NÃO ELEITO;41;15000.0;636303;365.8536585365854;0.02357367480587079
20001653888;1510;RAFAEL DE GOES BRITO;RAFAEL BRITO (TIO RAFA);AL;MDB;Movimento Democrático Brasileiro;ELEITO POR MÉDIA;58134;818357.03;3127511;14.077081054116352;0.26166399734485346
100001608073;1100;AMANDA KELLY GENTIL GUIMARÃES ROSA;AMANDA GENTIL ;MA;PP;PROGRESSISTAS;ELEITO POR MÉDIA;108699;2705917.46;6775152;24.89367390684367;0.39938845062073886
140001621349;1522;HENDERSON LIRA PINTO;HENDERSON PINTO;PA;MDB;Movimento Democrático Brasileiro;ELEITO POR MÉDIA;74746;341285.83;8116132;4.565941053701871;0.04205030549034935
140001621339;1510;ANDREIA BRITO GONÇALVES SIQUEIRA;ANDREIA SIQUEIRA;PA;MDB;Movimento Democrático Brasileiro;ELEITO POR MÉDIA;125004;1083044.52;8116132;8.664078909474897;0.1334434333990625
140001621344;1512;KENISTON DE JESUS REGO BRAGA;KENISTON;PA;MDB;Movimento Democrático Brasileiro;ELEITO POR MÉDIA;126027;1755543.56;8116132;13.929900418164362;0.21630298275089663
140001621345;1500;OLIVAL HENRIQUE MARQUES DE SOUZA;OLIVAL MARQUES;PA;MDB;Movimento Democrático Brasileiro;ELEITO POR MÉDIA;102435;2501751.16;8116132;24.422816029677357;0.3082442670966909
10001619993;1010;ROBERTO DUARTE JUNIOR;ROBERTO DUARTE;AC;REPUBLICANOS;REPUBLICANOS;ELEITO POR MÉDIA;14522;795165.35;830026;54.75591172014874;0.9580005325134393
130001603582;7010;IONE MARIA MOREIRA DIAS BARBOSA;DELEGADA IONE BARBOSA;MG;AVANTE;AVANTE;ELEITO POR MÉDIA;52630;522346.57;20538718;9.924882576477295;0.025432286961630225
70001614234;9090;ANTONIO AMAURI MALAQUIAS DE PINHO;AMAURI PINHO;DF;PROS;Partido Republicano da Ordem Social;NÃO ELEITO;571;53000.0;2817068;92.81961471103328;0.018813887346702318
70001731872;9009;ANTONIO HENRIQUE SANTOS RESENDE;HENRIQUE RESENDE;DF;PROS;Partido Republicano da Ordem Social;NÃO ELEITO;366;4666.96;2817068;12.751256830601093;0.0016566728243691668
70001735616;9023;BETHANIA KELLY DE ALMEIDA BARBOSA NOGUEIRA;BETHANIA KELLY;DF;PROS;Partido Republicano da Ordem Social;NÃO ELEITO;153;255.0;2817068;1.6666666666666667;9.051964666809604e-05
70001737106;9000;MÁRCIA VALÉRIA CHAVES DE HOLANDA FERREIRA;MÁRCIA HOLANDA;DF;PROS;Partido Republicano da Ordem Social;NÃO ELEITO;615;0.0;2817068;0.0;0.0
70001614229;9010;JULIA RODRIGUES MONTEIRO BARROS;DRA. MAJU MONTEIRO;DF;PROS;Partido Republicano da Ordem Social;NÃO ELEITO;362;400000.0;2817068;1104.9723756906078;0.14199160261662125
70001614235;9061;ANTONIO FERNANDO DANTAS DOS SANTOS;FERNANDO FÉ;DF;PROS;Partido Republicano da Ordem Social;NÃO ELEITO;364;1200.0;2817068;3.2967032967032965;0.00042597480784986374
70001614228;9015;SEVERINO CAJAZEIRAS DE SOUSA OLIVEIRA;PROF. SEVERINO CAJAZEIRAS;DF;PROS;Partido Republicano da Ordem Social;NÃO ELEITO;2795;108000.0;2817068;38.64042933810376;0.038337732706487736
70001614231;9033;LUIZ RAIMUNDO DE OLIVEIRA;LUIZÃO;DF;PROS;Partido Republicano da Ordem Social;NÃO ELEITO;52;0.0;2817068;0.0;0.0
250001611957;1123;FAUSTO RUY PINATO;FAUSTO PINATO;SP;PP;PROGRESSISTAS;ELEITO POR MÉDIA;72169;2507553.11;44420459;34.74557095151658;0.05645040970873353
30001605452;1510;JOSÉ AUGUSTO PUPIO REIS JÚNIOR;DR. PUPIO;AP;MDB;Movimento Democrático Brasileiro;ELEITO POR MÉDIA;5787;450680.76;733508;77.87813374805599;0.6144183294524396
30001605451;1515;ACÁCIO DA SILVA FAVACHO NETO;ACÁCIO FAVACHO;AP;MDB;Movimento Democrático Brasileiro;ELEITO POR MÉDIA;24064;1823622.0;733508;75.7821642287234;2.4861651134002627
120001612322;4512;DAGOBERTO NOGUEIRA FILHO;DAGOBERTO;MS;PSDB;Partido da Social Democracia Brasileira;ELEITO POR MÉDIA;48217;2733284.26;2756700;56.687148930875;0.9915058802191025
120001612324;4567;GERALDO RESENDE PEREIRA;DR. GERALDO RESENDE;MS;PSDB;Partido da Social Democracia Brasileira;ELEITO POR MÉDIA;96519;1801666.67;2756700;18.666445673908765;0.6535592084738999
190001603087;1433;CARLOS ROBERTO RODRIGUES;BEBETO;RJ;PTB;Partido Trabalhista Brasileiro;ELEITO POR MÉDIA;41075;413000.0;16054524;10.054777845404747;0.025724836189475315
90001700983;1111;ADRIANO ANTONIO AVELAR;ADRIANO DO BALDY;GO;PP;PROGRESSISTAS;ELEITO POR MÉDIA;95518;2595420.44;7055228;27.17205594757009;0.3678719440392288
160001621821;4040;LUCIANO DUCCI;LUCIANO DUCCI;PR;PSB;Partido Socialista Brasileiro;ELEITO POR MÉDIA;95521;3014307.89;11443208;31.55649427874499;0.2634145853155863
70001615924;2225;JOÃO ALBERTO FRAGA SILVA;FRAGA;DF;PL;Partido Liberal;ELEITO POR MÉDIA;28825;1716000.0;2817068;59.5316565481353;0.6091439752253052
170001634983;2880;VALDIR PAULO DA SILVA;VALDIR;PE;PRTB;Partido Renovador Trabalhista Brasileiro;NÃO ELEITO;128;3000.0;9058155;23.4375;0.00033119327280224284
170001634985;2818;LUIZ CARLOS GONZAGA DOS SANTOS;LULA GONZAGA;PE;PRTB;Partido Renovador Trabalhista Brasileiro;NÃO ELEITO;302;2500.0;9058155;8.278145695364238;0.00027599439400186905
170001634987;2888;CASIMIRO ULISSES DE OLIVEIRA E SILVA;DELEGADO CASIMIRO ULISSES;PE;PRTB;Partido Renovador Trabalhista Brasileiro;NÃO ELEITO;1562;10000.0;9058155;6.402048655569782;0.0011039775760074762
170001634997;2828;PAULO HENRIQUE MELO SILVA SALES;PAULO SALES;PE;PRTB;Partido Renovador Trabalhista Brasileiro;NÃO ELEITO;925;1210.0;9058155;1.308108108108108;0.0001335812866969046
170001634991;2833;ANANIAS JOSE FRANCISCO;ANANIAS;PE;PRTB;Partido Renovador Trabalhista Brasileiro;NÃO ELEITO;204;0.0;9058155;0.0;0.0
170001634980;2817;JORGE FERNANDES MARQUES NETO;DR JORGE MARQUES;PE;PRTB;Partido Renovador Trabalhista Brasileiro;NÃO ELEITO;444;0.0;9058155;0.0;0.0
170001634999;2850;ANA PAULA DA CONCEIÇÃO;ANA PAULA;PE;PRTB;Partido Renovador Trabalhista Brasileiro;NÃO ELEITO;74;0.0;9058155;0.0;0.0
170001635000;2899;FRANCISCO DE ASSIS FONSECA PEREIRA;PACO FONSECA;PE;PRTB;Partido Renovador Trabalhista Brasileiro;NÃO ELEITO;200;0.0;9058155;0.0;0.0
170001634998;2822;JOSEBIAS VITORINO DA SILVA;SEU VITOR;PE;PRTB;Partido Renovador Trabalhista Brasileiro;NÃO ELEITO;1805;12000.55;9058155;6.6485041551246535;0.0013248338099756517
170001634979;2844;GENÁRIO ROCHA DE OLIVEIRA;GENÁRIO ROCHA;PE;PRTB;Partido Renovador Trabalhista Brasileiro;NÃO ELEITO;129;0.0;9058155;0.0;0.0
170001634986;2802;ANA KEYLLA DA SILVA;ANA KEYLLA;PE;PRTB;Partido Renovador Trabalhista Brasileiro;NÃO ELEITO;101;5000.0;9058155;49.504950495049506;0.0005519887880037381
170001634992;2800;CHARLLES REKSON BARBOZA DE LIMA;CHARLLES DE TIRINGA;PE;PRTB;Partido Renovador Trabalhista Brasileiro;NÃO ELEITO;41497;104989.72;9058155;2.5300556666746994;0.011590629659130365
170001634978;2877;ALBA REGINA DA SILVA SANTOS;ALBA REGINA;PE;PRTB;Partido Renovador Trabalhista Brasileiro;NÃO ELEITO;99;2000.0;9058155;20.2020202020202;0.00022079551520149524
170001635001;2838;FRANCISCO EDGAR DE OLIVEIRA;EDGAR OLIVEIRA;PE;PRTB;Partido Renovador Trabalhista Brasileiro;NÃO ELEITO;83;0.0;9058155;0.0;0.0
170001634994;2812;JOÃO FRANCISCO NETO;JOÃO NETO;PE;PRTB;Partido Renovador Trabalhista Brasileiro;NÃO ELEITO;353;0.0;9058155;0.0;0.0
170001723407;2868;MARIA EUNICE LEITE;MARIA EUNICE;PE;PRTB;Partido Renovador Trabalhista Brasileiro;NÃO ELEITO;5;0.0;9058155;0.0;0.0
170001634988;2815;ERALDO FERREIRA DE BRITO;ERALDO BRITO;PE;PRTB;Partido Renovador Trabalhista Brasileiro;NÃO ELEITO;42;0.0;9058155;0.0;0.0
170001634989;2887;FERNANDO DE OLIVEIRA LIMA;FERNANDO LIMA RODA DE FOGO;PE;PRTB;Partido Renovador Trabalhista Brasileiro;NÃO ELEITO;364;0.0;9058155;0.0;0.0
170001634995;2810;JOSIEL BARRETO DA SILVA JUNIOR;DR JOSIEL BARRETO;PE;PRTB;Partido Renovador Trabalhista Brasileiro;NÃO ELEITO;264;0.0;9058155;0.0;0.0
170001634990;2882;ISAAC RAMOS TEODOSIO;ISAAC TRAZENDO A ARCA;PE;PRTB;Partido Renovador Trabalhista Brasileiro;NÃO ELEITO;1554;17890.6;9058155;11.512612612612612;0.001975082122131935
170001634993;2811;FABIO BEZERRA MENDES;MISSIONÁRIO FABIO MENDES;PE;PRTB;Partido Renovador Trabalhista Brasileiro;NÃO ELEITO;201;416.35;9058155;2.0713930348258707;4.596410637707127e-05
170001634982;2890;QUIRAELY CARINA JESUS DA PAZ OLIVEIRA;CARINA PAZ;PE;PRTB;Partido Renovador Trabalhista Brasileiro;NÃO ELEITO;212;1000.0;9058155;4.716981132075472;0.00011039775760074762
170001634996;2808;WARLLA CARLA BEZERRA SANTOS;WARLLA CARLA;PE;PRTB;Partido Renovador Trabalhista Brasileiro;NÃO ELEITO;111;4000.0;9058155;36.03603603603604;0.0004415910304029905
170001634984;2827;NELSON BATISTA DE SÁ BARRETO FILHO;NELSON DAS BARREIRAS;PE;PRTB;Partido Renovador Trabalhista Brasileiro;NÃO ELEITO;237;0.0;9058155;0.0;0.0
70001595684;4343;REGINALDO VERAS COELHO;PROFESSOR REGINALDO VERAS;DF;PV;Partido Verde;ELEITO POR MÉDIA;54557;890935.1;2817068;16.330353575159926;0.3162632566909993
160001622293;5522;LUIZ HILOSHI NISHIMORI;LUIZ NISHIMORI;PR;PSD;Partido Social Democrático;ELEITO POR MÉDIA;73202;3116497.27;11443208;42.57393609464222;0.2723447192430654
160001622297;5511;LUÍSA CANZIANI DOS SANTOS SILVEIRA;LUÍSA CANZIANI;PR;PSD;Partido Social Democrático;ELEITO POR MÉDIA;74643;3136500.48;11443208;42.02002170330775;0.2740927614004744
230001600149;5555;JOSÉ HAROLDO FIGUEIREDO CAMPOS;ZÉ HAROLDO CATHEDRAL;RR;PSD;Partido Social Democrático;ELEITO POR MÉDIA;10361;916172.72;636303;88.42512498793552;1.4398371844860074
110001623300;1555;EMANUEL PINHEIRO DA SILVA PRIMO TEIXEIRA;EMANUELZINHO;MT;MDB;Movimento Democrático Brasileiro;ELEITO POR MÉDIA;74720;3133986.6;3658813;41.943075481798715;0.8565582881661348
10001621650;1111;GEHLEN DINIZ ANDRADE;GERLEN DINIZ;AC;PP;PROGRESSISTAS;ELEITO POR MÉDIA;19560;679403.2;830026;34.734314928425356;0.8185324315141935
10001621646;1122;JOSÉ ESTEPHAN BARBARY FILHO;ZEZINHO BARBARY;AC;PP;PROGRESSISTAS;ELEITO POR MÉDIA;19958;509668.36;830026;25.53704579617196;0.6140390301026715
40001618451;4477;FAUSTO VIEIRA DOS SANTOS JÚNIOR;FAUSTO SANTOS JR;AM;UNIÃO;UNIÃO BRASIL;ELEITO POR MÉDIA;87876;2585026.61;3941175;29.416753265965678;0.6559025189188503
80001650200;1111;JOSIAS MARIO DA VITÓRIA;DA VITÓRIA;ES;PP;PROGRESSISTAS;ELEITO POR MÉDIA;71779;2636959.7600000002;3833486;36.73720391758035;0.6878751507113892
50001606032;4040;LÍDICE DA MATA E SOUZA;LÍDICE DA MATA;BA;PSB;Partido Socialista Brasileiro;ELEITO POR MÉDIA;112385;3053394.51;14136417;27.169057347510787;0.21599493775544396
150001612074;1144;FRANCISCO EMERSON ASSIS DE LUCENA;MERSINHO LUCENA;PB;PP;PROGRESSISTAS;ELEITO POR MÉDIA;114818;2590399.56;3974495;22.560918671288473;0.6517556469438256
140001598314;2217;LENILDO MENDES DOS SANTOS SERTÃO;DELEGADO CAVEIRA;PA;PL;Partido Liberal;ELEITO POR MÉDIA;106349;500000.0;8116132;4.701501659630086;0.06160570084370239
60001619170;1111;ANTONIO JOSÉ AGUIAR ALBUQUERQUE;AJ ALBUQUERQUE;CE;PP;PROGRESSISTAS;ELEITO POR MÉDIA;155456;1089690.25;8791688;7.009637775319061;0.12394550966776802
60001601188;5533;LUIZ GASTÃO BITTENCOURT DA SILVA;LUIZ GASTÃO;CE;PSD;Partido Social Democrático;ELEITO POR MÉDIA;96537;1166334.12;8791688;12.08173156406352;0.1326632746748975
70001650514;1515;RAFAEL CAVALCANTI PRUDENTE;RAFAEL PRUDENTE;DF;MDB;Movimento Democrático Brasileiro;ELEITO POR MÉDIA;121307;2927811.34;2817068;24.135551452100866;1.0393115608142933
210001646689;1166;JOSÉ ALFONSO EBERT HAMM;AFONSO HAMM;RS;PP;PROGRESSISTAS;ELEITO POR MÉDIA;109123;1182732.78;10880506;10.838528816106596;0.10870200154294295
190001603423;5566;MARIA LAURA MONTEZA DE SOUZA CARNEIRO;LAURA CARNEIRO;RJ;PSD;Partido Social Democrático;ELEITO POR MÉDIA;48073;2963573.03;16054524;61.64734944771493;0.1845942632743269
70001615669;1015;GILVAM MAXIMO;GILVAN MAXIMO;DF;REPUBLICANOS;REPUBLICANOS;ELEITO POR MÉDIA;20923;1287724.8;2817068;61.545896859914926;0.4571152702029202
70001615670;1010;JULIO CESAR RIBEIRO;JULIO CESAR;DF;REPUBLICANOS;REPUBLICANOS;ELEITO POR MÉDIA;76274;1155741.81;2817068;15.152500327765688;0.41026407953233646
140001620801;5522;RAIMUNDO JOSE PEREIRA DOS SANTOS;RAIMUNDO SANTOS;PA;PSD;Partido Social Democrático;ELEITO POR MÉDIA;62366;981087.67;8116132;15.731130263284482;0.12088118699893004
10001612487;4422;ULYSSES FREITAS PEREIRA DE ARAUJO;CORONEL ULYSSES;AC;UNIÃO;UNIÃO BRASIL;ELEITO POR MÉDIA;21075;1527995.19;830026;72.50273736654805;1.84090039348165
10001612484;4488;EDUARDO OVIDIO BORGES DE VELLOSO VIANNA;DR EDUARDO VELLOSO;AC;UNIÃO;UNIÃO BRASIL;ELEITO POR MÉDIA;16786;1983820.0;830026;118.18300965089956;2.3900697086597287
120001614260;2211;RODOLFO OLIVEIRA NOGUEIRA;RODOLFO NOGUEIRA;MS;PL;Partido Liberal;ELEITO POR MÉDIA;41773;755104.98;2756700;18.076388576353146;0.2739162694526064
100001610561;4410;JOSÉ JUSCELINO DOS SANTOS REZENDE FILHO;JUSCELINO FILHO;MA;UNIÃO;UNIÃO BRASIL;ELEITO POR MÉDIA;142419;2831517.73;6775152;19.881600980206294;0.4179268199444086
240001647325;7711;MARCOS BOETTCHER;MARCOS BOETTCHER CONTADOR;SC;SOLIDARIEDADE;Solidariedade;NÃO ELEITO;1043;24998.0;7609601;23.96740172579099;0.003285060543910252
240001647329;7701;PRICYLLA DA COSTA BIANCHI;PRICYLLA BIANCHI;SC;SOLIDARIEDADE;Solidariedade;NÃO ELEITO;262;55316.0;7609601;211.12977099236642;0.007269237900909654
170001610574;7713;MARIA LEAL ARRAES DE ALENCAR;MARIA ARRAES;PE;SOLIDARIEDADE;Solidariedade;ELEITO POR MÉDIA;104571;3169982.44;9058155;30.31416396515286;0.34995895300974644
130001613210;4090;GUILHERME NASSER SILVERIO;GUILHERME NASSER;MG;PSB;Partido Socialista Brasileiro;NÃO ELEITO;4249;135070.52;20538718;31.788778536126145;0.006576385147310557
130001613211;4003;CELIO MARCELINO DA CUNHA;CELIO CUNHA;MG;PSB;Partido Socialista Brasileiro;NÃO ELEITO;219;39999.95;20538718;182.6481735159817;0.0019475387899088928
130001613215;4000;FERNANDO REZENDE MONTEIRO;FERNANDO MONTEIRO POLICIAL FED;MG;PSB;Partido Socialista Brasileiro;NÃO ELEITO;4401;364898.64;20538718;82.91266530334015;0.017766378602598273
130001613216;4033;WELLINGTON FERREIRA DOS SANTOS;GARI DE MINAS;MG;PSB;Partido Socialista Brasileiro;NÃO ELEITO;984;35000.3;20538718;35.56941056910569;0.0017041131778526783
130001613218;4010;ELEONORA MAIRA MOREIRA JUSTINIANO VARGAS;ELEONORA;MG;PSB;Partido Socialista Brasileiro;NÃO ELEITO;6383;346709.89;20538718;54.31770170766098;0.016880795091495
130001613219;4007;PAULA MENDES MESQUITA;PAULA MENDES;MG;PSB;Partido Socialista Brasileiro;NÃO ELEITO;251;96375.34;20538718;383.9654980079681;0.004692373691483568
130001613220;4044;CARLOS EUGENIO DEMETRIO;PROF CARLOS EUGENIO;MG;PSB;Partido Socialista Brasileiro;NÃO ELEITO;510;20000.0;20538718;39.21568627450981;0.0009737706121677117
130001613221;4020;EMERSON SERRAVITE;EMERSON SERRAVITE;MG;PSB;Partido Socialista Brasileiro;NÃO ELEITO;456;25000.11;20538718;54.82480263157895;0.0012172186209480067
130001613222;4031;GLEDSON BRUM ORTIGA;GLEDSON BRUM;MG;PSB;Partido Socialista Brasileiro;NÃO ELEITO;52;35000.15;20538718;673.0798076923077;0.001704105874573087
130001613237;4070;GEOVANE DA CONCEIÇÃO ESTANISLAU;GEOVANE ESTANISLAU;MG;PSB;Partido Socialista Brasileiro;NÃO ELEITO;1537;20000.14;20538718;13.012452830188678;0.0009737774285619969
130001613240;4046;ALTAMIR DE SOUZA PEREIRA;MIRO;MG;PSB;Partido Socialista Brasileiro;NÃO ELEITO;687;15000.01;20538718;21.834075691411936;0.0007303284460110899
130001613244;4080;CUSTÓDIO TEIXEIRA DAMASCENO;CUSTÓDIO DAMASCENO;MG;PSB;Partido Socialista Brasileiro;NÃO ELEITO;412;19960.02;20538718;48.4466504854369;0.0009718240447139885
140001620904;1321;AIRTON LUIZ FALEIRO;AIRTON FALEIRO;PA;PT;Partido dos Trabalhadores;ELEITO POR MÉDIA;79862;2113776.9;8116132;26.467868322856926;0.2604414147034573
130001613241;4055;CARLOS DOMINGOS MOTA COELHO;CARLOS MOTA;MG;PSB;Partido Socialista Brasileiro;NÃO ELEITO;1899;204564.04;20538718;107.72197998946814;0.009959922522915015
130001613213;4019;MARCILENE FRANCISCA GONÇALVES;ANA DO SOCIAL;MG;PSB;Partido Socialista Brasileiro;NÃO ELEITO;107;30000.0;20538718;280.3738317757009;0.0014606559182515676
130001613209;4099;RAQUEL CRISTINA FARIA;RAQUEL FARIA;MG;PSB;Partido Socialista Brasileiro;NÃO ELEITO;225;55000.0;20538718;244.44444444444446;0.0026778691834612074
130001613246;4012;DIVANIRSON FERNANDES;DIVÁR;MG;PSB;Partido Socialista Brasileiro;NÃO ELEITO;1410;15000.0;20538718;10.638297872340425;0.0007303279591257838
190001644796;1011;JORGE BRAZ DE OLIVEIRA;JORGE BRAZ;RJ;REPUBLICANOS;REPUBLICANOS;ELEITO POR MÉDIA;59201;992972.09;16054524;16.77289387003598;0.06184998633407007
50001634584;4422;JOSÉ ALVES ROCHA;JOSÉ ROCHA;BA;UNIÃO;UNIÃO BRASIL;ELEITO POR MÉDIA;78833;2949997.57;14136417;37.42084621922291;0.2086807123757031
210001647870;1520;MARCIO DELLA VALLE BIOLCHI;MARCIO BIOLCHI;RS;MDB;Movimento Democrático Brasileiro;ELEITO POR MÉDIA;99627;2529753.59;10880506;25.392248988727953;0.23250330361473998
100001713835;1813;ALEXSANDRO BENEY COSTA SILVA;ALEX DO SUCÃO;MA;REDE;Rede Sustentabilidade;NÃO ELEITO;327;27000.0;6775152;82.56880733944953;0.003985150443857201
100001713833;1800;JANICELMA FERNANDES DE SOUSA GUALTER;JANICELMA FERNANDES;MA;REDE;Rede Sustentabilidade;NÃO ELEITO;577;34868.83;6775152;60.43124783362219;0.005146575309306714
100001713830;1812;ESMERALDA LACERDA ARAUJO FRANÇA;PROFESSORA ESMERALDA;MA;REDE;Rede Sustentabilidade;NÃO ELEITO;191;0.0;6775152;0.0;0.0
210001596984;4012;HEITOR JOSÉ SCHUCH;HEITOR SCHUCH;RS;PSB;Partido Socialista Brasileiro;ELEITO POR MÉDIA;77616;2499226.11;10880506;32.19988288497217;0.229697599541786
90001652507;2255;DANIEL VIEIRA RAMOS;DANIEL AGROBOM;GO;PL;Partido Liberal;ELEITO POR MÉDIA;70529;1335669.71;7055228;18.93787959562733;0.18931630699957536
90001652511;2222;MAGDA MOFATTO HON;MAGDA MOFATTO;GO;PL;Partido Liberal;ELEITO POR MÉDIA;81996;3130335.29;7055228;38.1766828869701;0.4436901670647639
270001643406;1145;LAZARO BOTELHO MARTINS;LAZARO BOTELHO;TO;PP;PROGRESSISTAS;ELEITO POR MÉDIA;13668;2659934.36;1511459;194.61035703833772;1.7598455267393953
270001643407;1111;VICENTE ALVES DE OLIVEIRA JUNIOR;VICENTINHO JUNIOR;TO;PP;PROGRESSISTAS;ELEITO POR MÉDIA;55292;2609509.5100000002;1511459;47.19506456630254;1.7264838212614435
40001609236;5555;SIDNEY RICARDO DE OLIVEIRA LEITE;SIDNEY LEITE;AM;PSD;Partido Social Democrático;ELEITO POR MÉDIA;102181;2415363.64;3941175;23.638089664419024;0.6128536895722723
60001619120;1333;JOSE AIRTON FELIX CIRILO DA SILVA;JOSE AIRTON;CE;PT;Partido dos Trabalhadores;ELEITO POR MÉDIA;82274;1799964.91;8791688;21.877688091012956;0.20473484841591283
270001643551;2200;ELI DIAS BORGES;ELI BORGES;TO;PL;Partido Liberal;ELEITO POR MÉDIA;35171;1999950.32;1511459;56.863618321912945;1.3231919092744164
270001643553;2222;FILIPE MARTINS DOS SANTOS;FILIPE MARTINS;TO;PL;Partido Liberal;ELEITO POR MÉDIA;36293;785492.57;1511459;21.64308737222054;0.5196916158493217
190001596777;2217;ALEXANDRE RAMAGEM RODRIGUES;DELEGADO RAMAGEM;RJ;PL;Partido Liberal;ELEITO POR MÉDIA;59170;777246.55;16054524;13.13582136217678;0.04841293021206982
190001596798;2214;CHRISTINE NOGUEIRA DOS REIS TONIETTO;CHRIS TONIETTO;RJ;PL;Partido Liberal;ELEITO POR MÉDIA;52583;502251.33999999997;16054524;9.551591579027441;0.031284100357008404
160001603723;4545;CARLOS ALBERTO RICHA;BETO RICHA;PR;PSDB;Partido da Social Democracia Brasileira;ELEITO POR MÉDIA;64868;3066561.0;11443208;47.273863846580745;0.2679808843813728
250001610668;1398;LUIZ PAULO TEIXEIRA FERREIRA;PAULO TEIXEIRA;SP;PT;Partido dos Trabalhadores;ELEITO POR MÉDIA;122800;3263156.41;44420459;26.57293493485342;0.07346066392515214
250001610673;1333;JULIANA CARDOSO;JULIANA CARDOSO;SP;PT;Partido dos Trabalhadores;ELEITO POR MÉDIA;125517;2632698.21;44420459;20.974833767537465;0.05926769487005976
200001603381;1010;VICTOR HUGO DE ASSIS CRUZ;VICTOR HUGO;RN;REPUBLICANOS;REPUBLICANOS;NÃO ELEITO;19571;2399264.86;3302729;122.59285984364621;0.7264492060959286
90001694943;1444;MAGNO MESQUITA SOUSA;MAGNO MESQUITA;GO;PTB;Partido Trabalhista Brasileiro;NÃO ELEITO;3649;60000.0;7055228;16.44286105782406;0.008504331823152987
90001694942;1414;GABRIELA RODART LOPES;GABRIELA RODART;GO;PTB;Partido Trabalhista Brasileiro;NÃO ELEITO;10651;332289.4;7055228;31.197953243826873;0.0470983219819402
90001725461;1400;MARCO AURELIO RODRIGUES DE MIRANDA;SUBTENENTE AURÉLIO;GO;PTB;Partido Trabalhista Brasileiro;NÃO ELEITO;1667;0.0;7055228;0.0;0.0
90001694940;1477;EDUARDO ÂNGELO DE MACEDO LUCENA;EDUARDO MACEDO;GO;PTB;Partido Trabalhista Brasileiro;NÃO ELEITO;3237;2361467.6;7055228;729.5235094223046;0.3347117343337451
90001694948;1440;MARIA APARECIDA SANTOS BARBOSA GARCIA;SARGENTO CIDA;GO;PTB;Partido Trabalhista Brasileiro;NÃO ELEITO;273;202071.93;7055228;740.1902197802198;0.028641445747749045
90001694951;1455;JOSÉ FAGUNDES BARBOSA;PR JOSÉ FAGUNDES;GO;PTB;Partido Trabalhista Brasileiro;NÃO ELEITO;210;10000.0;7055228;47.61904761904762;0.0014173886371921644
90001694952;1466;RODRIGO VAZ SILVA;RODRIGO VAZ;GO;PTB;Partido Trabalhista Brasileiro;NÃO ELEITO;499;10000.0;7055228;20.04008016032064;0.0014173886371921644
90001694947;1401;CARLOS HELBINGEN JUNIOR;CORONEL HELBINGEN;GO;PTB;Partido Trabalhista Brasileiro;NÃO ELEITO;2792;154950.0;7055228;55.49785100286533;0.021962436933292587
90001694944;1411;NELIA DOS SANTOS FERREIRA;SARGENTO NELIA;GO;PTB;Partido Trabalhista Brasileiro;NÃO ELEITO;261;10712.0;7055228;41.04214559386973;0.0015183067081602465
90001694939;1478;ANDRE LUIZ DIGUES DA COSTA;CORONEL DIGUES;GO;PTB;Partido Trabalhista Brasileiro;NÃO ELEITO;234;20000.0;7055228;85.47008547008546;0.0028347772743843288
90001694946;1499;LUIZ FEITOSA TERCIO;CAPITÃO TERCIO;GO;PTB;Partido Trabalhista Brasileiro;NÃO ELEITO;498;28432.0;7055228;57.092369477911646;0.004029919373264762
90001694950;1456;VALTER NOGUEIRA DA SILVA;VALTYN DO BRAZIL;GO;PTB;Partido Trabalhista Brasileiro;NÃO ELEITO;367;30000.0;7055228;81.74386920980926;0.004252165911576494
90001738790;1420;CARLOS HENRIQUE DA SILVA FERREIRA;CARLOS MARANHÃO;GO;PTB;Partido Trabalhista Brasileiro;NÃO ELEITO;162;0.0;7055228;0.0;0.0
90001694938;1423;KEILA DA SILVA BIELISKI;MISSIONÁRIA KEILA BIELISKI;GO;PTB;Partido Trabalhista Brasileiro;NÃO ELEITO;1226;51090.63;7055228;41.67261827079935;0.007241527842898911
90001694941;1422;FABIO MARTINS FERREIRA;FABIM CAMINHONEIRO;GO;PTB;Partido Trabalhista Brasileiro;NÃO ELEITO;544;15000.0;7055228;27.573529411764707;0.002126082955788247
90001694945;1412;DANIELA ENIS MARQUES;DANI MARQUES;GO;PTB;Partido Trabalhista Brasileiro;NÃO ELEITO;801;39967.35;7055228;49.89681647940075;0.005664926774868225
200001603375;1001;MARCIA FARIA MAIA;MÁRCIA MAIA;RN;REPUBLICANOS;REPUBLICANOS;NÃO ELEITO;17696;1162439.06;3302729;65.68936821880651;0.35196319770710827
200001603377;1033;MAX SOUZA SERRÃO;MAX SERRÃO;RN;REPUBLICANOS;REPUBLICANOS;NÃO ELEITO;17695;199754.62;3302729;11.288760666855044;0.06048168650833901
200001603378;1000;JOÃO FERNANDES DE MELO NETO;FERNANDINHO DAS PADARIAS;RN;REPUBLICANOS;REPUBLICANOS;NÃO ELEITO;5626;745096.99;3302729;132.43814255243512;0.2256004019706128
200001603374;1011;REJANE MARIA FREIRE DOS SANTOS;REJANE DE CLENIO;RN;REPUBLICANOS;REPUBLICANOS;NÃO ELEITO;3258;626539.55;3302729;192.30802639656233;0.18970359057615688
200001603376;1088;JAIME CALADO PEREIRA DOS SANTOS;JAIME CALADO;RN;REPUBLICANOS;REPUBLICANOS;NÃO ELEITO;35672;687240.29;3302729;19.265538517604845;0.208082555365578
200001603380;1099;MARIA DA SÁUDE DE PAIVA;SAÚDE PAIVA;RN;REPUBLICANOS;REPUBLICANOS;NÃO ELEITO;2260;149991.88;3302729;66.36808849557522;0.04541452840968787
200001603379;1070;EMERSON LIMA MOREIRA DE MENEZES;CAPITÃO EMERSON;RN;REPUBLICANOS;REPUBLICANOS;NÃO ELEITO;1013;49862.0;3302729;49.22211253701876;0.015097212032837088
200001731295;1077;JOSE RENATO DA SILVA;RENATO;RN;REPUBLICANOS;REPUBLICANOS;NÃO ELEITO;484;74761.68000000001;3302729;154.46628099173554;0.02263633498237367
250001611324;2208;MARIO LUIS FRIAS;MARIO FRIAS;SP;PL;Partido Liberal;ELEITO POR QP;122564;756375.09;44420459;6.1712663588003;0.01702762886804029
250001611315;2250;RICARDO DE AQUINO SALLES;RICARDO SALLES;SP;PL;Partido Liberal;ELEITO POR QP;640918;2391556.17;44420459;3.7314542109911093;0.05383906929012147
250001611333;2243;LUIZ PHILIPPE DE ORLEANS E BRAGANÇA;LUIZ PHILIPPE DE O BRAGANÇA;SP;PL;Partido Liberal;ELEITO POR QP;79210;402742.38;44420459;5.084489079661659;0.009066596542822757
250001611335;2270;MARCO ANTONIO FELICIANO;PASTOR MARCO FELICIANO;SP;PL;Partido Liberal;ELEITO POR QP;220595;2010181.19;44420459;9.112541943380403;0.04525349884385481
250001611345;2244;LUIZ CARLOS MOTTA;MOTTA;SP;PL;Partido Liberal;ELEITO POR QP;104701;1086383.81;44420459;10.376059540978597;0.024456834405965956
250001611357;2200;JOSÉ AUGUSTO ROSA;CAPITÃO AUGUSTO;SP;PL;Partido Liberal;ELEITO POR QP;168740;1663080.83;44420459;9.855877859428707;0.037439523756384416
250001611371;2277;MIGUEL LOMBARDI;MIGUEL LOMBARDI;SP;PL;Partido Liberal;ELEITO POR QP;107869;1410550.0;44420459;13.076509469819873;0.031754512036897234
250001611374;2222;EDUARDO NANTES BOLSONARO;EDUARDO BOLSONARO;SP;PL;Partido Liberal;ELEITO POR QP;741701;723530.1;44420459;0.9755010442213237;0.016288217553087417
250001611365;2210;CARLA ZAMBELLI SALGADO DE OLIVEIRA;CARLA ZAMBELLI;SP;PL;Partido Liberal;ELEITO POR QP;946244;2087966.56;44420459;2.2065836718647622;0.047004614697925565
250001611311;2227;ROSANA DE OLIVEIRA VALLE;ROSANA VALLE;SP;PL;Partido Liberal;ELEITO POR QP;216437;3034706.69;44420459;14.021201042335644;0.06831776974659357
250001611336;2299;MARCIO LUIZ ALVINO DE SOUZA;MARCIO ALVINO;SP;PL;Partido Liberal;ELEITO POR QP;187314;955244.05;44420459;5.099693829612309;0.021504596564389397
250001611327;2247;PAULO FRANCISCO MUNIZ BILYNSKYJ;DELEGADO PAULO BILYNSKYJ;SP;PL;Partido Liberal;ELEITO POR QP;72156;219679.3;44420459;3.044504961472365;0.004945453175078628
250001611351;2233;PAULO ROBERTO FREIRE DA COSTA;PAULO FREIRE DA COSTA;SP;PL;Partido Liberal;ELEITO POR QP;161675;645946.45;44420459;3.9953391062316372;0.014541642849750831
250001611329;2274;JEFFERSON ALVES DE CAMPOS;JEFFERSON CAMPOS;SP;PL;Partido Liberal;ELEITO POR QP;155336;887970.97;44420459;5.716453172477726;0.0199901349511044
250001611362;2211;ANTONIO CARLOS RODRIGUES;ANTONIO CARLOS RODRIGUES;SP;PL;Partido Liberal;ELEITO POR QP;73054;952506.31;44420459;13.038386809757167;0.0214429641530719
250001611359;2290;GUILHERME MURARO DERRITE;CAPITÃO DERRITE;SP;PL;Partido Liberal;ELEITO POR QP;239772;2337090.37;44420459;9.74713632117178;0.05261292707488682
130001619779;1010;GILBERTO APARECIDO ABRAMO;GILBERTO ABRAMO;MG;REPUBLICANOS;REPUBLICANOS;ELEITO POR QP;123370;1833215.03;20538718;14.859487963038015;0.0892565460999075
190001603437;5588;DANIEL RICARDO SORANZ PINTO;DANIEL SORANZ;RJ;PSD;Partido Social Democrático;ELEITO POR QP;98784;2115953.99;16054524;21.42000718739877;0.1317979897753431
210001646697;1111;LUIS ANTONIO FRANCISCATTO COVATTI;COVATTI FILHO;RS;PP;PROGRESSISTAS;ELEITO POR QP;112910;3088667.66;10880506;27.35512939509344;0.2838716930995673
210001646683;1144;PEDRO BANDARRA WESTPHALEN;PEDRO WESTPHALEN;RS;PP;PROGRESSISTAS;ELEITO POR QP;114258;3161832.28;10880506;27.672743090199372;0.2905960697048464
190001603404;5510;HUGO LEAL MELO DA SILVA;HUGO LEAL;RJ;PSD;Partido Social Democrático;ELEITO POR QP;50067;2467704.66;16054524;49.28804721672959;0.1537077436864525
190001603407;5555;PEDRO PAULO CARVALHO TEIXEIRA;PEDRO PAULO;RJ;PSD;Partido Social Democrático;ELEITO POR QP;76828;1452489.0;16054524;18.90572447545166;0.09047225567073804
100001602015;1010;CLEBER VERDE CORDEIRO MENDES;CLEBER VERDE;MA;REPUBLICANOS;REPUBLICANOS;ELEITO POR MÉDIA;70275;1904427.27;6775152;27.09964098185699;0.2810899696420095
70001615666;1020;DAVYS FREDERICO TEIXEIRA LINHARES;FRED LINHARES;DF;REPUBLICANOS;REPUBLICANOS;ELEITO POR QP;165358;575660.0;2817068;3.481295129355701;0.20434721490571048
160001622302;5555;SANDRO ALEX CRUZ DE OLIVEIRA;SANDRO ALEX;PR;PSD;Partido Social Democrático;ELEITO POR QP;168157;2344558.83;11443208;13.942677557282778;0.20488649948510942
160001622296;5500;LEANDRE DAL PONTE;LEANDRE;PR;PSD;Partido Social Democrático;ELEITO POR QP;80359;1931535.77;11443208;24.03633407583469;0.16879320641554363
160001622285;5501;CARLOS ALBERTO GEBRIM PRETO;BETO PRETO;PR;PSD;Partido Social Democrático;ELEITO POR QP;206898;1989480.1;11443208;9.615753173061123;0.17385685028184406
160001622298;5590;GILSON CARDOSO FAHUR;SARGENTO FAHUR;PR;PSD;Partido Social Democrático;ELEITO POR QP;161500;1759921.76;11443208;10.897348359133128;0.15379618722302346
160001622301;5512;PAULO HENRIQUE COLETTI FERNANDES;PAULO LITRO;PR;PSD;Partido Social Democrático;ELEITO POR QP;82707;1731337.42;11443208;20.933384356825904;0.1512982565728072
190001605581;1100;MARCELO ANDRÉ CID HERÁCLITO DO PORTO QUEIROZ;MARCELO QUEIROZ;RJ;PP;PROGRESSISTAS;ELEITO POR QP;73728;1282567.4;16054524;17.395933702256944;0.07988822340668586
190001605591;1177;LUIZ ANTONIO DE SOUZA TEIXEIRA JUNIOR;DOUTOR LUIZINHO;RJ;PP;PROGRESSISTAS;ELEITO POR QP;190071;1248760.96;16054524;6.569971010832794;0.0777824966968812
190001605580;1111;JULIO LUIZ BAPTISTA LOPES;JULIO LOPES;RJ;PP;PROGRESSISTAS;ELEITO POR QP;50019;2306057.86;16054524;46.1036378176293;0.1436391300047264
160001654827;1919;DELTAN MARTINAZZO DALLAGNOL;DELTAN DALLAGNOL;PR;PODE;Podemos;ELEITO POR QP;344917;1952912.09;11443208;5.6619769103871365;0.17066124202234198
260001737580;2244;ICARO BARBOSA COSTA;ICARO DE VALMIR;SE;PL;Partido Liberal;ELEITO POR MÉDIA;75912;368047.0;2209558;4.8483375487406475;0.1665704181560294
90001651357;1010;JEFERSON RODRIGUES LEMOS;JEFERSON RODRIGUES;GO;REPUBLICANOS;REPUBLICANOS;ELEITO POR QP;56026;1458634.97;7055228;26.034965373219578;0.20674526322891337
20001652450;1010;NIVALDO FERREIRA DE ALBUQUERQUE NETO;NIVALDO ALBUQUERQUE;AL;REPUBLICANOS;REPUBLICANOS;ELEITO POR MÉDIA;67697;1883000.0;3127511;27.815117361182917;0.6020762197159338
100001601143;1212;MARCIO JOSE HONAISER;MÁRCIO HONAISER;MA;PDT;Partido Democrático Trabalhista;ELEITO POR MÉDIA;54547;963824.63;6775152;17.66961757750197;0.14225874637203711
90001614055;2022;GLAUSKSTON BATISTA RIOS;GLAUSTIN DA FOKUS;GO;PSC;Partido Social Cristão;ELEITO POR MÉDIA;117981;3165821.54;7055228;26.83331672048889;0.4487199478174199
210001601591;1012;FRANCIANE ABADE BAYER MULLER;FRANCIANE BAYER;RS;REPUBLICANOS;REPUBLICANOS;ELEITO POR MÉDIA;40555;804205.0;10880506;19.829983972383182;0.07391246326227843
100001610559;4444;PEDRO LUCAS ANDRADE FERNANDES RIBEIRO;PEDRO LUCAS FERNANDES;MA;UNIÃO;UNIÃO BRASIL;ELEITO POR QP;159786;2799431.0;6775152;17.519876584932348;0.41319087748880023
220001643595;2210;JOÃO CHRISÓSTOMO DE MOURA;CORONEL CHRISÓSTOMO;RO;PL;Partido Liberal;ELEITO POR MÉDIA;24406;1282233.74;1581016;52.53764402196181;0.8110188258689349
250001612116;4500;CARLOS HENRIQUE FOCESI SAMPAIO;CARLOS SAMPAIO;SP;PSDB;Partido da Social Democracia Brasileira;ELEITO POR MÉDIA;98102;2788458.85;44420459;28.42407749077491;0.06277420163533205
90001621634;4545;LÊDA BORGES DE MOURA;LÊDA BORGES;GO;PSDB;Partido da Social Democracia Brasileira;ELEITO POR MÉDIA;51346;2808128.83;7055228;54.690313364234804;0.3980209895413727
40001719165;2323;AMOM MANDEL LINS FILHO;AMOM MANDEL;AM;CIDADANIA;Cidadania;ELEITO POR QP;288555;447549.93;3941175;1.5510038987368093;0.11355748729756988
140001650332;5005;CARLOS RENILTON FREITAS CRUZ;RENILTON CRUZ;PA;PSOL;Partido Socialismo e Liberdade;NÃO ELEITO;2440;52237.0;8116132;21.40860655737705;0.006436193989944964
140001650326;5011;JOSÉ CARLOS GUERREIRO GALIZA;GALIZA BANCADA QUILOMBOLA;PA;PSOL;Partido Socialismo e Liberdade;NÃO ELEITO;3353;159491.59;8116132;47.56683268714584;0.01965118236125287
140001650319;5022;ERICELIA BARBOSA SILVA;MÃEZINHA;PA;PSOL;Partido Socialismo e Liberdade;NÃO ELEITO;1788;40684.19;8116132;22.754021252796424;0.005012756076416697
140001650324;5013;GIZELLE SOARES DE FREITAS;GIZELLE MULHERES AMAZÔNIDAS;PA;PSOL;Partido Socialismo e Liberdade;NÃO ELEITO;4134;198106.0;8116132;47.92114175133043;0.024408917942685012
140001650325;5012;JACKSON DE SOUSA DIAS;JACKSON DIAS;PA;PSOL;Partido Socialismo e Liberdade;NÃO ELEITO;2477;106944.3;8116132;43.174929350020186;0.013176757105478325
140001650330;5080;EDIVANIA SANTOS ALVES;EDIVANIA;PA;PSOL;Partido Socialismo e Liberdade;NÃO ELEITO;2132;113915.75;8116132;53.43140243902439;0.014035719231771982
140001650321;5010;ANDREI ALAN BENTO BORGES;PROFESSOR ANDREI ALAN;PA;PSOL;Partido Socialismo e Liberdade;NÃO ELEITO;682;13500.0;8116132;19.794721407624632;0.0016633539227799646
140001650323;5015;MARIA GRACIONICE BARBOSA GONÇALVES;NICE TUPINAMBÁ;PA;PSOL;Partido Socialismo e Liberdade;NÃO ELEITO;9387;123925.8;8116132;13.201853627356984;0.015269071523232989
140001650327;5050;MARINOR JORGE BRITO;MARINOR BRITO;PA;PSOL;Partido Socialismo e Liberdade;NÃO ELEITO;49835;1152211.42;8116132;23.120526136249623;0.14196558409843507
140001650328;5023;JOCILÉIA PINTO MIRANDA;LÉIA PINTO;PA;PSOL;Partido Socialismo e Liberdade;NÃO ELEITO;903;40648.19;8116132;45.01460686600222;0.005008320465955951
140001650329;5055;JOSÉ NERY AZEVEDO;PROFESSOR NERY;PA;PSOL;Partido Socialismo e Liberdade;NÃO ELEITO;2998;104467.08;8116132;34.84559039359573;0.012871535356990252
140001725210;5030;SIMÃO SOUSA ALENCAR;SIMÃO ALENCAR;PA;PSOL;Partido Socialismo e Liberdade;NÃO ELEITO;120;12915.619999999999;8116132;107.63016666666665;0.001591351643861879
140001650333;5020;MARIZA DAS MERCÊS MOREIRA DOS SANTOS;MARIZA SANTOS;PA;PSOL;Partido Socialismo e Liberdade;NÃO ELEITO;599;14184.75;8116132;23.680717863105176;0.001747722930085415
140001650331;5000;VIVIANE DA COSTA REIS;VIVI REIS;PA;PSOL;Partido Socialismo e Liberdade;NÃO ELEITO;53353;1624492.03;8116132;30.447997863287913;0.20015594004631762
140001650320;5033;MARIA DE NAZARÉ ALVES DE LIMA;ENFERMEIRA NAZARÉ;PA;PSOL;Partido Socialismo e Liberdade;NÃO ELEITO;12220;660321.5;8116132;54.03612929623568;0.08135913757932967
50001609349;2222;ROBERTA DE ARAÚJO COSTA ROMA;ROBERTA ROMA;BA;PL;Partido Liberal;ELEITO POR QP;160731;1296313.14;14136417;8.06510965526252;0.09170026181315957
50001609371;2288;JOÃO CARLOS PAOLILO BACELAR FILHO;JOÃO CARLOS BACELAR;BA;PL;Partido Liberal;ELEITO POR QP;90229;1500026.3800000001;14136417;16.624659255893338;0.1061107903084636
50001609344;2238;ALDEN JOSÉ LÁZARO DA SILVA;CAPITÃO ALDEN;BA;PL;Partido Liberal;ELEITO POR QP;95151;1583801.21;14136417;16.645134680665468;0.11203696169970084
140001650318;1800;ELSON LOURINHO DA CONCEIÇÃO;ELSON LOURINHO;PA;REDE;Rede Sustentabilidade;NÃO ELEITO;54;0.0;8116132;0.0;0.0
140001650322;1818;MAIAL PAIAKAN KAIAPÓ;MAIAL KAIAPÓ;PA;REDE;Rede Sustentabilidade;NÃO ELEITO;6639;452912.6;8116132;68.22000301250188;0.05580399628788689
60001645837;2011;OTAVIO LEITE LUSTOSA FILHO;JUNIOR LEITE;CE;PSC;Partido Social Cristão;NÃO ELEITO;295;20000.0;8791688;67.79661016949153;0.00227487599650943
60001645831;2070;MARIA OGERLANIA FREITAS RAULINO;OGERLANIA FREITAS;CE;PSC;Partido Social Cristão;NÃO ELEITO;12;0.0;8791688;0.0;0.0
60001645845;2069;REGINA DUARTE DA SILVA;REGININHA DUARTE;CE;PSC;Partido Social Cristão;NÃO ELEITO;1091;85280.0;8791688;78.16681943171402;0.009700071249116211
60001645836;2055;MARIA DO SOCORRO SANTOS DA SILVA;MARY SANTOS;CE;PSC;Partido Social Cristão;NÃO ELEITO;105;15380.0;8791688;146.47619047619048;0.001749379641315752
60001645844;2077;FRANCISCO SERGIO PIRES MONTENEGRO;SERGIO MONTENEGRO;CE;PSC;Partido Social Cristão;NÃO ELEITO;346;23059.25;8791688;66.64523121387283;0.002622846716125504
60001645828;2090;INGRID NAYARA DO NASCIMENTO FERNANDES;INGRID NAYARA;CE;PSC;Partido Social Cristão;NÃO ELEITO;90;10000.0;8791688;111.11111111111111;0.001137437998254715
60001645841;2022;CINTHIA BELINO OLIVEIRA DA COSTA;DRA CINTHIA BELINO;CE;PSC;Partido Social Cristão;NÃO ELEITO;2404;69928.01;8791688;29.088190515806986;0.00795387757163357
60001645842;2000;JOSE JERIVAN BRAGA BARROSO;JERIVAN BARROSO;CE;PSC;Partido Social Cristão;NÃO ELEITO;1267;10796.0;8791688;8.520915548539858;0.0012279780629157904
60001645833;2023;ELIANE FRANÇA FERREIRA;NANY FRANÇA;CE;PSC;Partido Social Cristão;NÃO ELEITO;315;20000.0;8791688;63.492063492063494;0.00227487599650943
60001645834;2020;MARIA JULIANA DE LIMA COUTINHO;JULLY COUTINHO;CE;PSC;Partido Social Cristão;NÃO ELEITO;454;25000.0;8791688;55.06607929515418;0.002843594995636788
60001645829;2080;MARIA SANDRA DE FREITAS;SANDRA FREITAS;CE;PSC;Partido Social Cristão;NÃO ELEITO;96;0.0;8791688;0.0;0.0
60001645838;2040;FRANCISCO GUEDES DA SILVA JÚNIOR;GUEDES JÚNIOR;CE;PSC;Partido Social Cristão;NÃO ELEITO;69;20000.0;8791688;289.8550724637681;0.00227487599650943
60001645843;2010;JESSICA CARVALHO FREITAS;JESSICA FREITAS;CE;PSC;Partido Social Cristão;NÃO ELEITO;362;69900.0;8791688;193.0939226519337;0.007950691607800459
60001645840;2015;FRANCISCO JOSE DE CARVALHO FERREIRA;PASTOR CARVALHO;CE;PSC;Partido Social Cristão;NÃO ELEITO;315;16800.0;8791688;53.333333333333336;0.0019108958370679214
60001645832;2033;ANDRÉ LUIZ BARBOSA AZEVEDO;ANDRÉ PEZÃO;CE;PSC;Partido Social Cristão;NÃO ELEITO;1621;30000.0;8791688;18.507094386181368;0.0034123139947641453
60001645830;2012;ISRAEL FROTA DE OLIVEIRA;ISRAEL FROTA;CE;PSC;Partido Social Cristão;NÃO ELEITO;1797;52000.0;8791688;28.937117417918753;0.005914677590924519
60001645839;2026;GLENDA MARIA ALVES GARCES SOUSA;TEC ENFERMAGEM GLENDA GARCÊS;CE;PSC;Partido Social Cristão;NÃO ELEITO;388;50000.0;8791688;128.8659793814433;0.005687189991273576
60001645835;2088;MARIA ELIONEIDE RABELO;NEIDE RABELO;CE;PSC;Partido Social Cristão;NÃO ELEITO;449;20000.0;8791688;44.54342984409799;0.00227487599650943
80001645731;7788;VALDECI GOMES DA SILVA;PASTOR VALDECI GOMES;ES;SOLIDARIEDADE;Solidariedade;NÃO ELEITO;190;5100.0;3833486;26.842105263157894;0.001330381798707495
80001645727;7722;DENYS SANTOS MASCARENHAS;DENYS MASCARENHAS;ES;SOLIDARIEDADE;Solidariedade;NÃO ELEITO;392;59921.25;3833486;152.86033163265307;0.015631007912902253
80001645730;7713;MARIA GOMES DA SILVA;MARIAZINHA;ES;SOLIDARIEDADE;Solidariedade;NÃO ELEITO;433;35238.13;3833486;81.38136258660508;0.009192189563233047
80001645728;7733;GILSETE DOS SANTOS LOPES;GILSETE LOPES;ES;SOLIDARIEDADE;Solidariedade;NÃO ELEITO;964;120834.69;3833486;125.3471887966805;0.0315208376918554
80001645729;7799;JOSIMAR FERNANDES DA SILVA;JOSIMAR FERNANDES;ES;SOLIDARIEDADE;Solidariedade;NÃO ELEITO;241;5000.0;3833486;20.74688796680498;0.0013042958810857794
160001654917;2887;RUBYA SOUZA COLFERAI;RUBYA COLFERAI;PR;PRTB;Partido Renovador Trabalhista Brasileiro;NÃO ELEITO;63;18324.52;11443208;290.86539682539683;0.001601344657896632
160001654911;2875;ANTONIO WILSON CORDEIRO DE LIMA;ANTONIO WILSON CORDEIRO DE LIM;PR;PRTB;Partido Renovador Trabalhista Brasileiro;NÃO ELEITO;62;1200.0;11443208;19.35483870967742;0.00010486569849993113
160001654915;2832;SANDRA MARCIA DA SILVA;SANDRA MARCIA;PR;PRTB;Partido Renovador Trabalhista Brasileiro;NÃO ELEITO;25;4576.0;11443208;183.04;0.00039988786361307073
160001654918;2815;CARLOS ROBERTO FERREIRA BASTO;CARLOS ROBERTO;PR;PRTB;Partido Renovador Trabalhista Brasileiro;NÃO ELEITO;665;1200.0;11443208;1.8045112781954886;0.00010486569849993113
160001654919;2802;JOSE AMERICO PEREIRA ALVIM;JOSE AMERICO ALVIM;PR;PRTB;Partido Renovador Trabalhista Brasileiro;NÃO ELEITO;163;0.0;11443208;0.0;0.0
160001654922;2821;NOEL LEOZI PORTES;NOEL LEOZI PORTES;PR;PRTB;Partido Renovador Trabalhista Brasileiro;NÃO ELEITO;54;0.0;11443208;0.0;0.0
160001654924;2810;ANTONIO CARLOS MACHADO;ANTONIO CARLOS;PR;PRTB;Partido Renovador Trabalhista Brasileiro;NÃO ELEITO;50;0.0;11443208;0.0;0.0
160001654912;2846;DIOFANO FELIX DA SILVA;DIOFANO FELIX;PR;PRTB;Partido Renovador Trabalhista Brasileiro;NÃO ELEITO;113;3242.38;11443208;28.69362831858407;0.00028334536958517226
160001654921;2899;ELISANGELA DE PAULA E SILVA;TENENTE ELISANGELA;PR;PRTB;Partido Renovador Trabalhista Brasileiro;NÃO ELEITO;276;3748.0;11443208;13.579710144927537;0.00032753053164811825
160001654913;2855;MARIA CANDIDA DE OLIVEIRA;LIAH PRADO DO POVO;PR;PRTB;Partido Renovador Trabalhista Brasileiro;NÃO ELEITO;99;4581.13;11443208;46.274040404040406;0.000400336164474158
160001654923;2811;ANTONIO SELEME NETO;ANTONIO SELEME;PR;PRTB;Partido Renovador Trabalhista Brasileiro;NÃO ELEITO;36;4197.71;11443208;116.60305555555556;0.0003668298260417883
160001654925;2820;JAIME JOAO DE OLIVEIRA;JAIME JOAO O DEPUTADO DO POVO;PR;PRTB;Partido Renovador Trabalhista Brasileiro;NÃO ELEITO;315;4199.37;11443208;13.331333333333333;0.00036697489025804654
160001654920;2800;DEGMAR FONTES LOPES;DAGMAR FONTES;PR;PRTB;Partido Renovador Trabalhista Brasileiro;NÃO ELEITO;376;1200.0;11443208;3.1914893617021276;0.00010486569849993113
160001654926;2842;MAURICIO DE SOUZA SANTOS;MAURICIO SOUZA;PR;PRTB;Partido Renovador Trabalhista Brasileiro;NÃO ELEITO;104;4199.37;11443208;40.378557692307695;0.00036697489025804654
160001654914;2828;ADALMO ROMILSON ALVES;ADALMO ALVES;PR;PRTB;Partido Renovador Trabalhista Brasileiro;NÃO ELEITO;374;4581.13;11443208;12.249010695187167;0.000400336164474158
140001620897;1313;DILVANDA FURTADO FARO;DILVANDA FARO;PA;PT;Partido dos Trabalhadores;ELEITO POR QP;150065;1069360.86;8116132;7.125984473394863;0.13175745047024864
190001644820;1000;MARCELO BEZERRA CRIVELLA;MARCELO CRIVELLA;RJ;REPUBLICANOS;REPUBLICANOS;ELEITO POR QP;110450;1654000.0;16054524;14.975101856043459;0.1030239202358164
190001644815;1033;ROSANGELA DE SOUZA GOMES;ROSANGELA GOMES;RJ;REPUBLICANOS;REPUBLICANOS;ELEITO POR QP;76292;2063490.35;16054524;27.04727035600063;0.12853014826225928
50001634583;4433;ELMAR JOSE VIEIRA NASCIMENTO;ELMAR NASCIMENTO;BA;UNIÃO;UNIÃO BRASIL;ELEITO POR QP;175439;3049659.8200000003;14136417;17.38302099305172;0.21573074846334828
50001634594;4488;ADALBERTO ROSA BARRETO;DEPUTADO DAL;BA;UNIÃO;UNIÃO BRASIL;ELEITO POR QP;140435;2881967.78;14136417;20.521720226439278;0.20386833382178807
50001634592;4411;LEUR ANTONIO DE BRITTO LOMANTO JUNIOR;LEUR LOMANTO JR;BA;UNIÃO;UNIÃO BRASIL;ELEITO POR QP;82004;3163667.91;14136417;38.57943405199747;0.22379559898381607
50001634596;4412;ARTHUR DE OLIVEIRA MAIA DA SILVA;ARTHUR MAIA;BA;UNIÃO;UNIÃO BRASIL;ELEITO POR QP;108672;3163770.82;14136417;29.113026538574793;0.2238028787634094
50001634593;4400;PAULO VELLOSO DANTAS AZI;PAULO AZI;BA;UNIÃO;UNIÃO BRASIL;ELEITO POR QP;137383;3191231.9899999998;14136417;23.228725460937667;0.2257454622341715
250001604815;1476;ANDERSON GONDIM SAMPAIO;ANDERSON SAMPAIO;SP;PTB;Partido Trabalhista Brasileiro;NÃO ELEITO;267;6528.65;44420459;24.45187265917603;0.0001469739427951431
250001604816;1438;ANDRE LUIS RAMOS PEDROSO;ANDRE PEDROSO;SP;PTB;Partido Trabalhista Brasileiro;NÃO ELEITO;9106;61286.0;44420459;6.730287722380848;0.0013796795751255069
250001604818;1420;MUNIR WAHHAB;MUNIR WAHHAB;SP;PTB;Partido Trabalhista Brasileiro;NÃO ELEITO;756;21084.57;44420459;27.889642857142857;0.00047465898540129895
250001604819;1457;MARCIA BUENO DA SILVA;MARCIA BUENO;SP;PTB;Partido Trabalhista Brasileiro;NÃO ELEITO;264;25000.0;44420459;94.6969696969697;0.0005628037296958143
250001604822;1431;ROSINETE DA SILVA MOREIRA;ADVOGADA ROSE MOREIRA;SP;PTB;Partido Trabalhista Brasileiro;NÃO ELEITO;220;0.0;44420459;0.0;0.0
270001644064;3535;NUBIO GERMANO DA SILVA;PROFESSOR NUBIO;TO;PMB;Partido da Mulher Brasileira;NÃO ELEITO;102;0.0;1511459;0.0;0.0
270001644063;3507;YETTE SANTOS SOARES;YETTE NOGUEIRA;TO;PMB;Partido da Mulher Brasileira;NÃO ELEITO;1072;5512.2;1511459;5.141977611940298;0.003646939811136127
10001601534;5522;MARIA JESUITA ARRUDA DA SILVA;JESUITA ARRUDA;AC;PSD;Partido Social Democrático;NÃO ELEITO;6148;499670.66;830026;81.27369225764475;0.6019939857305674
210001647859;1522;OSMAR GASPARINI TERRA;OSMAR TERRA;RS;MDB;Movimento Democrático Brasileiro;ELEITO POR QP;103245;2991382.94;10880506;28.973634946002228;0.2749304986367362
210001647853;1500;ALCEU MOREIRA DA SILVA;ALCEU MOREIRA;RS;MDB;Movimento Democrático Brasileiro;ELEITO POR QP;125647;2612000.0;10880506;20.788399245505264;0.24006236474663953
10001601536;5577;CLERTON GASPAR DE SOUZA;CLERTON SOUZA;AC;PSD;Partido Social Democrático;NÃO ELEITO;1372;146996.66;830026;107.14042274052478;0.1770988619633602
10001601538;5544;GESSI NASCIMENTO DA SILVA;GESSI CAPELÃO;AC;PSD;Partido Social Democrático;NÃO ELEITO;1686;86263.0;830026;51.16429418742586;0.1039280697231171
10001601539;5500;MOISES BARROS DE MEDEIROS;MOISES MEDEIROS;AC;PSD;Partido Social Democrático;NÃO ELEITO;933;146921.24;830026;157.47185423365488;0.17700799733984235
10001601532;5555;SIRLENE OLIVEIRA DA CUNHA;LENE PETECÃO;AC;PSD;Partido Social Democrático;NÃO ELEITO;3270;442146.51;830026;135.213;0.5326899518810254
10001601531;5533;SUELLEN CARLOS DA SILVA MORAIS;SUELLEN CARLOS;AC;PSD;Partido Social Democrático;NÃO ELEITO;2448;331606.05;830026;135.45998774509803;0.39951284658552866
10001601537;5511;FRANCISCO DA SILVA PIYÃKO;FRANCISCO PIYÃKO;AC;PSD;Partido Social Democrático;NÃO ELEITO;2206;196992.09;830026;89.2983182230281;0.23733243295993137
10001601535;5523;ROSANA SOUSA DO NASCIMENTO;ROSANA NASCIMENTO;AC;PSD;Partido Social Democrático;NÃO ELEITO;3925;398992.58;830026;101.65416050955415;0.4806988937695928
10001601533;5588;JOSE JUAREZ LEITÃO DOS SANTOS;JUAREZ LEITÃO;AC;PSD;Partido Social Democrático;NÃO ELEITO;1497;146913.2;830026;98.13841015364062;0.17699831089628518
90001614614;3613;MEIRESLENE LUIZA DE AGUIAR;PROFESSORA MEIRE;GO;AGIR;AGIR;NÃO ELEITO;390;30000.0;7055228;76.92307692307692;0.004252165911576494
90001614616;3699;POLLYANA BATISTA DE ALMEIDA;POLLYANA CHITA;GO;AGIR;AGIR;NÃO ELEITO;920;29907.0;7055228;32.50760869565217;0.004238984197250606
90001614617;3666;KENIA GARCIA DA CUNHA;KENIA CUNHA;GO;AGIR;AGIR;NÃO ELEITO;279;70000.0;7055228;250.89605734767025;0.009921720460345151
90001614604;3646;ISABEL CRISTINA ARAUJO ALVES SIQUEIRA;ISABEL CRISTINA ARAUJO;GO;AGIR;AGIR;NÃO ELEITO;661;64760.72;7055228;97.97385779122541;0.009179110866438335
90001736030;3647;GEAN CARLOS LACERDA SOUTO;CARLOS LACERDA;GO;AGIR;AGIR;NÃO ELEITO;143;867.0;7055228;6.062937062937063;0.00012288759484456067
90001614606;3610;JOSE JOAQUIM SABARA DE MEDEIROS FILHO;SABARÁ;GO;AGIR;AGIR;NÃO ELEITO;768;20000.0;7055228;26.041666666666668;0.0028347772743843288
90001730700;3621;JUCIMMEIRY BARBOSA DA SILVA;MEIRY DO BAZAR;GO;AGIR;AGIR;NÃO ELEITO;242;29600.0;7055228;122.31404958677686;0.004195470366088807
90001614603;3605;APARECIDO FELIX DE MOURA;CIDO DO MOTO TAXI;GO;AGIR;AGIR;NÃO ELEITO;379;89983.5;7055228;237.42348284960423;0.012754159043478113
90001614605;3600;ISRAEL DE ASSIS ALVES;INDIO DE ASSIS;GO;AGIR;AGIR;NÃO ELEITO;652;34760.0;7055228;53.31288343558282;0.004926842902879963
90001614607;3655;LUIZ CARLOS RAMOS RODRIGUES;LUIZ CARLOS ZOIN;GO;AGIR;AGIR;NÃO ELEITO;806;27000.0;7055228;33.49875930521092;0.003826949320418844
90001614618;3678;ANTONIO CARNEIRO DE SOUZA;ANTONIO CARNEIRO DE SOUZA;GO;AGIR;AGIR;NÃO ELEITO;553;24994.0;7055228;45.197106690777574;0.003542621159798096
90001614619;3677;VERA LUCIA COSTA FERREIRA;VERA FORMOSA;GO;AGIR;AGIR;NÃO ELEITO;376;29900.89;7055228;79.52364361702128;0.004238118172793281
90001614615;3622;ALISSON MEIRELES DE OLIVEIRA;ALEX MEIRELLES;GO;AGIR;AGIR;NÃO ELEITO;621;42056.0;7055228;67.72302737520128;0.005960969652575367
90001614602;3690;MARGARETH MAIA SARMENTO;MARGARETH SARMENTO;GO;AGIR;AGIR;NÃO ELEITO;958;90386.53;7055228;94.34919624217119;0.012811284057722869
90001614608;3635;MARCELO BRITES DA SILVA;MARCELO BRITES;GO;AGIR;AGIR;NÃO ELEITO;205;27000.0;7055228;131.70731707317074;0.003826949320418844
90001614610;3630;KEMMER KASSEM EL AOUAR;KEMMER KASSEM;GO;AGIR;AGIR;NÃO ELEITO;173;10000.0;7055228;57.80346820809248;0.0014173886371921644
90001614611;3670;DORISLEILA GOMES DOS SANTOS;DORIS;GO;AGIR;AGIR;NÃO ELEITO;419;35000.0;7055228;83.53221957040573;0.0049608602301725755
90001614609;3636;MARCELO DE OLIVEIRA;MARCELO DO SACOLÃO;GO;AGIR;AGIR;NÃO ELEITO;1632;115478.23;7055228;70.7587193627451;0.016367753104506333
210001614100;7727;NICOLAS XAVIER;NICOLAS  XAVIER;RS;SOLIDARIEDADE;Solidariedade;NÃO ELEITO;391;10000.0;10880506;25.575447570332482;0.0009190749033179156
210001614099;7720;NADERSON VIEGA SOARES;NADERSON;RS;SOLIDARIEDADE;Solidariedade;NÃO ELEITO;336;19920.0;10880506;59.285714285714285;0.0018307972074092878
210001614090;7771;HENRIQUE MORINI QUEROL;HENRIQUE MANINHO;RS;SOLIDARIEDADE;Solidariedade;NÃO ELEITO;120;10023.0;10880506;83.525;0.0009211887755955467
210001614102;7770;RAFAEL VIEIRA DA SILVA;RAFAEL BATERA CADEIRANTE;RS;SOLIDARIEDADE;Solidariedade;NÃO ELEITO;350;4999.97;10880506;14.285628571428573;0.00045953469443424784
210001614093;7788;JEFERSON ANDRADE DE MATTOS;JEFERSON MATTOS;RS;SOLIDARIEDADE;Solidariedade;NÃO ELEITO;369;5000.0;10880506;13.550135501355014;0.0004595374516589578
210001724791;7703;FERNANDA SERPA MOREIRA;FÊ SERPA ;RS;SOLIDARIEDADE;Solidariedade;NÃO ELEITO;22;20000.0;10880506;909.0909090909091;0.0018381498066358311
210001724794;7787;BIBIANA NUNES BITENCOURT BUENO;BIBIANA BUENO;RS;SOLIDARIEDADE;Solidariedade;NÃO ELEITO;172;10000.0;10880506;58.13953488372093;0.0009190749033179156
170001604098;4545;FRANCISCO RODRIGUES DOS SANTOS FILHO;DELEGADO FRANCISCO;PE;PSDB;Partido da Social Democracia Brasileira;NÃO ELEITO;2671;140759.7;9058155;52.69925121677275;0.015539555240553955
170001604099;4500;GLAUCIA KAMILA ANDRADE RIBEIRO DA SILVA;GLAUCIA ANDRADE;PE;PSDB;Partido da Social Democracia Brasileira;NÃO ELEITO;5197;234589.49;9058155;45.139405426207425;0.025898153652703006
170001604102;4528;LARISSA MARIA CALO MESQUITA;LARISSA CALO;PE;PSDB;Partido da Social Democracia Brasileira;NÃO ELEITO;96;15000.0;9058155;156.25;0.0016559663640112142
170001604107;4510;RODOLFO DONIZETI CARNEIRO DE ALBUQUERQUE ROCHA;RODOLFO ALBUQUERQUE;PE;PSDB;Partido da Social Democracia Brasileira;NÃO ELEITO;858;440756.0;9058155;513.7016317016318;0.04865847404907511
170001732342;4530;INGRID THAYANNE BRAZ SILVA;INGRID BRAZ;PE;PSDB;Partido da Social Democracia Brasileira;NÃO ELEITO;108;2000.0;9058155;18.51851851851852;0.00022079551520149524
170001733443;4570;SOLANGE MARIA BRAZ DA SILVA;SOLANGE BRAZ;PE;PSDB;Partido da Social Democracia Brasileira;NÃO ELEITO;17;600.0;9058155;35.294117647058826;6.623865456044857e-05
170001604096;4588;CLAUDEILSON OLIVEIRA DE CARVALHO;CLAUDEILSON OLIVEIRA;PE;PSDB;Partido da Social Democracia Brasileira;NÃO ELEITO;781;114925.07;9058155;147.15117797695262;0.012687470020108952
170001604093;4522;ANDRE HENRIQUE GOMES DA FONSECA;ANDRE FONSECA;PE;PSDB;Partido da Social Democracia Brasileira;NÃO ELEITO;973;40000.0;9058155;41.109969167523126;0.004415910304029905
210001614091;7719;JAQUELINE APARECIDA VIDAL MOREIRA;JAQUE VIDAL;RS;SOLIDARIEDADE;Solidariedade;NÃO ELEITO;366;19984.85;10880506;54.603415300546445;0.0018367574081573042
210001614096;7796;LANDER WILLIAM DE MIRANDA;WILLIAM MIRANDA;RS;SOLIDARIEDADE;Solidariedade;NÃO ELEITO;4;9750.35;10880506;2437.5875;0.0008961301983565838
210001724795;7797;DIVINA MARIA PACHECO;DIVINA;RS;SOLIDARIEDADE;Solidariedade;NÃO ELEITO;410;39930.06;10880506;97.39039024390243;0.0036698716033978563
130001608227;7040;ANDRE LUIS GASPAR JANONES;ANDRÉ JANONES;MG;AVANTE;AVANTE;ELEITO POR QP;238967;1886114.55;20538718;7.892782476241489;0.0918321459985964
130001603592;7011;GREYCE DE QUEIROZ ELIAS;GREYCE ELIAS;MG;AVANTE;AVANTE;ELEITO POR QP;110346;2688933.48;20538718;24.368200750367027;0.13092022004489276
130001603602;7077;BRUNO SOUZA FARIAS;BRUNO FARIAS;MG;AVANTE;AVANTE;ELEITO POR QP;97246;1295609.19;20538718;13.323007527301893;0.06308130770382066
130001603563;7070;LUIS HENRIQUE DE OLIVEIRA RESENDE;LUIS TIBÉ;MG;AVANTE;AVANTE;ELEITO POR QP;107523;2033436.75;20538718;18.911644485365922;0.09900504744259112
220001612153;4321;EVELIN CAROLINE DE BARROS ALVES VELOZO;EVELIN CAROLINE;RO;PV;Partido Verde;NÃO ELEITO;497;274695.0;1581016;552.7062374245473;0.17374586974451872
220001612146;4343;JURANDIR NUNES CAFÉ;ORANDO CAFÉ;RO;PV;Partido Verde;NÃO ELEITO;302;299813.55;1581016;992.7600993377483;0.18963346987000762
220001612147;1313;FÁTIMA CLEIDE RODRIGUES DA SILVA;FÁTIMA CLEIDE;RO;PT;Partido dos Trabalhadores;NÃO ELEITO;28422;509650.28;1581016;17.9315417634227;0.32235618108861647
220001612152;1300;GERVANO VICENT;GERVANO VICENT;RO;PT;Partido dos Trabalhadores;NÃO ELEITO;2939;248778.81;1581016;84.64743450153114;0.15735375859573844
220001612150;1312;ALESSANDRA DA COSTA LUNAS;ALESSANDRA DA FETAGRO;RO;PT;Partido dos Trabalhadores;NÃO ELEITO;8416;448929.18;1581016;53.34234553231939;0.283949801899538
200001695812;2710;JEAN RODRIGUES DO NASCIMENTO;JEAN RODRIGUES;RN;DC;Democracia Cristã;NÃO ELEITO;124;1000.0;3302729;8.064516129032258;0.0003027799132172213
200001695815;2722;JOSE RICARDO DE MACEDO;RICARDO JARDIM LOLA ;RN;DC;Democracia Cristã;NÃO ELEITO;207;3500.0;3302729;16.908212560386474;0.0010597296962602744
200001695814;2793;WALFRIDO GONDIM NETO;SARGENTO WALFRIDO;RN;DC;Democracia Cristã;NÃO ELEITO;333;1500.0;3302729;4.504504504504505;0.0004541698698258319
200001695811;2730;JANAINA TENORIO DA SILVA ALVES;ARTESA JANAINA TENORIO;RN;DC;Democracia Cristã;NÃO ELEITO;147;3000.0;3302729;20.408163265306122;0.0009083397396516638
200001695816;2711;JOSE VALQUE ANOMINONDAS;VALQUE RADIALISTA;RN;DC;Democracia Cristã;NÃO ELEITO;126;2200.08;3302729;17.46095238095238;0.0006661400314709442
200001695813;2724;JOSE RICARDO SOUSA DA COSTA;RICARDINHO DO PLANALTO;RN;DC;Democracia Cristã;NÃO ELEITO;889;0.0;3302729;0.0;0.0
200001695817;2727;CLARICE TEIXEIRA MAIA;PROFESSORA CLARICE MAIA ;RN;DC;Democracia Cristã;NÃO ELEITO;104;1662.0;3302729;15.98076923076923;0.0005032202157670217
200001695818;2772;NAIRA CAROLINE DE OLIVEIRA BRITO;NAIRA CAROLINE ;RN;DC;Democracia Cristã;NÃO ELEITO;18;0.0;3302729;0.0;0.0
200001695819;2700;MARCUS VINICIUS SALES RODRIGUES;MARCUS VINICIUS;RN;DC;Democracia Cristã;NÃO ELEITO;14;0.0;3302729;0.0;0.0
150001612065;1111;AGUINALDO VELLOSO BORGES RIBEIRO;AGUINALDO RIBEIRO;PB;PP;PROGRESSISTAS;ELEITO POR QP;135001;2573154.57;3974495;19.060263035088628;0.6474167334466391
140001598308;2200;JOAQUIM PASSARINHO PINTO DE SOUZA PORTO;JOAQUIM PASSARINHO;PA;PL;Partido Liberal;ELEITO POR QP;122553;437657.71;8116132;3.5711709219684544;0.05392441990839972
140001598311;2222;EDER MAURO CARDOSO BARRA;DELEGADO EDER MAURO;PA;PL;Partido Liberal;ELEITO POR QP;205543;1558638.21;8116132;7.583027444379034;0.1920419985776476
180001601333;7788;FERNANDA GABRIELLY COSTA GOMES;FERNANDA GOMES;PI;SOLIDARIEDADE;Solidariedade;NÃO ELEITO;40926;3019248.25;3269200;73.77335312515271;0.9235434509971858
180001601331;7713;VIVIANE MOURA BEZERRA;VIVIANE MOURA;PI;SOLIDARIEDADE;Solidariedade;NÃO ELEITO;4901;539370.5;3269200;110.0531524178739;0.1649854704514866
180001601332;7722;GLEICIANO JUREMA SANTOS;NEGUIM DOS AUDIOS;PI;SOLIDARIEDADE;Solidariedade;NÃO ELEITO;816;3336.85;3269200;4.089276960784313;0.001020693135935397
180001601334;7707;FLORO MAUEL ALMEIDA PROBO;FLORO DO THEMOS VAGAS;PI;SOLIDARIEDADE;Solidariedade;NÃO ELEITO;5380;18383.5;3269200;3.417007434944238;0.0056232411599168
180001601335;7777;JOSÉ DE ANDRADE MAIA FILHO;MAINHA;PI;SOLIDARIEDADE;Solidariedade;NÃO ELEITO;16911;1300214.63;3269200;76.88573295488143;0.3977164535666218
180001601336;7770;ROBSON BEZERRA RIBEIRO;ROBYWOOD;PI;SOLIDARIEDADE;Solidariedade;NÃO ELEITO;335;2897.0;3269200;8.64776119402985;0.0008861495167013337
180001601338;7733;SILAS FREIRE PEREIRA E SILVA;SILAS FREIRE;PI;SOLIDARIEDADE;Solidariedade;NÃO ELEITO;17198;1499947.99;3269200;87.2164199325503;0.45881193870059955
180001601340;7776;ROBERTO SILVA DE OLIVEIRA;ROBERTO SILVA;PI;SOLIDARIEDADE;Solidariedade;NÃO ELEITO;668;2424.0;3269200;3.62874251497006;0.0007414658020310779
180001601330;7779;CELENE FERNANDES DA SILVA;CELENE FERNANDES;PI;SOLIDARIEDADE;Solidariedade;NÃO ELEITO;1121;50001.3;3269200;44.60419268510259;0.015294659243851708
180001601339;7736;GLENDA SANTOS DE ALMEIDA BORGES;PROFESSORA GLENDA BORGES;PI;SOLIDARIEDADE;Solidariedade;NÃO ELEITO;73;1600.0;3269200;21.91780821917808;0.0004894163709776092
180001601337;7789;VALBER WESLLEY PAZ DE VASCONCELOS;WESLLEY PAZ;PI;SOLIDARIEDADE;Solidariedade;NÃO ELEITO;1846;20110.0;3269200;10.89382448537378;0.006151352012724825
180001714312;3378;ANTONIO ALMEIDA DE SOUSA;TOINHO DUFRANGO;PI;PMN;Partido da Mobilização Nacional;NÃO ELEITO;288;20000.0;3269200;69.44444444444444;0.006117704637220115
180001714313;3384;ELISANGELA DA CRUZ PAZ;ELISANGELA PAZ;PI;PMN;Partido da Mobilização Nacional;NÃO ELEITO;78;5000.0;3269200;64.1025641025641;0.0015294261593050288
180001714310;3369;ANA CAROLINA DA SILVA FEITOSA;ANGEL;PI;PMN;Partido da Mobilização Nacional;NÃO ELEITO;145;40000.0;3269200;275.86206896551727;0.01223540927444023
180001714311;3345;ANTONINA GABRIELLE CAETANO IZIDÓRIO;GABRIELLE IZIDÓRIO;PI;PMN;Partido da Mobilização Nacional;NÃO ELEITO;261;40000.0;3269200;153.25670498084293;0.01223540927444023
180001714307;3355;FRANCISCO DE ASSIS CARDOSO FONTINELES;ASSIS FONTINELES;PI;PMN;Partido da Mobilização Nacional;NÃO ELEITO;126;0.0;3269200;0.0;0.0
180001714308;3311;JEOVÁ DA SILVA;JEOVÁ DA ILUMINAÇÃO;PI;PMN;Partido da Mobilização Nacional;NÃO ELEITO;154;10000.0;3269200;64.93506493506493;0.0030588523186100575
180001714303;3320;JÉSSICALINE ALVES RODRIGUES;JÉSSICALINE;PI;PMN;Partido da Mobilização Nacional;NÃO ELEITO;108;20000.0;3269200;185.1851851851852;0.006117704637220115
180001714306;3356;FRANCISCA BATISTA DA SILVA;FRANCISCA PROTETORA;PI;PMN;Partido da Mobilização Nacional;NÃO ELEITO;124;29994.0;3269200;241.88709677419354;0.009174721644439006
180001714309;3399;GALIANA MARQUES DA COSTA;SARGENTA GALIANA;PI;PMN;Partido da Mobilização Nacional;NÃO ELEITO;217;24999.43;3269200;115.2047465437788;0.007646956441942983
180001714304;3333;MARCOS AURELIANO FERREIRA DA SILVA;MARCOS AURELIANO;PI;PMN;Partido da Mobilização Nacional;NÃO ELEITO;648;20000.0;3269200;30.864197530864196;0.006117704637220115
180001714305;3322;TAÍS PEREIRA DE SOUSA;TAÍS SOUSA;PI;PMN;Partido da Mobilização Nacional;NÃO ELEITO;190;10000.0;3269200;52.63157894736842;0.0030588523186100575
170001618620;1100;LUIZ EDUARDO DE QUEIROZ CAMPOS DA FONTE ALBUQUERQUE;LULA DA FONTE;PE;PP;PROGRESSISTAS;ELEITO POR MÉDIA;94122;3089491.0;9058155;32.82432375002656;0.34107287852769136
230001600104;9011;WALDEREZ PEREIRA DOS SANTOS GUILHERME;KIKA SAUDE;RR;PROS;Partido Republicano da Ordem Social;NÃO ELEITO;640;90394.82;636303;141.24190625;0.14206253938768165
230001600100;9033;MARIA DA FELICIDADE SANTOS DO NASCIMENTO;MARIA DA FELICIDADE;RR;PROS;Partido Republicano da Ordem Social;NÃO ELEITO;321;89917.0;636303;280.1152647975078;0.14131160783463223
230001600103;9000;RAMON FELIPE DE SOUZA SILVA;DR RAMON FELIPE;RR;PROS;Partido Republicano da Ordem Social;NÃO ELEITO;507;133850.0;636303;264.00394477317553;0.210355758184387
230001600097;9093;JANES MIRANDA;RADIALISTA JANES MIRANDA;RR;PROS;Partido Republicano da Ordem Social;NÃO ELEITO;1071;154081.0;636303;143.86647992530345;0.24215035918422512
230001600102;9099;ANTONIO EMILIANO CHAVES JUNIOR;PASTOR ANTONIO EMILIANO;RR;PROS;Partido Republicano da Ordem Social;NÃO ELEITO;296;179996.93;636303;608.0977364864865;0.28287927292500586
230001600101;9022;VANDERLEI LIMA SANTANA;VANDERLEI;RR;PROS;Partido Republicano da Ordem Social;NÃO ELEITO;333;33145.6;636303;99.53633633633633;0.052090906376364716
230001600098;9001;LUIZA CARMEM BRASIL;PETITA BRASIL;RR;PROS;Partido Republicano da Ordem Social;NÃO ELEITO;230;589400.94;636303;2562.6127826086954;0.926289739322304
230001600096;9090;EVERALDO RAMOS DA SILVA JUNIOR;EVERALDO FEDERAL;RR;PROS;Partido Republicano da Ordem Social;NÃO ELEITO;964;145325.18;636303;150.75226141078838;0.2283899022949758
200001620539;2323;GIDEON ISMAIAS PEREIRA DA SILVA;GIDEON ISMAIAS;RN;CIDADANIA;Cidadania;NÃO ELEITO;2830;108215.53;3302729;38.23870318021201;0.032765488782155607
200001620543;2311;LEILZA PALMEIRA DE MEDEIROS;LEILZA PALMEIRA;RN;CIDADANIA;Cidadania;NÃO ELEITO;812;139989.0;3302729;172.40024630541873;0.04238585727136559
200001620536;4566;MARIA WANDERLEIA FIRMINO DA SILVA;WANDERLEIA FIRMINO;RN;PSDB;Partido da Social Democracia Brasileira;NÃO ELEITO;1505;249275.35;3302729;165.63146179401994;0.07547556884019246
200001620537;4570;ESTÁCIO RUBINSTEIN DE MEDEIROS COSTA;DR ESTÁCIO;RN;PSDB;Partido da Social Democracia Brasileira;NÃO ELEITO;4619;199943.0;3302729;43.28707512448582;0.060538724188390874
200001620544;4555;DELKIZA ALVES CAVALCANTE;DELKIZA;RN;PSDB;Partido da Social Democracia Brasileira;NÃO ELEITO;1904;252126.01;3302729;132.41912289915967;0.07633869142760427
200001620540;4544;FLÁVIO DOS SANTOS TEIXEIRA;FLÁVIO DE TÊTE;RN;PSDB;Partido da Social Democracia Brasileira;NÃO ELEITO;1666;199925.1;3302729;120.0030612244898;0.06053330442794429
200001620538;4567;WBIRANILTON LINHARES DE ARAUJO;PEZÃO;RN;PSDB;Partido da Social Democracia Brasileira;NÃO ELEITO;3328;267520.47;3302729;80.38475661057691;0.08099982469043024
200001620542;4500;MICHAEL BORGES DE SOUZA;MICHAEL BORGES;RN;PSDB;Partido da Social Democracia Brasileira;NÃO ELEITO;6106;199904.06;3302729;32.738955126105466;0.06052693393857019
200001620541;4545;JULIA FERREIRA LOPES;DRA  JULIA FERREIRA;RN;PSDB;Partido da Social Democracia Brasileira;NÃO ELEITO;22090;2698221.99;3302729;122.14676278859213;0.8169674199729982
180001610760;4333;JADYEL SILVA ALENCAR;JADYEL DA JUPI;PI;PV;Partido Verde;ELEITO POR MÉDIA;83175;1047981.07;3269200;12.599712293357378;0.3205619325828949
20001611726;4444;ALFREDO GASPAR DE MENDONÇA NETO;ALFREDO GASPAR;AL;UNIÃO;UNIÃO BRASIL;ELEITO POR MÉDIA;102039;2509055.16;3127511;24.589178255372946;0.802253024849473
250001700013;2901;LEANDRO PAGGIARO CORREA DE ARRUDA;LEANDRO PAGGIARO;SP;PCO;Partido da Causa Operária;NÃO ELEITO;44;0.0;44420459;0.0;0.0
250001700014;2900;LISIA SAKAI;LISIA SAKAI;SP;PCO;Partido da Causa Operária;NÃO ELEITO;203;0.0;44420459;0.0;0.0
250001700020;2969;PAULO BEZERRA DE MELO;PAULO BEZERRA;SP;PCO;Partido da Causa Operária;NÃO ELEITO;169;0.0;44420459;0.0;0.0
250001700012;2979;RIVALDO DOS SANTOS SILVA;RIVA;SP;PCO;Partido da Causa Operária;NÃO ELEITO;76;0.0;44420459;0.0;0.0
250001700018;2959;IZADORA CRISTINA DIAS DA SILVA;IZADORA DIAS;SP;PCO;Partido da Causa Operária;NÃO ELEITO;237;0.0;44420459;0.0;0.0
250001700019;2929;JOÃO JORGE CAPRONI COSTA PIMENTA;JOÃO JORGE;SP;PCO;Partido da Causa Operária;NÃO ELEITO;1121;0.0;44420459;0.0;0.0
250001700021;2997;TIAGO PIRES;TIAGO PIRES;SP;PCO;Partido da Causa Operária;NÃO ELEITO;307;0.0;44420459;0.0;0.0
250001700015;2989;SIMONE CRISTINA SOUZA;SIMONE SOUZA;SP;PCO;Partido da Causa Operária;NÃO ELEITO;109;0.0;44420459;0.0;0.0
250001700016;2939;CLENILZA PANATO;CLENILZA PANATO;SP;PCO;Partido da Causa Operária;NÃO ELEITO;177;0.0;44420459;0.0;0.0
180001610759;1312;FLAVIO RODRIGUES NOGUEIRA;FLAVIO NOGUEIRA;PI;PT;Partido dos Trabalhadores;ELEITO POR MÉDIA;100151;1668783.83;3269200;16.662677656738325;0.5104563287654472
270001654160;1088;JOSÉ ALEXANDRE DOMINGUES GUIMARÃES;ALEXANDRE GUIMARÃES;TO;REPUBLICANOS;REPUBLICANOS;ELEITO POR MÉDIA;54703;925776.76;1511459;16.92369266767819;0.6125053739466304
270001654164;1000;RICARDO AYRES DE CARVALHO;RICARDO AYRES;TO;REPUBLICANOS;REPUBLICANOS;ELEITO POR MÉDIA;45880;774814.7;1511459;16.887853095030515;0.5126270047682404
50001602958;7000;MANOEL ISIDÓRIO DE SANTANA JÚNIOR;PASTOR SARGENTO ISIDÓRIO;BA;AVANTE;AVANTE;ELEITO POR QP;77164;1749782.26;14136417;22.676147685449173;0.12377834213577599
190001619193;1301;DIMAS DE PAIVA GADELHA JUNIOR;DIMAS GADELHA;RJ;PT;Partido dos Trabalhadores;ELEITO POR MÉDIA;41238;1242493.95;16054524;30.129830496144333;0.07739213881395673
190001619218;1333;REIMONT LUIZ OTONI SANTA BÁRBARA;REIMONT;RJ;PT;Partido dos Trabalhadores;ELEITO POR MÉDIA;39325;779560.23;16054524;19.8235277813096;0.048557044107941164
190001644983;1516;GUTEMBERG REIS DE OLIVEIRA;GUTEMBERG REIS;RJ;MDB;Movimento Democrático Brasileiro;ELEITO POR QP;133612;2781452.35;16054524;20.817384291830077;0.17325037789971226
190001644973;1522;OTONI MOURA DE PAULO JUNIOR;OTONI DE PAULA;RJ;MDB;Movimento Democrático Brasileiro;ELEITO POR QP;158507;2571544.94;16054524;16.2235417994158;0.1601757199403732
140001620797;5588;JOÃO FERRARI JÚNIOR;JÚNIOR FERRARI;PA;PSD;Partido Social Democrático;ELEITO POR QP;160342;522334.48;8116132;3.2576273216000797;0.0643575634304617
140001604547;4444;CELSO SABINO DE OLIVEIRA;CELSO SABINO;PA;UNIÃO;UNIÃO BRASIL;ELEITO POR QP;142326;2790957.31;8116132;19.609609698860364;0.34387776221480876
60001603472;1214;EDUARDO HENRIQUE MAIA BISMARCK;EDUARDO BISMARCK;CE;PDT;Partido Democrático Trabalhista;ELEITO POR MÉDIA;102287;1322347.28;8791688;12.927813700665775;0.15040880431607673
10001612486;4455;ROZIMEIRE RIBEIRO ANDRADE;MEIRE SERAFIM;AC;UNIÃO;UNIÃO BRASIL;ELEITO POR QP;21285;1728700.0;830026;81.21681935635424;2.082705842949498
120001614258;2222;MARCOS SBOROWSKI POLLON;MARCOS POLLON;MS;PL;Partido Liberal;ELEITO POR QP;103111;875607.45;2756700;8.491891747728175;0.3176288497116117
190001645427;4000;EDUARDO CARVALHO BANDEIRA DE MELLO;BANDEIRA DE MELLO;RJ;PSB;Partido Socialista Brasileiro;ELEITO POR QP;72725;356045.27999999997;16054524;4.89577559298728;0.022177255457713974
100001603099;2244;GILDENEMIR DE LIMA SOUSA;PASTOR  GIL;MA;PL;Partido Liberal;ELEITO POR MÉDIA;69530;523965.0;6775152;7.535811879764131;0.07733627230798659
90001648112;1313;RUBENS OTONI GOMIDE;RUBENS OTONI;GO;PT;Partido dos Trabalhadores;ELEITO POR MÉDIA;83539;2086644.15;7055228;24.97808388896204;0.29575857080735024
260001633055;1133;JOSE THIAGO ALVES DE CARVALHO;THIAGO DE JOALDO;SE;PP;PROGRESSISTAS;ELEITO POR MÉDIA;45698;740347.13;2209558;16.20086502691584;0.33506571450036615
90001621102;1555;MARUSSA CASSIA FAVARO BOLDRIN;MARUSSA BOLDRIN;GO;MDB;Movimento Democrático Brasileiro;ELEITO POR MÉDIA;80464;1692068.91;7055228;21.028893791012127;0.23983192463801312
130001604306;5500;LUIZ FERNANDO RAMOS FARIA;LUIZ FERNANDO;MG;PSD;Partido Social Democrático;ELEITO POR MÉDIA;68550;2177043.9;20538718;31.758481400437635;0.10599706856094912
170001610567;7731;JOSÉ LUIZ DE LIMA SAMPAIO;ZÉ DA LUZ;PE;SOLIDARIEDADE;Solidariedade;NÃO ELEITO;4101;154483.61;9058155;37.66974152645696;0.01705464413006843
170001610570;7712;WALDIR TENÓRIO JUNIOR;DR WALDIR TENÓRIO;PE;SOLIDARIEDADE;Solidariedade;NÃO ELEITO;5048;19661.58;9058155;3.894924722662441;0.0021705943428877075
60001608893;4447;FRANCISCO DANILO BASTOS FORTE;DANILO FORTE;CE;UNIÃO;UNIÃO BRASIL;ELEITO POR MÉDIA;88470;2908228.53;8791688;32.872482536453035;0.33079296376304523
20001605784;7711;VALDEMIR FERREIRA DOS SANTOS;VAL DA CLINICA;AL;SOLIDARIEDADE;Solidariedade;NÃO ELEITO;133;0.0;3127511;0.0;0.0
20001605781;7777;MONICA CARVALHO DE ALMEIDA;MONICA CARVALHO;AL;SOLIDARIEDADE;Solidariedade;NÃO ELEITO;555;10000.0;3127511;18.01801801801802;0.00319743080040326
20001605779;7788;AMADEU JOSE FERREIRA;AMADEU MOVEIS;AL;SOLIDARIEDADE;Solidariedade;NÃO ELEITO;233;0.0;3127511;0.0;0.0
20001605782;7780;ALINE VANESSA PINHEIRO SANTOS;ALINE PINHEIRO;AL;SOLIDARIEDADE;Solidariedade;NÃO ELEITO;91;0.0;3127511;0.0;0.0
20001605778;7714;NADJA SARAIVA LEITE;NADJA SARAIVA;AL;SOLIDARIEDADE;Solidariedade;NÃO ELEITO;32;0.0;3127511;0.0;0.0
20001605777;7790;JOSE ANDRÉ DOS SANTOS;ANDRÉ PASCOAL;AL;SOLIDARIEDADE;Solidariedade;NÃO ELEITO;130;0.0;3127511;0.0;0.0
20001605780;7700;JOSE ANILDO DOS SANTOS;ANILDO;AL;SOLIDARIEDADE;Solidariedade;NÃO ELEITO;243;0.0;3127511;0.0;0.0
250001604824;1447;MARCILIO DUARTE LIMA;MARCILIO DUARTE;SP;PTB;Partido Trabalhista Brasileiro;NÃO ELEITO;207;43671.37;44420459;210.97280193236716;0.0009831363966770357
250001604825;1416;FLAVIANE MENESES AQUINO;ANNE DO ACARAJE;SP;PTB;Partido Trabalhista Brasileiro;NÃO ELEITO;1059;110000.0;44420459;103.87157695939565;0.002476336410661583
250001604826;1454;BRUNO MADEIRA DE CARVALHO;BRUNO MADEIRA;SP;PTB;Partido Trabalhista Brasileiro;NÃO ELEITO;1581;20650.0;44420459;13.061353573687539;0.0004648758807287426
250001604830;1424;DAISE MARIA PEREIRA SILVA;PROFESSORA DAISE;SP;PTB;Partido Trabalhista Brasileiro;NÃO ELEITO;222;12310.07;44420459;55.450765765765766;0.0002771261323526621
90001650666;7078;ADEMILTON NUNES DA SILVA SANTOS;ADEMILTON SANTOS;GO;AVANTE;AVANTE;NÃO ELEITO;531;41682.0;7055228;78.49717514124293;0.00590795931754438
90001650664;7077;LAIGTON PEREIRA DE ALMEIDA;LAIGTON ALMEIDA;GO;AVANTE;AVANTE;NÃO ELEITO;1886;279997.25;7055228;148.46089607635207;0.03968649205950538
90001650667;7011;GLEICY MARIA BARBOSA DOS SANTOS GUERRA;GLEICY GUERRA;GO;AVANTE;AVANTE;NÃO ELEITO;1064;152000.0;7055228;142.85714285714286;0.0215443072853209
90001650668;7033;REILLER LOPES DE SOUZA;DR REILLER;GO;AVANTE;AVANTE;NÃO ELEITO;1297;123808.5;7055228;95.45759444872783;0.01754847610878061
90001650671;7099;ADRIANO GONÇALVES DE CASTRO;ADRIANO CASTRO;GO;AVANTE;AVANTE;NÃO ELEITO;262;41902.8;7055228;159.9343511450382;0.005939255258653583
90001650674;7088;JUNIO CESAR DA SILVA;JÚNIOR CÉSAR SAPÃO;GO;AVANTE;AVANTE;NÃO ELEITO;281;61827.0;7055228;220.02491103202846;0.008763288727167995
90001650676;7010;SUELLEN FERNANDES DE OLIVEIRA LIMA;SUELLEN FERNANDES;GO;AVANTE;AVANTE;NÃO ELEITO;548;51964.0;7055228;94.82481751824818;0.007365318314305363
90001650678;7044;GILMAR GONÇALVES DE CARVALHO;GILMAR CARVALHO;GO;AVANTE;AVANTE;NÃO ELEITO;1902;151261.45;7055228;79.52757623554155;0.021439626047521074
90001650672;7022;HÉLIO JANUÁRIO TELES;HELIO TELES;GO;AVANTE;AVANTE;NÃO ELEITO;1403;151911.35;7055228;108.27608695652174;0.02153174213505219
90001650669;7090;EDSON LUÍS SOUZA MELO ROCHA;CORONEL EDSON RAIADO;GO;AVANTE;AVANTE;NÃO ELEITO;19811;535360.22;7055228;27.023381959517437;0.07588134926326973
250001604831;1418;CLAUDINEI DE OLIVEIRA BARBOSA;HABACUQUE;SP;PTB;Partido Trabalhista Brasileiro;NÃO ELEITO;5531;120037.04000000001;44420459;21.702592659555236;0.002702291752545826
250001604832;1445;FERNANDO FERRARI MERIGLI;FERNANDO FERRARI;SP;PTB;Partido Trabalhista Brasileiro;NÃO ELEITO;1631;14550.0;44420459;8.920907418761496;0.0003275517706829639
250001604834;1417;JOSE ANTONIO DE OLIVEIRA;GAGUINHO;SP;PTB;Partido Trabalhista Brasileiro;NÃO ELEITO;2486;29880.0;44420459;12.019308125502816;0.0006726630177324373
250001604836;1407;SELMA RODRIGUES DANTAS MUNHOZ;SELMA DANTAS;SP;PTB;Partido Trabalhista Brasileiro;NÃO ELEITO;826;19708.239999999998;44420459;23.859854721549635;0.00044367483910960935
250001604837;1408;DANIEL MIGUEL;DANIEL ATIVISTA;SP;PTB;Partido Trabalhista Brasileiro;NÃO ELEITO;1520;165000.0;44420459;108.55263157894737;0.0037145046159923743
250001604838;1469;ITALO LORENZON NETO;ITALO LORENZON;SP;PTB;Partido Trabalhista Brasileiro;NÃO ELEITO;4619;25000.0;44420459;5.412426932236415;0.0005628037296958143
250001604840;1412;WELDER DOUGLAS DA SILVA;WELDER DOUGLAS;SP;PTB;Partido Trabalhista Brasileiro;NÃO ELEITO;3196;62344.17;44420459;19.506936795994992;0.0014035012560315956
250001604842;1404;SILVIO ROMERO DE MAGALHAES LEITE;CORONEL MAGALHAES;SP;PTB;Partido Trabalhista Brasileiro;NÃO ELEITO;1442;6000.0;44420459;4.160887656033287;0.00013507289512699542
90001650663;7069;MARIA NUNES PERDIGÃO;MARIA MACHADÃO;GO;AVANTE;AVANTE;NÃO ELEITO;2938;295897.2;7055228;100.7138189244384;0.04194013290569774
90001650680;7070;THIALU RAPHAEL GUIOTTI LUSTOSA;THIALU GUIOTTI;GO;AVANTE;AVANTE;NÃO ELEITO;12453;866626.5700000001;7055228;69.59179073315667;0.122834665300682
90001650670;7080;EURIPEDES MOREIRA DA SILVA;DR EURÍPEDES MOREIRA;GO;AVANTE;AVANTE;NÃO ELEITO;317;41229.05;7055228;130.06009463722398;0.005843758699222761
90001650675;7000;ROSILENE OLIVEIRA GUIMARÃES;ROSI GUIMARÃES;GO;AVANTE;AVANTE;NÃO ELEITO;2842;295103.11;7055228;103.83642153413089;0.04182757949140694
90001650679;7040;JOÃO BATISTA CORDEIRO MORORO JUNIOR;DR JOÃO BATISTA;GO;AVANTE;AVANTE;NÃO ELEITO;8552;233283.96;7055228;27.278292797006547;0.03306540341431914
250001604845;1434;NEFI ANTONIO CASTRO TALES;NEFI TALES FILHO;SP;PTB;Partido Trabalhista Brasileiro;NÃO ELEITO;749;24466.29;44420459;32.66527369826435;0.0005507887705527762
250001604848;1432;ELIAS GUIMARAES BORGES;ELIAS GUIMARAES;SP;PTB;Partido Trabalhista Brasileiro;NÃO ELEITO;79;0.0;44420459;0.0;0.0
250001604849;1452;OSVALDO MACEDO NEGRÃO;PROFESSOR OSVALDO;SP;PTB;Partido Trabalhista Brasileiro;NÃO ELEITO;2246;14658.0;44420459;6.52626892252894;0.0003299830827952498
250001604850;1401;NELIO FERNANDO DOS REIS;SARGENTO NELIO REIS;SP;PTB;Partido Trabalhista Brasileiro;NÃO ELEITO;2155;52163.14;44420459;24.205633410672853;0.0011743043897857967
250001604853;1443;CLAUDINEIA MOREIRA DE ALMEIDA;CLAL ALMEIDA;SP;PTB;Partido Trabalhista Brasileiro;NÃO ELEITO;290;35000.0;44420459;120.6896551724138;0.00078792522157414
250001604854;1403;RAFAEL ALMEIDA PRADO VALENTIM;RAFAEL VALENTIM;SP;PTB;Partido Trabalhista Brasileiro;NÃO ELEITO;2250;25000.0;44420459;11.11111111111111;0.0005628037296958143
90001650673;7002;LUCIMARY GOMES MONTENEGRO;LU MONTENEGRO;GO;AVANTE;AVANTE;NÃO ELEITO;616;142000.0;7055228;230.5194805194805;0.020126918648128735
90001650677;7007;EDUARDO MENDES GARCIA;DUDU GARCIA;GO;AVANTE;AVANTE;NÃO ELEITO;303;52000.0;7055228;171.6171617161716;0.0073704209133992555
250001604855;1483;ROBERTA CRISTINA RONCADA GASPAR;ROBERTA GASPAR;SP;PTB;Partido Trabalhista Brasileiro;NÃO ELEITO;161;15224.22;44420459;94.56037267080745;0.00034272991190838437
250001604856;1484;VIVIANE BERGAMO MORGERO;VIVIANE BERGAMO MORGERO;SP;PTB;Partido Trabalhista Brasileiro;NÃO ELEITO;201;0.0;44420459;0.0;0.0
50001604713;8080;ESLANE SILVA DA PAIXÃO;ESLANE PAIXÃO;BA;UP;Unidade Popular;NÃO ELEITO;3433;74030.0;14136417;21.564229536848238;0.005236829105989163
130001606690;1258;LUCIANA APARECIDA ROQUE DE SÁ;LUCIANA ROQUE;MG;PDT;Partido Democrático Trabalhista;NÃO ELEITO;353;0.0;20538718;0.0;0.0
130001606684;1265;ROSANE ALVES DA SILVA;ROSANE LOIRINHA;MG;PDT;Partido Democrático Trabalhista;NÃO ELEITO;170;12000.0;20538718;70.58823529411765;0.0005842623673006271
130001724859;1236;ANDERSON BRITO PEREIRA;PERITO LECOQ;MG;PDT;Partido Democrático Trabalhista;NÃO ELEITO;2410;15000.0;20538718;6.224066390041494;0.0007303279591257838
210001614082;7718;ADRIANO SIQUEIRA;ADRIANO MANÃO;RS;SOLIDARIEDADE;Solidariedade;NÃO ELEITO;187;9999.83;10880506;53.475026737967916;0.0009190592790445591
210001614083;7755;AIRTON PEREIRA DA SILVA;AIRTON PEREIRA DA SILVA;RS;SOLIDARIEDADE;Solidariedade;NÃO ELEITO;563;48256.0;10880506;85.71225577264654;0.004435087853450933
210001614085;7744;ANTONIO CARLOS MAURENTE DA ROCHA;NIKA;RS;SOLIDARIEDADE;Solidariedade;NÃO ELEITO;667;30000.0;10880506;44.97751124437781;0.002757224709953747
210001614087;7757;CARLOS ALBERTO MARIANO ALCANTARA;XURRAS;RS;SOLIDARIEDADE;Solidariedade;NÃO ELEITO;374;5000.0;10880506;13.368983957219251;0.0004595374516589578
210001614092;7723;JAQUELINE VARGAS KITTELMANN;JAQUELINE KITTELMANN;RS;SOLIDARIEDADE;Solidariedade;NÃO ELEITO;230;20000.0;10880506;86.95652173913044;0.0018381498066358311
210001614097;7729;MARCELO PRADO DA ROSA;MARCELO NEGÃO;RS;SOLIDARIEDADE;Solidariedade;NÃO ELEITO;67;19999.45;10880506;298.4992537313433;0.0018380992575161488
170001604105;4533;MARCOS ROBERTO OLIVEIRA CARVALHO;MARCOS OLIVEIRA;PE;PSDB;Partido da Social Democracia Brasileira;NÃO ELEITO;943;188949.5;9058155;200.37062566277837;0.020859601099782462
170001604106;4567;OLAVO MILTON ALBINO DE MORAIS FILHO;OLAVO MORAIS;PE;PSDB;Partido da Social Democracia Brasileira;NÃO ELEITO;1365;80000.0;9058155;58.608058608058606;0.00883182060805981
210001614101;7735;RAFAEL GONCALVES DA SILVA;RAFAEL GRAZIK;RS;SOLIDARIEDADE;Solidariedade;NÃO ELEITO;32;39940.0;10880506;1248.125;0.003670785163851755
210001614105;7766;THALLYA RODRIGUES DA SILVA;THALLYA RODRIGUES;RS;SOLIDARIEDADE;Solidariedade;NÃO ELEITO;68;10000.0;10880506;147.05882352941177;0.0009190749033179156
210001614084;7712;ALAN CLEBER MELLO;DR ALAN MELLO;RS;SOLIDARIEDADE;Solidariedade;NÃO ELEITO;3039;29887.62;10880506;9.834689042448174;0.00274689614619026
210001614103;7745;RAQUEL BRUGNERA ALCANTARA;RAQUEL ALCANTÂRA;RS;SOLIDARIEDADE;Solidariedade;NÃO ELEITO;130;69995.65;10880506;538.4280769230769;0.006433124525642465
210001614104;7724;TELMA SAMANTA DA SILVA DE ABREU;TELMINHA ABREU;RS;SOLIDARIEDADE;Solidariedade;NÃO ELEITO;259;39999.74;10880506;154.43915057915058;0.003676275717324176
170001733444;4520;CLARISSA MARTINS MAMEDE;MAJOR CLARISSA;PE;PSDB;Partido da Social Democracia Brasileira;NÃO ELEITO;662;1200.0;9058155;1.8126888217522659;0.00013247730912089713
170001613161;4511;NUNES RAFAEL MENDES COELHO;NUNES RAFAEL;PE;PSDB;Partido da Social Democracia Brasileira;NÃO ELEITO;3847;176422.33000000002;9058155;45.85971666233429;0.019476629622699106
170001604092;4577;ALBERTO BRUNO FERREIRA RIBEIRO;BRUNO RIBEIRO;PE;PSDB;Partido da Social Democracia Brasileira;NÃO ELEITO;5078;188934.19;9058155;37.206417881055536;0.020857910910113592
210001614094;7777;JEFFERSON TIEGO DA SILVA;JEFFERSON TIEGO;RS;SOLIDARIEDADE;Solidariedade;NÃO ELEITO;920;29946.52;10880506;32.5505652173913;0.0027523094973708026
210001614098;7774;LAURO FABIANO GONCALVES DE SOUZA;LAURO;RS;SOLIDARIEDADE;Solidariedade;NÃO ELEITO;158;10000.0;10880506;63.29113924050633;0.0009190749033179156
90001650883;5123;JOHNATAS JOSÉ MAMEDE MESSIAS DOS SANTOS;JOHNATAS MESSIAS;GO;PATRIOTA;Patriota;NÃO ELEITO;3046;1320438.9;7055228;433.4993105712409;0.18715750929665206
90001650886;5111;EVANDO MAGAL ABADIA CORREIA SILVA;MAGAL;GO;PATRIOTA;Patriota;NÃO ELEITO;30032;1022558.1;7055228;34.048951118806606;0.1449362231808809
90001650889;5102;MARCELO CONRADO;MARCELO CONRADO;GO;PATRIOTA;Patriota;NÃO ELEITO;663;509965.45;7055228;769.1786576168929;0.07228192341905888
90001650890;5152;IRACEMA CAETANO ROSA;IRACEMA CAETANO;GO;PATRIOTA;Patriota;NÃO ELEITO;405;489298.0;7055228;1208.143209876543;0.06935254254008517
90001650892;5133;DIVINO APARECIDO MATIAS;DIDI  MATIAS;GO;PATRIOTA;Patriota;NÃO ELEITO;2667;254433.93;7055228;95.40079865016872;0.036063176129814654
90001650893;5115;RENATA VAZ PINTO;RENATA VAZ;GO;PATRIOTA;Patriota;NÃO ELEITO;128;100000.0;7055228;781.25;0.014173886371921645
90001650877;5151;ALCIDES RODRIGUES FILHO;ALCIDES RODRIGUES;GO;PATRIOTA;Patriota;NÃO ELEITO;32057;2703329.56;7055228;84.3288380072995;0.38316686009296935
90001650878;5112;ASTRIDE DE CARVALHO MAGALHAES ALCANTARA;ASTRIDE MAGALHAES;GO;PATRIOTA;Patriota;NÃO ELEITO;509;100000.0;7055228;196.46365422396858;0.014173886371921645
90001650880;5178;TERESA DAMASCENA DE SOUSA;TERESA DAMASCENA;GO;PATRIOTA;Patriota;NÃO ELEITO;414;99817.76;7055228;241.10570048309177;0.014148055881397453
90001650882;5101;HUMBERTO EVANGELISTA;DELEGADO FEDERAL HUMBERTO;GO;PATRIOTA;Patriota;NÃO ELEITO;2008;511917.65;7055228;254.93906872509962;0.07255862602881155
90001650885;5190;ANÉSIO BARBOSA DA CRUZ JÚNIOR;CORONEL ANÉSIO;GO;PATRIOTA;Patriota;NÃO ELEITO;17127;727610.6;7055228;42.483248671687974;0.1031306996740573
90001650888;5177;PERPETUA FERNANDES BARBOSA DE FREITAS;PERPETUA BARBOSA;GO;PATRIOTA;Patriota;NÃO ELEITO;546;99895.7;7055228;182.9591575091575;0.01415910300843573
90001650884;5122;HUMBERTO TEÓFILO DE MENEZES NETO;DELEGADO HUMBERTO TEÓFILO;GO;PATRIOTA;Patriota;NÃO ELEITO;37091;1009999.07;7055228;27.23030034240112;0.14315612053926535
90001650879;5160;MARIA JOSE DUTRA;ZEZE DUTRA;GO;PATRIOTA;Patriota;NÃO ELEITO;337;99759.0;7055228;296.0207715133531;0.014139727305765314
90001650881;5155;CARPEGIANE SILVESTRE DA SILVA;CARPEGIANE SILVESTRE;GO;PATRIOTA;Patriota;NÃO ELEITO;11688;700000.0;7055228;59.89048596851472;0.09921720460345151
90001650891;5100;FERNANDO NETTO LORENZI;FERNANDO NETTO;GO;PATRIOTA;Patriota;NÃO ELEITO;7529;353856.38;7055228;46.99912073316509;0.05015520122099527
250001676832;4330;WILSON GRASSI JÚNIOR;VETERINÁRIO WILSON GRASSI;SP;PV;Partido Verde;NÃO ELEITO;6580;688185.0;44420459;104.58738601823708;0.015492523388828557
210001606010;1655;VALÉRIA BEATRIZ MÜLLER ROCHA;VALÉRIA MULLER;RS;PSTU;Partido Socialista dos Trabalhadores Unificado;NÃO ELEITO;320;6002.83;10880506;18.75884375;0.0005517050401883883
210001606009;1616;NIKAYA MARTINS VIDOR MOURA;NIKAYA VIDOR;RS;PSTU;Partido Socialista dos Trabalhadores Unificado;NÃO ELEITO;538;6308.0;10880506;11.724907063197026;0.0005797524490129411
210001606011;1600;JOÃO CARLOS GILLI MARTINS;PROFESSOR GILLI;RS;PSTU;Partido Socialista dos Trabalhadores Unificado;NÃO ELEITO;212;1821.95;10880506;8.594103773584905;0.00016745085201000763
110001701631;5563;PEDRO INACIO WIEGERT;PEDRO SATÉLITE;MT;PSD;Partido Social Democrático;NÃO ELEITO;4811;402202.45;3658813;83.60059239243401;0.10992703097971938
110001643559;5537;CAMILA BARBOSA MOREIRA SILVA;CAMILA SILVA;MT;PSD;Partido Social Democrático;NÃO ELEITO;3464;500741.6;3658813;144.55588914549654;0.1368590305107148
110001643561;5522;MAURO ROSA DA SILVA;MAURÃO;MT;PSD;Partido Social Democrático;NÃO ELEITO;17002;580093.97;3658813;34.119160686978;0.1585470397093265
110001701633;5544;MARCIO ROGERIO ALBIERI;MÁRCIO ALBIERI;MT;PSD;Partido Social Democrático;NÃO ELEITO;5822;129562.88;3658813;22.254015802129853;0.03541117843409871
110001643560;5555;GILMAR DONIZETE FABRIS;GILMAR FABRIS;MT;PSD;Partido Social Democrático;NÃO ELEITO;30419;1300574.35;3658813;42.755328906275686;0.3554634658836076
110001643558;5500;IRAJA REZENDE DE LACERDA;IRAJA LACERDA;MT;PSD;Partido Social Democrático;NÃO ELEITO;54607;1421214.6;3658813;26.02623473181094;0.3884359763671989
110001701632;5588;PAULO MÁRCIO CASTRO E SILVA;PAULO MÁRCIO;MT;PSD;Partido Social Democrático;NÃO ELEITO;3428;299825.88;3658813;87.46379229871646;0.08194621589023544
110001643556;5577;JOSIELLE VICUNA DA SILVA SAMPAIO;JOSI SAMPAIO;MT;PSD;Partido Social Democrático;NÃO ELEITO;465;466552.8;3658813;1003.3393548387096;0.12751479783197447
110001643557;5566;MABEL DE FÁTIMA MELANEZI ALMICI;MABEL;MT;PSD;Partido Social Democrático;NÃO ELEITO;9824;475432.66;3658813;48.395018322475565;0.12994177619900224
240001728689;1242;SOLANGE DOS PRAZERES SOUZA ANTUNES;JULIGA;SC;PDT;Partido Democrático Trabalhista;NÃO ELEITO;387;15000.0;7609601;38.75968992248062;0.0019711940218679006
240001644648;1222;ERVINO RIBEIRO MACEDO;ENG ERVINO RIBEIRO MACEDO;SC;PDT;Partido Democrático Trabalhista;NÃO ELEITO;1159;4924.0;7609601;4.248490077653149;0.0006470772909118362
240001644642;1212;DIEGO ROSA PIRES;DIEGO PIRES;SC;PDT;Partido Democrático Trabalhista;NÃO ELEITO;5058;40000.0;7609601;7.908264136022143;0.0052565173916477356
240001644643;1244;ROSANE DOSTAL XAVIER;ROSANE DOSTAL;SC;PDT;Partido Democrático Trabalhista;NÃO ELEITO;331;10000.0;7609601;30.211480362537763;0.0013141293479119339
240001644644;1230;FRANCIELE ÀGATA CAMPOS DA SILVA;FRAN ÀGATA;SC;PDT;Partido Democrático Trabalhista;NÃO ELEITO;498;30000.0;7609601;60.24096385542169;0.003942388043735801
240001644640;1221;CARLOS ROGÉRIO DA SILVA;DR CARLOS ROGÉRIO;SC;PDT;Partido Democrático Trabalhista;NÃO ELEITO;531;7631.7;7609601;14.37231638418079;0.0010029040944459506
240001644647;1213;ALCIONE MANOEL VIEIRA;ALCIONE MANOEL VIEIRA;SC;PDT;Partido Democrático Trabalhista;NÃO ELEITO;1052;17960.0;7609601;17.072243346007603;0.002360176308849833
240001644645;1234;ADILSON DE SOUZA;ADILSON DA SAÚDE;SC;PDT;Partido Democrático Trabalhista;NÃO ELEITO;5036;29600.0;7609601;5.877680698967435;0.0038898228698193245
240001644651;1200;JORDANA VANESSA SAGE;JORDANA SAGE;SC;PDT;Partido Democrático Trabalhista;NÃO ELEITO;1198;15120.0;7609601;12.621035058430717;0.001986963574042844
240001644641;1299;GILBERTO ALVES DO AMARAL;GILBERTO AMARAL;SC;PDT;Partido Democrático Trabalhista;NÃO ELEITO;503;24600.0;7609601;48.9065606361829;0.0032327581958633573
240001644650;1255;MARCO ANTONIO BUZZI;ADVOGADO MARCO BUZZI;SC;PDT;Partido Democrático Trabalhista;NÃO ELEITO;1281;11160.0;7609601;8.711943793911008;0.0014665683522697183
240001644646;1210;ALLAN MÜLLER SCHROEDER;ALLAN SCHROEDER;SC;PDT;Partido Democrático Trabalhista;NÃO ELEITO;5859;66808.75;7609601;11.402756443079024;0.008779533907231142
260001644946;2700;ELOI FRANCISCO DE MENEZES;ELOI;SE;DC;Democracia Cristã;NÃO ELEITO;183;4000.0;2209558;21.85792349726776;0.0018103168144941206
260001644945;2760;CRISTIANO BISPO DOS SANTOS;PROF CRISTIANO BISPO;SE;DC;Democracia Cristã;NÃO ELEITO;213;1000.0;2209558;4.694835680751174;0.00045257920362353014
260001644947;2728;GILVAN BISPO DOS SANTOS;GILVAN BISPO;SE;DC;Democracia Cristã;NÃO ELEITO;399;4346.0;2209558;10.892230576441102;0.0019669092189478618
260001644942;2707;JOSÉ SEVERO DOS SANTOS;SEVERO DACELINO;SE;DC;Democracia Cristã;NÃO ELEITO;174;0.0;2209558;0.0;0.0
260001644944;2727;MOACIR CRUZ DOS SANTOS;BILA;SE;DC;Democracia Cristã;NÃO ELEITO;266;3000.0;2209558;11.278195488721805;0.0013577376108705904
260001644950;2718;KELLY SILVANA DA SILVA LIMA;KELLY QUILOMBOLAS;SE;DC;Democracia Cristã;NÃO ELEITO;76;4056.35;2209558;53.373026315789474;0.0018358196526183064
260001644949;2710;TERESA NEUMA DE OLIVEIRA CARVALHO;DRA TERESA NEUMA;SE;DC;Democracia Cristã;NÃO ELEITO;1837;2260.0;2209558;1.2302667392487752;0.0010228290001891782
260001644948;2759;JOSÉ ALVES DE JESUS;NENÊ;SE;DC;Democracia Cristã;NÃO ELEITO;152;2000.0;2209558;13.157894736842104;0.0009051584072470603
260001644943;2733;MIKAELLA SUYANE SANTOS DA CRUZ BIZERRA;MIKINHA DO POVO;SE;DC;Democracia Cristã;NÃO ELEITO;101;3000.0;2209558;29.702970297029704;0.0013577376108705904
210001620456;7077;PEDRO ERNESTO MACEDO PEREIRA JUNIOR;PEDRO ERNESTO RADIALISTA;RS;AVANTE;AVANTE;NÃO ELEITO;736;32955.0;10880506;44.775815217391305;0.003028811343884191
210001620461;7050;CARLA IZABEL TORRES;CARLA TORRES;RS;AVANTE;AVANTE;NÃO ELEITO;744;42847.75;10880506;57.59106182795699;0.003938029168864022
210001620462;7012;HENRIQUE MACHADO;HENRIQUE MACHADO;RS;AVANTE;AVANTE;NÃO ELEITO;1018;10800.0;10880506;10.609037328094303;0.0009926008955833487
210001620434;7055;GERRI MACHADO RIBEIRO;GERRI MACHADO;RS;AVANTE;AVANTE;NÃO ELEITO;1077;179639.97;10880506;166.7966295264624;0.016510258805978326
210001620436;7020;WESLEI DA SILVA OLÉA;WESLEI OLÉA;RS;AVANTE;AVANTE;NÃO ELEITO;240;6735.0;10880506;28.0625;0.0006189969473846161
210001620441;7070;ANDERSON BRAGA DORNELES;ANDERSON DORNELES;RS;AVANTE;AVANTE;NÃO ELEITO;14919;2011901.74;10880506;134.8549996648569;0.1849088397175646
210001620459;7090;SERGIO LUIZ DOS SANTOS COIMBRA;TENENTE COIMBRA;RS;AVANTE;AVANTE;NÃO ELEITO;121;17990.0;10880506;148.67768595041323;0.00165341575106893
210001620451;7011;MARCO ANTONIO DE LIMA;MARCO LIMA;RS;AVANTE;AVANTE;NÃO ELEITO;387;0.0;10880506;0.0;0.0
210001620454;7060;MARIAN ANHANHA SUPTITZ;MARI ANHANHA SUPTITZ;RS;AVANTE;AVANTE;NÃO ELEITO;195;20000.0;10880506;102.56410256410257;0.0018381498066358311
60001619089;9023;JOSE EDUARDO NASCIMENTO DE MENEZES;EDUARDO MENEZES;CE;PROS;Partido Republicano da Ordem Social;NÃO ELEITO;0;0.0;8791688;;0.0
60001619087;9088;FRANCISCO MAURICIO DA COSTA;MAURICIO;CE;PROS;Partido Republicano da Ordem Social;NÃO ELEITO;48;0.0;8791688;0.0;0.0
60001619082;9001;ARTUR CORREIA LIMA NETO;PALHAÇO TUTU;CE;PROS;Partido Republicano da Ordem Social;NÃO ELEITO;281;0.0;8791688;0.0;0.0
60001619086;9070;JANEDSON BRAGA DA SILVA;BUIU;CE;PROS;Partido Republicano da Ordem Social;NÃO ELEITO;190;0.0;8791688;0.0;0.0
60001619088;9014;HUGO CEZAR DAMASCENO DE SOUSA;HUGO CEZAR;CE;PROS;Partido Republicano da Ordem Social;NÃO ELEITO;251;0.0;8791688;0.0;0.0
60001619085;9038;GABRIEL LEANDRO CABRAL DE OLIVEIRA;GABRIEL LEANDRO;CE;PROS;Partido Republicano da Ordem Social;NÃO ELEITO;28;0.0;8791688;0.0;0.0
60001619094;9017;SUZANE VIANA MOREIRA;SUZANE VIANA;CE;PROS;Partido Republicano da Ordem Social;NÃO ELEITO;100;25.9;8791688;0.259;2.945964415479712e-06
60001619081;9090;ANTONIO ADILSON EUFRASINO DE PINHO;ADILSON PINHO;CE;PROS;Partido Republicano da Ordem Social;NÃO ELEITO;1775;150.0;8791688;0.08450704225352113;1.7061569973820726e-05
60001619090;9000;MANOEL ALVES DE OLIVEIRA;LASKADIM;CE;PROS;Partido Republicano da Ordem Social;NÃO ELEITO;643;0.0;8791688;0.0;0.0
60001619091;9030;NARLIA GADELHA DE OLIVEIRA;NARLIA NARBAL;CE;PROS;Partido Republicano da Ordem Social;NÃO ELEITO;46;0.0;8791688;0.0;0.0
60001619084;9087;FRANCISCA IDALBA TEIXEIRA DE OLIVEIRA;IDA;CE;PROS;Partido Republicano da Ordem Social;NÃO ELEITO;44;0.0;8791688;0.0;0.0
60001619093;9026;ROZANE DIAS DE SENA;ROZANE SENA;CE;PROS;Partido Republicano da Ordem Social;NÃO ELEITO;53;0.0;8791688;0.0;0.0
210001620458;7044;SANDRO GEOVANE DA SILVA PEREIRA;TRISTINHO;RS;AVANTE;AVANTE;NÃO ELEITO;1042;0.0;10880506;0.0;0.0
210001620442;7015;ANDRE SEVERGNINI EUGENIO;VETERINÁRIO ANDRÉ EUGENIO;RS;AVANTE;AVANTE;NÃO ELEITO;49;0.0;10880506;0.0;0.0
210001620435;7010;WAGNER LUIS DE PAULA ROSA;WAGNER GANEM;RS;AVANTE;AVANTE;NÃO ELEITO;1870;81999.21;10880506;43.8498449197861;0.007536341600289546
210001620437;7008;ANTONIO CARLOS BARUM BROD;REITOR BROD;RS;AVANTE;AVANTE;NÃO ELEITO;1155;124800.0;10880506;108.05194805194805;0.011470054793407587
210001620438;7022;ABDIAS FELIPE FRANCO;BADACO;RS;AVANTE;AVANTE;NÃO ELEITO;1361;103000.0;10880506;75.67964731814843;0.00946647150417453
210001620439;7080;ANDRÉ CASSIO DA SILVA OLIVEIRA;ANDRÉ OLIVEIRA;RS;AVANTE;AVANTE;NÃO ELEITO;523;40000.0;10880506;76.48183556405354;0.0036762996132716622
210001620440;7003;EVERTON GOMES;PRETO;RS;AVANTE;AVANTE;NÃO ELEITO;262;23995.18;10880506;91.58465648854963;0.002205336773859598
210001620443;7002;ANDREA DEVOS VALENTE;DÉIA DEVOS;RS;AVANTE;AVANTE;NÃO ELEITO;58;157000.0;10880506;2706.896551724138;0.014429475982091274
210001620444;7004;CLENI SILVA DE OLIVEIRA;CLENI OLIVEIRA;RS;AVANTE;AVANTE;NÃO ELEITO;270;69991.9;10880506;259.22925925925927;0.006432779872553721
210001620445;7009;DARI DA SILVA;DARI DA SILVA;RS;AVANTE;AVANTE;NÃO ELEITO;1328;90482.0;10880506;68.13403614457832;0.008315973540201164
210001620446;7066;DENISE CRISTINA MATTOS CARDOSO;DENISE CARDOSO;RS;AVANTE;AVANTE;NÃO ELEITO;399;59989.99;10880506;150.35085213032582;0.0055135294259292715
210001620447;7000;FABIO BERNI REATEGUI;FABINHO NAVARRO;RS;AVANTE;AVANTE;NÃO ELEITO;867;126384.22;10880506;145.7718800461361;0.011615656477741017
210001620449;7089;LIZIANE CRISTINE OLIVEIRA SOARES;CRISTINE SOARES;RS;AVANTE;AVANTE;NÃO ELEITO;750;101226.6;10880506;134.96880000000002;0.009303482760820131
210001620450;7023;MARCIA DE OLIVEIRA SOUZA;MARCIA SOUZA;RS;AVANTE;AVANTE;NÃO ELEITO;222;99656.57;10880506;448.9034684684685;0.00915918524377451
210001620452;7033;MARCOS ANTONIO DE OLIVEIRA ROCHA;TEN. MARCOS ROCHA;RS;AVANTE;AVANTE;NÃO ELEITO;728;32993.02;10880506;45.32008241758241;0.003032305666666605
210001620453;7007;MARIA DOLORES DA ROCHA MASSOCHIN;JORNALISTA DOLORES MASSOCHIN;RS;AVANTE;AVANTE;NÃO ELEITO;266;86029.0;10880506;323.4172932330827;0.007906709485753696
210001620455;7088;PAULA HOLZMANN DE ALMEIDA;PAULA ALMEIDA;RS;AVANTE;AVANTE;NÃO ELEITO;924;35565.5;10880506;38.490800865800864;0.0032687358473953323
210001620463;7040;RENAN SILVA DOS SANTOS;RENAN SANTOS;RS;AVANTE;AVANTE;NÃO ELEITO;7312;180992.0;10880506;24.7527352297593;0.016634520490131616
210001620457;7079;RAFAEL MOROSINI MIRANDA;RAFAEL CHULÉ;RS;AVANTE;AVANTE;NÃO ELEITO;273;23990.13;10880506;87.87593406593408;0.0022048726410334226
270001700072;1542;EVANILDA LIMA DOS SANTOS;PROFESSORA EVA LIMA;TO;MDB;Movimento Democrático Brasileiro;NÃO ELEITO;581;400000.0;1511459;688.4681583476764;0.26464495563558127
270001700068;1520;ORLANDO DOS REIS SILVA;ORLANDO;TO;MDB;Movimento Democrático Brasileiro;NÃO ELEITO;47;42996.0;1511459;914.8085106382979;0.02844668628126863
270001700070;1515;RONISON PARENTE SANTOS;RONISON PARENTE;TO;MDB;Movimento Democrático Brasileiro;NÃO ELEITO;4016;601800.38;1511459;149.8506922310757;0.39815858716643987
270001700073;1506;SEBASTIÃO ALVES DA SILVA;TIÃO DA ELKA;TO;MDB;Movimento Democrático Brasileiro;NÃO ELEITO;74;29993.62;1511459;405.31918918918916;0.019844150585626205
270001700069;1522;JOSÉ FERREIRA BARROS FILHO;FERREIRINHA;TO;MDB;Movimento Democrático Brasileiro;NÃO ELEITO;1948;499968.6;1511459;256.65739219712526;0.3307854199154592
270001700071;1580;ADRIANA LEMOS DE OLIVEIRA CASTRO;ADRIANA ARQUITETA;TO;MDB;Movimento Democrático Brasileiro;NÃO ELEITO;1073;299993.85;1511459;279.5842031686859;0.19847964781049302
270001700075;1577;AERONSSAYTT GOMES LIMA DE OLIVEIRA;A ERONSSAYTT;TO;MDB;Movimento Democrático Brasileiro;NÃO ELEITO;780;170000.0;1511459;217.94871794871796;0.11247410614512203
270001700074;1511;DULCE FERREIRA PAGANI MIRANDA;DULCE MIRANDA;TO;MDB;Movimento Democrático Brasileiro;NÃO ELEITO;38130;2509649.05;1511459;65.81822842905848;1.6604149037453215
160001614554;1544;ODAIR TEODORO DA SILVA;NEGUINHO TEODORO;PR;MDB;Movimento Democrático Brasileiro;NÃO ELEITO;1543;198680.5;11443208;128.76247569669476;0.017362307842346308
110001618200;1414;GUALTERNEY CAMPOS DE MORAIS;PASTOR SARGENTO GUALTERNEY;MT;PTB;Partido Trabalhista Brasileiro;NÃO ELEITO;2602;186785.5;3658813;71.78535741737126;0.05105084627172802
110001618201;1422;VICTORIO GALLI FILHO;VICTÓRIO GALLI;MT;PTB;Partido Trabalhista Brasileiro;NÃO ELEITO;15570;1224998.04;3658813;78.676816955684;0.33480750177721574
110001618207;1400;ANALADY CARNEIRO DA SILVA;ANALADY;MT;PTB;Partido Trabalhista Brasileiro;NÃO ELEITO;1247;140131.84;3658813;112.3751724137931;0.03829980925507808
110001618203;1438;JOSENAI OLIVEIRA TERRA;PROFESSORA JOSENAI TERRA;MT;PTB;Partido Trabalhista Brasileiro;NÃO ELEITO;3121;158503.46;3658813;50.78611342518423;0.04332100602025848
110001618206;1412;ULYSSES LACERDA MORAES;ULYSSES MORAES;MT;PTB;Partido Trabalhista Brasileiro;NÃO ELEITO;50535;405691.69;3658813;8.027934896606313;0.11088068452801496
110001618205;1444;MICHAEL ERLANDERSON ALVES FALCA PAGNO;MICHEL PAGNO;MT;PTB;Partido Trabalhista Brasileiro;NÃO ELEITO;4906;235033.77;3658813;47.90741337138198;0.06423771042685154
110001618199;1424;DALTON BENONI MARTINI;DALTON MARTINI;MT;PTB;Partido Trabalhista Brasileiro;NÃO ELEITO;17270;610357.92;3658813;35.342091488129704;0.16681856110164692
110001618204;1415;ODILON PEREIRA DA FONSECA;ODILON FONSECA;MT;PTB;Partido Trabalhista Brasileiro;NÃO ELEITO;1641;1000.0;3658813;0.6093845216331505;0.00027331268364904135
110001618202;1490;ZOZIMA DIAS DOS SANTOS;CORONEL ZÓZIMA;MT;PTB;Partido Trabalhista Brasileiro;NÃO ELEITO;1848;155561.35;3658813;84.1782196969697;0.0425168900405678
180001644592;3666;JOSE REINALDO DA SILVA;JOSE REINALDO DA SILVA;PI;AGIR;AGIR;NÃO ELEITO;45;0.0;3269200;0.0;0.0
180001738689;3636;RUBEM MAGALHÃES MENESES;RUBEM MENESES;PI;AGIR;AGIR;NÃO ELEITO;9;0.0;3269200;0.0;0.0
180001644590;3600;FRANCISCO DE ASSIS SILVA;FRANCISCO DE ASSIS SILVA;PI;AGIR;AGIR;NÃO ELEITO;20;0.0;3269200;0.0;0.0
180001644591;3688;GLEISON BASTOS DE MELO;GLEISON BASTOS DE MELO;PI;AGIR;AGIR;NÃO ELEITO;87;5000.0;3269200;57.47126436781609;0.0015294261593050288
180001644594;3612;VERONICA BANDEIRA ROCHA BARBOSA;VERONICA BARBOSA;PI;AGIR;AGIR;NÃO ELEITO;180;0.0;3269200;0.0;0.0
180001722582;3611;SAMIA KELY LIRA;SAMIA LIRA;PI;AGIR;AGIR;NÃO ELEITO;9;0.0;3269200;0.0;0.0
140001615561;1484;ROBERTO JEFFERSON MONTEIRO FRANCISCO FILHO;ROBERTO JEFFERSON FILHO;PA;PTB;Partido Trabalhista Brasileiro;NÃO ELEITO;1833;2699555.15;8116132;1472.752400436443;0.33261597396395226
140001615573;1408;JACKSON DOUGLAS SANTANA FERREIRA;JACKSON DO FOLCLORE;PA;PTB;Partido Trabalhista Brasileiro;NÃO ELEITO;1718;49996.85;8116132;29.101775320139698;0.006160181968454924
140001726517;1433;JOSIVALDO ARAÚJO GOMES;JÓ DO CARAJAS;PA;PTB;Partido Trabalhista Brasileiro;NÃO ELEITO;1467;13462.0;8116132;9.176550783912747;0.0016586718895158432
140001615569;1414;LOREDAN DE ANDRADE MELLO;LOREDAN;PA;PTB;Partido Trabalhista Brasileiro;NÃO ELEITO;12525;217000.0;8116132;17.325349301397207;0.026736874166166838
140001732794;1438;VINICIUS DE SOUSA ALVES;DR VINICIUS ALVES;PA;PTB;Partido Trabalhista Brasileiro;NÃO ELEITO;436;0.0;8116132;0.0;0.0
140001615568;1477;GEYZA VIEIRA DO ROSÁRIO KOBAYASHI;SGT GEYZA KOBAYASHI;PA;PTB;Partido Trabalhista Brasileiro;NÃO ELEITO;1036;74887.71;8116132;72.28543436293437;0.009227019718259882
140001726519;1488;RUTE ANDRÉA DE SOUZA CAMPOS;IRMÃ RUTE;PA;PTB;Partido Trabalhista Brasileiro;NÃO ELEITO;290;100000.0;8116132;344.82758620689657;0.01232114016874048
140001615564;1455;ALESSANDRA AMARAL DE SOUZA;DRA ALESSANDRA AMARAL;PA;PTB;Partido Trabalhista Brasileiro;NÃO ELEITO;8193;99860.0;8116132;12.188453557915294;0.012303890572504242
140001615562;1411;MOISES COSTA DA CONCEIÇÃO;MOISÉS CONCEIÇÃO;PA;PTB;Partido Trabalhista Brasileiro;NÃO ELEITO;4826;98985.0;8116132;20.51077496891836;0.012196080596027763
140001728118;1415;HILDA DO SOCORRO DA SILVA MONTEIRO;ENGENHEIRA HILDA;PA;PTB;Partido Trabalhista Brasileiro;NÃO ELEITO;846;99981.0;8116132;118.18085106382979;0.012318799152108418
140001615565;1402;MARIA IDALINA DE BARROS FAÇANHA;IDALINA FAÇANHA;PA;PTB;Partido Trabalhista Brasileiro;NÃO ELEITO;374;0.0;8116132;0.0;0.0
140001615567;1444;AGENOR DE JESUS SIQUEIRA SANTOS;AGENOR SANTOS;PA;PTB;Partido Trabalhista Brasileiro;NÃO ELEITO;4023;109718.5;8116132;27.27280636341039;0.013518570176039522
140001726518;1441;ILDEFONSO GONÇALVES HANNEMANN;CORONEL HANNEMANN;PA;PTB;Partido Trabalhista Brasileiro;NÃO ELEITO;360;49892.0;8116132;138.5888888888889;0.0061472632529879995
140001615571;1456;PAULO EDUARDO MAESTRI BENGTSON;PAULO BENGTSON;PA;PTB;Partido Trabalhista Brasileiro;NÃO ELEITO;99804;1900054.35;8116132;19.037857701094147;0.2341083597457508
140001615572;1432;AUGUSTO OLIMPIO DA SILVA SANTOS;AUGUSTO OLIMPIO;PA;PTB;Partido Trabalhista Brasileiro;NÃO ELEITO;129;0.0;8116132;0.0;0.0
140001615570;1400;MARCIO DESIDERIO TEIXEIRA MIRANDA;MARCIO MIRANDA;PA;PTB;Partido Trabalhista Brasileiro;NÃO ELEITO;62499;2052625.12;8116132;32.84252740043841;0.2529068181739775
140001615560;1412;EBERSON GUIMARÃES DE OLIVEIRA;EBERSON GUIMARÃES;PA;PTB;Partido Trabalhista Brasileiro;NÃO ELEITO;589;49840.0;8116132;84.61799660441426;0.006140856260100255
140001615563;1422;ROBERTA PEREIRA DA SILVA GUEDES;ROBERTA PEREIRA;PA;PTB;Partido Trabalhista Brasileiro;NÃO ELEITO;2035;407998.25;8116132;200.49054054054054;0.0502700362685082
120001636659;1551;VICTOR CABRERA DE EUGENIO FILHO;TATÃO;MS;MDB;Movimento Democrático Brasileiro;NÃO ELEITO;1864;57777.08;2756700;30.99628755364807;0.020958784053397177
120001636652;1555;APARECIDO CARLOS BERNARDO;CARLOS BERNARDO;MS;MDB;Movimento Democrático Brasileiro;NÃO ELEITO;31669;672393.3;2756700;21.231908175187094;0.24391239525519645
120001636654;1511;MARISA ANDRADE ROCHA;MARISA ROCHA;MS;MDB;Movimento Democrático Brasileiro;NÃO ELEITO;2695;116976.58;2756700;43.40503896103896;0.04243355461239888
120001636656;1510;LAUDIR ANTONIO MUNARETTO;LAUDIR MUNARETTO;MS;MDB;Movimento Democrático Brasileiro;NÃO ELEITO;7297;313210.02;2756700;42.92312183088941;0.1136177386005006
120001732908;1577;MARIUZA CARLOS DA SILVA MARQUES DOS SANTOS;PROFESSORA ZU;MS;MDB;Movimento Democrático Brasileiro;NÃO ELEITO;1506;199987.8;2756700;132.79402390438247;0.07254608771357057
120001636653;1500;MARIA DE LOURDES MONTEIRO GODOY;LOURDES MONTEIRO;MS;MDB;Movimento Democrático Brasileiro;NÃO ELEITO;10188;100000.0;2756700;9.815469179426776;0.03627525664744078
120001636657;1515;WALDEMIR MOKA MIRANDA DE BRITTO;MOKA;MS;MDB;Movimento Democrático Brasileiro;NÃO ELEITO;36718;2620734.93;2756700;71.37466446974237;0.9506783219066276
120001636658;1522;ANTONIO FERREIRA DA CRUZ FILHO;DR ANTÔNIO CRUZ;MS;MDB;Movimento Democrático Brasileiro;NÃO ELEITO;12392;130613.51;2756700;10.540147675919949;0.047380385968730725
120001636660;1590;KATIA SOUZA SANTOS RAMIRO;CORONEL KATIA;MS;MDB;Movimento Democrático Brasileiro;NÃO ELEITO;1012;100000.0;2756700;98.81422924901186;0.03627525664744078
200001669190;2822;LIDNA DA SILVA OLIVEIRA;LIDNA SILVA;RN;PRTB;Partido Renovador Trabalhista Brasileiro;NÃO ELEITO;106;16700.0;3302729;157.54716981132074;0.005056424550727595
200001669193;2833;CRISTIANE ALINE GUIMARÃES DE OLIVEIRA;ALINE GUIMARÃES;RN;PRTB;Partido Renovador Trabalhista Brasileiro;NÃO ELEITO;74;0.0;3302729;0.0;0.0
200001669196;2855;THAWESLEY INÁCIO DA SILVA SANTOS;THAWESLEY INÁCIO;RN;PRTB;Partido Renovador Trabalhista Brasileiro;NÃO ELEITO;247;0.0;3302729;0.0;0.0
200001669194;2877;AGOMEDES DA SILVA MEDEIROS;AGOMEDES SILVA;RN;PRTB;Partido Renovador Trabalhista Brasileiro;NÃO ELEITO;82;0.0;3302729;0.0;0.0
200001669195;2844;JOSÉ DA SILVA OLIVEIRA;ZEZINHO;RN;PRTB;Partido Renovador Trabalhista Brasileiro;NÃO ELEITO;172;0.0;3302729;0.0;0.0
200001669191;2828;VALDEMIR SABINO DA SILVA;VALDEMIR SABINO;RN;PRTB;Partido Renovador Trabalhista Brasileiro;NÃO ELEITO;134;0.0;3302729;0.0;0.0
200001669198;2899;MARCOS ALEXANDRE GURGEL DE LIMA;MARCOS LIMA;RN;PRTB;Partido Renovador Trabalhista Brasileiro;NÃO ELEITO;18;0.0;3302729;0.0;0.0
200001669197;2866;JOSÉ RICARDO COSTA DE ARAÚJO;RICARDO COSTA;RN;PRTB;Partido Renovador Trabalhista Brasileiro;NÃO ELEITO;135;0.0;3302729;0.0;0.0
50001600775;2058;ORLANDO RODRIGUES FERREIRA;ORLANDO FERREIRA;BA;PSC;Partido Social Cristão;NÃO ELEITO;475;9412.14;14136417;19.815031578947366;0.0006658080332519902
50001600782;2044;LUIZ PIMENTEL SOBRAL;LUIZINHO SOBRAL;BA;PSC;Partido Social Cristão;NÃO ELEITO;39166;1070000.0;14136417;27.31961395087576;0.0756910326004107
50001600785;2016;VERA LUCIA SANTOS SILVA;VERA DA SAUDE;BA;PSC;Partido Social Cristão;NÃO ELEITO;107;34759.75;14136417;324.85747663551405;0.002458879785450585
50001600762;2015;MARCIO VILAS BOAS DOS SANTOS;MARCIO PIRÃO;BA;PSC;Partido Social Cristão;NÃO ELEITO;325;15699.53;14136417;48.30624615384615;0.0011105734925617998
50001600758;2050;EVERTON CARNEIRO DA SILVA CUNHA;INSPETOR CUNHA;BA;PSC;Partido Social Cristão;NÃO ELEITO;934;14963.05;14136417;16.020396145610277;0.00105847542556222
50001600766;2001;FRANCISCO RIVANILDO FEITOSA;FRANCISCO FEITOSA;BA;PSC;Partido Social Cristão;NÃO ELEITO;743;30789.75;14136417;41.43977119784657;0.00217804483271822
50001668118;2049;CRISTINA REALE DOS SANTOS;CRISTINA REALE ;BA;PSC;Partido Social Cristão;NÃO ELEITO;128;14865.0;14136417;116.1328125;0.0010515394388832756
50001600760;2072;GEOVANA DA SILVA AMENO;IRMÃ GEOVANA AMENO;BA;PSC;Partido Social Cristão;NÃO ELEITO;157;4271.95;14136417;27.209872611464966;0.0003021946791750696
50001600761;2090;JULIO CESAR MASCARENHAS DOS SANTOS;CESAR MASCARENHAS;BA;PSC;Partido Social Cristão;NÃO ELEITO;549;14916.0;14136417;27.169398907103826;0.0010551471423062859
50001600783;2022;JOSÉ ABÍLIO SILVA DE SANTANA;ABILIO SANTANA;BA;PSC;Partido Social Cristão;NÃO ELEITO;30561;1999518.3199999998;14136417;65.42712345800203;0.1414444919105032
50001600791;2019;ELIZEU RAMOS FERREIRA;SARGENTO ZEZEU RAMOS;BA;PSC;Partido Social Cristão;NÃO ELEITO;229;5625.0;14136417;24.563318777292576;0.0003979084657731871
50001600772;2032;WASHINGTON PINTO CARDOSO;ATLETA CANELA DE AÇO;BA;PSC;Partido Social Cristão;NÃO ELEITO;70;0.0;14136417;0.0;0.0
50001600790;2021;MARLI DA SILVA MANCIO;MARLI MANCIO;BA;PSC;Partido Social Cristão;NÃO ELEITO;352;65763.5;14136417;186.828125;0.004652062824688887
50001600776;2066;NERIVALDO DO ESPIRITO SANTO DOS SANTOS;IRMÃO NERY VENDEDOR;BA;PSC;Partido Social Cristão;NÃO ELEITO;1027;5520.0;14136417;5.374878286270691;0.00039048084107875424
50001600779;2088;SIMONE MARIA DOS SANTOS MACEDO MENDES;SIMONE MENDES;BA;PSC;Partido Social Cristão;NÃO ELEITO;428;49478.8;14136417;115.60467289719627;0.0035000948260085992
50001600784;2099;LUZANI DOS SANTOS;LUZANY DA SAÚDE;BA;PSC;Partido Social Cristão;NÃO ELEITO;210;45715.85;14136417;217.69452380952382;0.0032339064417808276
50001600769;2000;GIVALDO FIUZA DE ALMEIDA;GIL FIUZA;BA;PSC;Partido Social Cristão;NÃO ELEITO;457;17658.0;14136417;38.63894967177243;0.001249114255755189
50001600792;2037;LOURENILSON LOURIVAL DA SILVA;IRMÃO LOURENILSON;BA;PSC;Partido Social Cristão;NÃO ELEITO;167;5127.41;14136417;30.703053892215568;0.00036270930604268394
50001600774;2033;EZEQUIEL GOMES;KEL MOTORISTA;BA;PSC;Partido Social Cristão;NÃO ELEITO;872;0.0;14136417;0.0;0.0
50001600778;2077;OTAVIO JOEL DE ARAUJO;SARGENTO JOEL;BA;PSC;Partido Social Cristão;NÃO ELEITO;2666;50000.0;14136417;18.754688672168044;0.0035369641402061072
50001600786;2028;ANTONIO PAULO HOHENFELD ANGELINI;PAULO HOHENFELD;BA;PSC;Partido Social Cristão;NÃO ELEITO;107;10000.0;14136417;93.45794392523365;0.0007073928280412215
50001600757;2020;HEBER DE SOUSA SANTANA;HEBER SANTANA;BA;PSC;Partido Social Cristão;NÃO ELEITO;44632;811250.35;14136417;18.17642834737408;0.05738726793359307
50001600759;2007;GABRIEL BANDARRA JÓFFILY DE SOUZA;TENÓBIO;BA;PSC;Partido Social Cristão;NÃO ELEITO;15996;613380.0;14136417;38.34583645911478;0.043390061286392445
50001600763;2053;JACIARA CONCEIÇÃO ALVES;JACI A TIA DA SOPA;BA;PSC;Partido Social Cristão;NÃO ELEITO;62;45000.1;14136417;725.808064516129;0.003183274800113777
50001600787;2030;CLAUDIO ANTONIO NASCIMENTO DE ALMEIDA;NICOLAU EXTINTORES;BA;PSC;Partido Social Cristão;NÃO ELEITO;208;19916.35;14136417;95.75168269230768;0.0014088683150758781
50001614109;2038;CAMILA DA MACENO MORAES;CAMILA DAMACENO;BA;PSC;Partido Social Cristão;NÃO ELEITO;460;34895.0;14136417;75.8586956521739;0.0024684472734498425
50001600773;2002;ANTONIO ROQUE BISPO DE ARAUJO;CAPITÃO R BISPO DE IRMÃ DULCE;BA;PSC;Partido Social Cristão;NÃO ELEITO;1957;19800.0;14136417;10.117526826775677;0.0014006377995216185
50001600770;2040;LUIS CLAUDIO GOMES;CLAUDIO DA RÁDIO;BA;PSC;Partido Social Cristão;NÃO ELEITO;292;20946.0;14136417;71.73287671232876;0.0014817050176151425
50001614110;2011;MAURÍLIO SOARES LIMA;PROFESSOR CABO SOARES;BA;PSC;Partido Social Cristão;NÃO ELEITO;164;19686.0;14136417;120.03658536585365;0.0013925735212819486
50001600767;2010;RAIMUNDO ALVES DOS SANTOS PIMENTA;RAIMUNDO ALVES;BA;PSC;Partido Social Cristão;NÃO ELEITO;618;10725.0;14136417;17.354368932038835;0.00075867880807421
50001600768;2025;RUI MAGNO DE CARVALHO;RUI MAGNO;BA;PSC;Partido Social Cristão;NÃO ELEITO;1150;40231.05;14136417;34.98352173913044;0.0028459156234567785
50001600765;2045;NAILDA MARIA DE JESUS;NAY DA BAHIA;BA;PSC;Partido Social Cristão;NÃO ELEITO;151;40794.0;14136417;270.158940397351;0.0028857383027113587
50001600777;2005;RONALD PEREIRA SOUZA;RONALD TAFFMAM;BA;PSC;Partido Social Cristão;NÃO ELEITO;184;4950.0;14136417;26.902173913043477;0.00035015944988040464
50001600780;2035;JOSIANE SANTOS SOUZA;JOSYANE SANTOS;BA;PSC;Partido Social Cristão;NÃO ELEITO;102;45666.12;14136417;447.70705882352945;0.003230388577246979
50001600771;2013;ADROALDO MIRANDA CARNEIRO;DODÓ DO CONDE;BA;PSC;Partido Social Cristão;NÃO ELEITO;1322;2000.0;14136417;1.51285930408472;0.0001414785656082443
50001600764;2036;LINDINALVA SENA DOS SANTOS;PRÓ LINDY;BA;PSC;Partido Social Cristão;NÃO ELEITO;123;0.0;14136417;0.0;0.0
50001600781;2023;MARIANY TRINDADE DA SILVA;MARIANY TRINDADE;BA;PSC;Partido Social Cristão;NÃO ELEITO;922;45800.0;14136417;49.67462039045553;0.0032398591524287943
50001600789;2012;ANA MARIA RABELLO SOUSA;ANA RUIVA RABELLO;BA;PSC;Partido Social Cristão;NÃO ELEITO;682;438005.0;14136417;642.2360703812317;0.030984159564619522
130001607613;4434;GERALDO ALCIR GUIMARAES;GERALDO GANÇO CANARINHO;MG;UNIÃO;UNIÃO BRASIL;NÃO ELEITO;669;0.0;20538718;0.0;0.0
90001715447;9010;ANDRÉ FABRÍCIO CARDOSO SILVA;ANDRÉ DA AMAD;GO;PROS;Partido Republicano da Ordem Social;NÃO ELEITO;773;200000.0;7055228;258.73221216041395;0.02834777274384329
90001715434;9090;EDUARDO DE SOUSA RODOVALHO;DELEGADO EDUARDO RODOVALHO;GO;PROS;Partido Republicano da Ordem Social;NÃO ELEITO;5337;54920.4;7055228;10.290500281056774;0.007784355091004855
90001715448;9045;JÚLIO CESAR AUN DA CUNHA;JÚLIO PROARMAS;GO;PROS;Partido Republicano da Ordem Social;NÃO ELEITO;19350;501858.52;7055228;25.935840826873385;0.07113285637260766
90001715450;9000;ELISMAR CARLOS COSTA;KARLÃO DO LEONARDO;GO;PROS;Partido Republicano da Ordem Social;NÃO ELEITO;2458;520650.0;7055228;211.8185516680228;0.07379633939541004
90001715449;9081;JACKELINE RUST BATISTA CARIOCA SILVA;JACKELINE RUST;GO;PROS;Partido Republicano da Ordem Social;NÃO ELEITO;215;1000.0;7055228;4.651162790697675;0.00014173886371921643
90001715440;9099;LOURDES SOHN DE PAULA;LOURDES SOHN;GO;PROS;Partido Republicano da Ordem Social;NÃO ELEITO;10;0.0;7055228;0.0;0.0
90001715446;9016;DANIEL VITOR DE CARVALHO DE LIMA;DANIEL VITOR;GO;PROS;Partido Republicano da Ordem Social;NÃO ELEITO;5;0.0;7055228;0.0;0.0
90001719256;9006;JOSE ANTONIO PRADO NUNES CARVALHO;CARAPÔ;GO;PROS;Partido Republicano da Ordem Social;NÃO ELEITO;2054;958232.0;7055228;466.51996105160663;0.1358187148593922
90001715442;9044;SANDRA DE OLIVEIRA CAPARROSA;SANDRA CAPARROSA;GO;PROS;Partido Republicano da Ordem Social;NÃO ELEITO;667;3700.0;7055228;5.547226386806597;0.0005244337957611008
90001715445;9091;DAYANA MOREIRA GUIMARAES MARTINS;DAYANA MARTINS;GO;PROS;Partido Republicano da Ordem Social;NÃO ELEITO;2469;4800.0;7055228;1.9441069258809234;0.0006803465458522389
90001738793;9011;THALYTA RAIFA HÊNDURE DOS ANJOS LEITE;THALYTA RAIFA ;GO;PROS;Partido Republicano da Ordem Social;NÃO ELEITO;356;30000.0;7055228;84.26966292134831;0.004252165911576494
90001719260;9077;TALITTA DE OLIVEIRA SILVA DE MARTINO;TALITTA DI MARTINO;GO;PROS;Partido Republicano da Ordem Social;NÃO ELEITO;2603;727857.0;7055228;279.6223588167499;0.10316562413007772
90001715435;9094;JESUALDO PEREIRA DE CASTRO;JESUALDO CASTRO;GO;PROS;Partido Republicano da Ordem Social;NÃO ELEITO;96;0.0;7055228;0.0;0.0
50001719591;2121;CHEYENNE AYALLA BRASIL BARRETO SANT ANNA SOBRINHO;CHEYENNE AYALLA;BA;PCB;Partido Comunista Brasileiro;NÃO ELEITO;1615;425.0;14136417;0.2631578947368421;3.0064195191751914e-05
50001719592;2110;ANA KAREN DE OLIVEIRA SOUZA;ANA KAREN;BA;PCB;Partido Comunista Brasileiro;NÃO ELEITO;2484;7404.2;14136417;2.980756843800322;0.0005237677977382812
50001717852;9091;MARCONI JOSE VIEIRA SALES;MARCONI SALES;BA;PROS;Partido Republicano da Ordem Social;NÃO ELEITO;350;200000.0;14136417;571.4285714285714;0.014147856560824429
50001728484;9077;AMADEU PEREIRA DE ARAÚJO;DEGA DO DANONE;BA;PROS;Partido Republicano da Ordem Social;NÃO ELEITO;285;0.0;14136417;0.0;0.0
50001717863;9090;JOSE ALVARO FRANÇA RIOS;ALVARO RIOS;BA;PROS;Partido Republicano da Ordem Social;NÃO ELEITO;571;999.5;14136417;1.7504378283712785;7.070391316272009e-05
50001717857;9085;FABIO SANTANA DA MOTA;FÁBIO MOTA;BA;PROS;Partido Republicano da Ordem Social;NÃO ELEITO;41;0.0;14136417;0.0;0.0
50001728482;9082;HILDA COSTA DE OLIVEIRA;HILDA COSTA;BA;PROS;Partido Republicano da Ordem Social;NÃO ELEITO;113;0.0;14136417;0.0;0.0
50001717850;9044;OSNERIO CABRAL SOUZA;CABRAL;BA;PROS;Partido Republicano da Ordem Social;NÃO ELEITO;1272;6000.0;14136417;4.716981132075472;0.00042443569682473287
50001728479;9037;JOSIEL HENRIQUE SOUZA GOMES;JOSIEL DOÇURA;BA;PROS;Partido Republicano da Ordem Social;NÃO ELEITO;182;0.0;14136417;0.0;0.0
50001728495;9001;TAYRONE JESUS DOS SANTOS;TAYRONE FOTÓGRAFO;BA;PROS;Partido Republicano da Ordem Social;NÃO ELEITO;228;0.0;14136417;0.0;0.0
50001728478;9030;JANDIARA DA SILVA GUIMARÃES;JANDIARA LIMA;BA;PROS;Partido Republicano da Ordem Social;NÃO ELEITO;123;0.0;14136417;0.0;0.0
50001728493;9007;ROBSON ALAN SILVA;ROBSON ALAN;BA;PROS;Partido Republicano da Ordem Social;NÃO ELEITO;257;139.79;14136417;0.5439299610894941;9.888644343188234e-06
50001717851;9080;JOCELMA DA CRUZ BARREIROS;GALEGA COBRADORA;BA;PROS;Partido Republicano da Ordem Social;NÃO ELEITO;63;0.0;14136417;0.0;0.0
50001717864;9078;LEIDIANE MOTA DO NASCIMENTO SANTOS;LEIDY MOTTA;BA;PROS;Partido Republicano da Ordem Social;NÃO ELEITO;170;340356.24;14136417;2002.0955294117646;0.02407655631550767
50001728488;9032;ROMILDA COSTA PEREIRA;ROMILDA COSTA;BA;PROS;Partido Republicano da Ordem Social;NÃO ELEITO;260;358700.0;14136417;1379.6153846153845;0.025374180741838614
50001717860;9000;BRUNO DE SOUZA BARRETO;BRUNO BARRETO;BA;PROS;Partido Republicano da Ordem Social;NÃO ELEITO;1013;5235.0;14136417;5.16781836130306;0.00037032014547957944
50001728135;9017;MÁRCIO DOS SANTOS OLIVEIRA;MÁRCIO DO POVO;BA;PROS;Partido Republicano da Ordem Social;NÃO ELEITO;26;0.0;14136417;0.0;0.0
50001717858;9024;MARIA FERNANDA ABREU DOROTEIA;MARIA FERNANDA;BA;PROS;Partido Republicano da Ordem Social;NÃO ELEITO;133;149869.95;14136417;1126.8417293233083;0.010601692776889647
50001728489;9021;LUCIEIDE DE AGUIAR CONCEIÇÃO;LU DA CALDARIA;BA;PROS;Partido Republicano da Ordem Social;NÃO ELEITO;78;349825.9;14136417;4484.947435897436;0.024746433272306554
50001717859;9022;ELIZEU CONCEIÇÃO DE SOUZA;ELIZEU DOS TEMPEROS;BA;PROS;Partido Republicano da Ordem Social;NÃO ELEITO;2972;201450.21;14136417;67.78270861372813;0.014250443376139794
50001728485;9097;MOISÉS DAS NEVES ALVES;MOISÉS CELULAR;BA;PROS;Partido Republicano da Ordem Social;NÃO ELEITO;211;0.0;14136417;0.0;0.0
50001728476;9092;GILBERTO FERREIRA DE OLIVEIRA;GILBERTO FERREIRA;BA;PROS;Partido Republicano da Ordem Social;NÃO ELEITO;63;0.0;14136417;0.0;0.0
50001717862;9013;VIVIANE BARBOSA FERNANDES;VIVI FERNANDES;BA;PROS;Partido Republicano da Ordem Social;NÃO ELEITO;205;150000.0;14136417;731.7073170731708;0.010610892420618322
50001728491;9020;ORIVALDO SANTOS CORREIA;ORIVALDO SANTOS;BA;PROS;Partido Republicano da Ordem Social;NÃO ELEITO;90;0.0;14136417;0.0;0.0
50001717854;9010;CHARLES DOS SANTOS RODRIGUES;CHARLES RODRIGUES;BA;PROS;Partido Republicano da Ordem Social;NÃO ELEITO;487;200000.0;14136417;410.6776180698152;0.014147856560824429
210001614086;7767;ANTONIO CARLOS SOUZA DE LIMA;DINGO;RS;SOLIDARIEDADE;Solidariedade;NÃO ELEITO;2028;4900.0;10880506;2.416173570019724;0.0004503467026257786
210001614095;7713;JORGE LUIZ DA COSTA PIMENTEL;JORGINHO TREZE FUTSAL;RS;SOLIDARIEDADE;Solidariedade;NÃO ELEITO;547;35000.0;10880506;63.98537477148081;0.0032167621616127043
240001604521;4444;FABIO LUIZ SCHIOCHET FILHO;FABIO SCHIOCHET;SC;UNIÃO;UNIÃO BRASIL;ELEITO POR QP;51824;2542093.25;7609601;49.05243227076258;0.33406393449538285
110001655501;2333;IDEIVA RASIA FOLETTO;IDEIVA FOLETTO;MT;CIDADANIA;Cidadania;NÃO ELEITO;3594;374389.67;3658813;104.17074846967166;0.102325445438179
110001655504;2323;MARCO AURELIO MARRAFON;MARRAFON;MT;CIDADANIA;Cidadania;NÃO ELEITO;9999;2332008.77;3658813;233.22419941994198;0.6373675752218001
120001621511;2800;EVALDO CORREA CHAVES;DR SGT EVALDO CHAVES;MS;PRTB;Partido Renovador Trabalhista Brasileiro;NÃO ELEITO;1292;20000.0;2756700;15.479876160990711;0.007255051329488156
120001621516;2833;VALDECIR HANAUER;HANAUER;MS;PRTB;Partido Renovador Trabalhista Brasileiro;NÃO ELEITO;1639;0.0;2756700;0.0;0.0
120001621509;2808;ARILSON PEDRO ARANDA;ARILSON ARANDA;MS;PRTB;Partido Renovador Trabalhista Brasileiro;NÃO ELEITO;1049;24992.75;2756700;23.82530981887512;0.009066184205753256
120001621515;2838;VIVIANE MOURA DE AZEVEDO TOBIAS;VIVI TOBIAS;MS;PRTB;Partido Renovador Trabalhista Brasileiro;NÃO ELEITO;5239;3414.09;2756700;0.6516682573010116;0.001238469909674611
120001621514;2899;THIAGO ALVES DE OLIVEIRA;THIAGO GREGO;MS;PRTB;Partido Renovador Trabalhista Brasileiro;NÃO ELEITO;1978;0.0;2756700;0.0;0.0
120001621513;2888;JULIANA GAIOSO PONTES;JULIANA GAIOSO MS;MS;PRTB;Partido Renovador Trabalhista Brasileiro;NÃO ELEITO;2042;8598.24;2756700;4.210695396669931;0.003119033627162912
120001621517;2828;ELANO HOLANDA DE ALMEIDA;ELANO;MS;PRTB;Partido Renovador Trabalhista Brasileiro;NÃO ELEITO;4096;44203.4;2756700;10.791845703125;0.016034896796894838
120001621510;2822;ERASMO MANOEL DA SILVA;CAPITÃO ERASMO BRASILEIRO;MS;PRTB;Partido Renovador Trabalhista Brasileiro;NÃO ELEITO;3299;31656.35;2756700;9.59574113367687;0.011483422207712118
120001621512;2867;FLAVIA SOUZA DA SILVA;SUBOFICIAL FLAVIA;MS;PRTB;Partido Renovador Trabalhista Brasileiro;NÃO ELEITO;475;1091.0;2756700;2.296842105263158;0.0003957630500235789
110001655507;4522;DILMAIR CALLEGARO;DILMAIR CALLEGARO;MT;PSDB;Partido da Social Democracia Brasileira;NÃO ELEITO;7300;1199784.85;3658813;164.3540890410959;0.32791641715496256
110001655505;4545;LUCIANO AUGUSTO NEVES;DUDU;MT;PSDB;Partido da Social Democracia Brasileira;NÃO ELEITO;2804;370691.3;3658813;132.2008915834522;0.10131463400835189
110001737025;4556;JUSSARA LEMOS BORCHARDT;JUSSARA LEMOS;MT;PSDB;Partido da Social Democracia Brasileira;NÃO ELEITO;188;189730.44;3658813;1009.2044680851064;0.051855735726313426
110001655506;4554;ROGERIO FRANÇA MARTINS;ROGERINHO DA DAKAR;MT;PSDB;Partido da Social Democracia Brasileira;NÃO ELEITO;6126;727181.23;3658813;118.70408586353248;0.1987478534705108
110001655502;4500;LAURA KELLY HORTENCI DE BARROS;KELLY DA SAUDE;MT;PSDB;Partido da Social Democracia Brasileira;NÃO ELEITO;4398;364096.84;3658813;82.78691223283312;0.09951228444853563
110001655503;4567;ANTONIO FRANCISCO MALHEIROS;PROF MALHEIROS;MT;PSDB;Partido da Social Democracia Brasileira;NÃO ELEITO;4510;290706.4;3658813;64.45818181818183;0.07945374633795169
110001655500;4555;LUCIANA CRISTINA DOS SANTOS;LUCIANA SANTOS;MT;PSDB;Partido da Social Democracia Brasileira;NÃO ELEITO;3311;760693.89;3658813;229.7474750830565;0.20790728851132867
100001600016;1616;LUCIANA COSTA CORREA;PRETA LU;MA;PSTU;Partido Socialista dos Trabalhadores Unificado;NÃO ELEITO;1105;6650.0;6775152;6.018099547511312;0.0009815277945055697
100001600014;1611;BENISSON VIANA SANTOS;BENNÃO VIANA;MA;PSTU;Partido Socialista dos Trabalhadores Unificado;NÃO ELEITO;118;900.0;6775152;7.627118644067797;0.00013283834812857336
100001600015;1607;KARASCO TOURO DELGADO;TOURIN;MA;PSTU;Partido Socialista dos Trabalhadores Unificado;NÃO ELEITO;77;3650.0;6775152;47.4025974025974;0.0005387333007436586
100001600018;1622;SILMARA ALVES DE CARVALHO;SILMARA;MA;PSTU;Partido Socialista dos Trabalhadores Unificado;NÃO ELEITO;44;900.0;6775152;20.454545454545453;0.00013283834812857336
100001600017;1600;MANOEL GUIMARAES FILHO;SARGENTO GUIMARAES;MA;PSTU;Partido Socialista dos Trabalhadores Unificado;NÃO ELEITO;263;3650.0;6775152;13.87832699619772;0.0005387333007436586
160001716351;3655;MARIA JOELMA NOVAIS DOS SANTOS;JOELMA DENTINHO;PR;AGIR;AGIR;NÃO ELEITO;167;57500.0;11443208;344.311377245509;0.005024814719788367
160001716354;3600;ADÃO PACHECO ROLIM NETO;ADÃO DA RENOVAR;PR;AGIR;AGIR;NÃO ELEITO;899;8000.0;11443208;8.898776418242491;0.0006991046566662076
160001716372;3667;RODRIGO ANTONIO DE OLIVEIRA;RODRIGO OLIVEIRA;PR;AGIR;AGIR;NÃO ELEITO;74;3000.0;11443208;40.54054054054054;0.0002621642462498278
160001716369;3645;LORY MAYELE PAES;MAYELE PAES;PR;AGIR;AGIR;NÃO ELEITO;65;0.0;11443208;0.0;0.0
160001716349;3678;ALDECIR COELHO DOS SANTOS;ALDECIR DOS SANTOS;PR;AGIR;AGIR;NÃO ELEITO;932;74540.0;11443208;79.97854077253218;0.006513907638487389
160001716365;3677;EVALDO FERREIRA FILHO;MAESTRO EVALDO;PR;AGIR;AGIR;NÃO ELEITO;392;13002.9;11443208;33.170663265306125;0.0011362984925206289
160001716370;3633;PEDRO NELSON ROESLER;DOUTOR PEDRO ROESLER;PR;AGIR;AGIR;NÃO ELEITO;55;2000.0;11443208;36.36363636363637;0.0001747761641665519
160001716373;3619;CANDIDO GILBERTO DE SOUZA;PROFESSOR GIL DO VÔLEI;PR;AGIR;AGIR;NÃO ELEITO;104;1000.0;11443208;9.615384615384615;8.738808208327595e-05
160001716374;3606;LUCINEIA DOS SANTOS;NEIA SANTOS;PR;AGIR;AGIR;NÃO ELEITO;35;0.0;11443208;0.0;0.0
160001716359;3623;TAREK JAMIL JOMAA;TAREK JOMAA;PR;AGIR;AGIR;NÃO ELEITO;1386;150000.0;11443208;108.22510822510823;0.013108212312491391
160001716352;3613;NEIDE OLIMPIO MORAES;MISSIONÁRIA NEIDE;PR;AGIR;AGIR;NÃO ELEITO;106;3000.0;11443208;28.30188679245283;0.0002621642462498278
160001716363;3610;EDSON NAVARRO TASSO;NAVARRO;PR;AGIR;AGIR;NÃO ELEITO;180;14121.0;11443208;78.45;0.0012340071070979397
160001716366;3636;FABIO NAKASHIMA;JAPONÊS DA FEDERAL JAPA CIVIL;PR;AGIR;AGIR;NÃO ELEITO;2765;246000.0;11443208;88.96925858951175;0.021497468192485884
160001716362;3602;JUNIOR CARVALHO DE AZEVEDO;JUNIOR AZEVEDO;PR;AGIR;AGIR;NÃO ELEITO;19;0.0;11443208;0.0;0.0
160001716357;3611;DANGLEY JOSE PAZ DA SILVA;DANGLEY JOSE O PADRE;PR;AGIR;AGIR;NÃO ELEITO;431;5540.0;11443208;12.853828306264502;0.00048412997474134875
160001716360;3644;WALDIR ALVES MUGUET;WALDIR MUGUET;PR;AGIR;AGIR;NÃO ELEITO;126;0.0;11443208;0.0;0.0
160001716368;3621;LOIDE MARIA PEREIRA;LOIDE MARIA;PR;AGIR;AGIR;NÃO ELEITO;164;32000.0;11443208;195.1219512195122;0.0027964186266648304
160001716358;3663;DIOGO SCAMPARINI;DIOGO SCAMPARINI;PR;AGIR;AGIR;NÃO ELEITO;316;3000.0;11443208;9.49367088607595;0.0002621642462498278
160001716350;3656;MARIA IVONETE PEREIRA;IVONETE;PR;AGIR;AGIR;NÃO ELEITO;29;0.0;11443208;0.0;0.0
160001716353;3660;NELSON RAIMUNDO FILHO;CABO NELSON;PR;AGIR;AGIR;NÃO ELEITO;410;1000.0;11443208;2.4390243902439024;8.738808208327595e-05
160001716355;3699;CESLAU MIKA;CESLAU MIKA;PR;AGIR;AGIR;NÃO ELEITO;196;2550.0;11443208;13.010204081632653;0.00022283960931235368
160001716367;3612;HUMBERTO SANTIAGO RODRIGUES;FERNANDO SANTIAGO;PR;AGIR;AGIR;NÃO ELEITO;94;6759.87;11443208;71.91351063829786;0.0005907320744322745
160001716371;3622;RICARDO APARECIDO VENDRAME;RICARDO VENDRAME;PR;AGIR;AGIR;NÃO ELEITO;3972;149147.36;11443208;37.549687814702914;0.013033701738183906
160001716356;3666;DAIANA CAROLINA KLEMTZ;DAIANA KLEMTZ;PR;AGIR;AGIR;NÃO ELEITO;212;1000.0;11443208;4.716981132075472;8.738808208327595e-05
160001716364;3607;EMERSON DE ALMEIDA CAMPANA;EMERSON CAMPANA;PR;AGIR;AGIR;NÃO ELEITO;153;3000.0;11443208;19.607843137254903;0.0002621642462498278
160001716361;3676;TANIA APARECIDA RAMOS;TÂNIA RAMOS;PR;AGIR;AGIR;NÃO ELEITO;180;10000.0;11443208;55.55555555555556;0.0008738808208327595
240001679862;2929;MATHEUS VETTER;MATHEUS VETTER;SC;PCO;Partido da Causa Operária;NÃO ELEITO;152;0.0;7609601;0.0;0.0
20001653097;8080;LENILDA LUNA DE ALMEIDA;LENILDA LUNA;AL;UP;Unidade Popular;NÃO ELEITO;2298;8133.3;3127511;3.539295039164491;0.0026005663928919836
260001636663;5010;OTÁVIO DOMINGOS SALES;PROFESSOR OTÁVIO SALES;SE;PSOL;Partido Socialismo e Liberdade;NÃO ELEITO;1095;20290.0;2209558;18.529680365296805;0.009182832041521427
260001636666;5000;GERFFESON SANTOS SANTANA;MANO SINHO;SE;PSOL;Partido Socialismo e Liberdade;NÃO ELEITO;2033;23612.36;2209558;11.614540088539105;0.010686463084472098
260001636662;5023;AILTON FREITAS DOS SANTOS;AILTON SENA;SE;PSOL;Partido Socialismo e Liberdade;NÃO ELEITO;212;19208.09;2209558;90.60419811320754;0.008693182075329093
260001636667;5013;VANUSA SILVA DE JESUS;PROFESSORA VANUSA;SE;PSOL;Partido Socialismo e Liberdade;NÃO ELEITO;1087;94457.81;2209558;86.89770929162833;0.04274964042582272
260001636661;5050;SONIA MEIRE SANTOS AZEVEDO DE JESUS;PROFESSORA SONIA MEIRE;SE;PSOL;Partido Socialismo e Liberdade;NÃO ELEITO;19561;60112.93;2209558;3.0731010684525333;0.027205861986877012
260001636665;5012;DIMAS CAINA SANTOS VILA FLOR;DIMAS CORRETOR;SE;PSOL;Partido Socialismo e Liberdade;NÃO ELEITO;210;19208.46;2209558;91.46885714285713;0.008693349529634433
260001636664;5011;JULIANA SOUSA SANTOS;JULIANA MOTORISTA;SE;PSOL;Partido Socialismo e Liberdade;NÃO ELEITO;932;24620.0;2209558;26.416309012875537;0.011142499993211312
170001602541;1616;HÉLIO CABRAL LIMA;HELIO CABRAL;PE;PSTU;Partido Socialista dos Trabalhadores Unificado;NÃO ELEITO;447;5522.0;9058155;12.353467561521253;0.0006096164174713283
170001602542;1606;SIMONE FONTANA;SIMONE FONTANA;PE;PSTU;Partido Socialista dos Trabalhadores Unificado;NÃO ELEITO;436;5522.0;9058155;12.6651376146789;0.0006096164174713283
220001614442;7022;WELISON NUNES DA SILVA;WELISON NUNES;RO;AVANTE;AVANTE;NÃO ELEITO;6939;540982.91;1581016;77.96266176682519;0.3421742158207128
220001614437;7013;IONARDO RODRIGUES DE ALENCAR;LÉO ALENCAR;RO;AVANTE;AVANTE;NÃO ELEITO;253;64906.75;1581016;256.548418972332;0.04105382235220896
220001614438;7070;BRENO MENDES DA SILVA FARIAS;DR BRENO MENDES FISCAL DO POVO;RO;AVANTE;AVANTE;NÃO ELEITO;11077;1839956.61;1581016;166.1060404441636;1.1637811445298467
220001614441;7007;VANUZA DO NASCIMENTO MACHADO;VANUZA MACHADO;RO;AVANTE;AVANTE;NÃO ELEITO;293;130000.0;1581016;443.6860068259386;0.08222560682497837
220001614435;7050;MARIA RITA DA SILVA SOUZA;MARIA RITA;RO;AVANTE;AVANTE;NÃO ELEITO;1460;100457.85;1581016;68.80674657534247;0.0635400590506358
220001614439;7038;CLARINDO ROMÃO NETO;ROMÃO NETO;RO;AVANTE;AVANTE;NÃO ELEITO;313;34000.0;1581016;108.6261980830671;0.021505158708071265
220001614440;7011;EDSON VANDER LENZI KAWAI;EDSON LENZI;RO;AVANTE;AVANTE;NÃO ELEITO;20;0.0;1581016;0.0;0.0
220001614434;7090;ADOLFO GONSALO DO ESPIRITO SANTO JUNIOR;SARGENTO ADOLFO GONSALO;RO;AVANTE;AVANTE;NÃO ELEITO;478;43000.0;1581016;89.9581589958159;0.027197700719031305
220001614436;7000;DAIHANE REGINA LOPES GOMES;DAIHANE GOMES;RO;AVANTE;AVANTE;NÃO ELEITO;674;275922.6;1581016;409.3807121661721;0.17452233247481366
160001603733;4567;JOSELITO CANTO;JOCELITO CANTO;PR;PSDB;Partido da Social Democracia Brasileira;NÃO ELEITO;74348;735500.0;11443208;9.892666917738204;0.06427393437224946
130001634143;1911;CARLOS ALBERTO PEREIRA;CARLOS ALBERTO PEREIRA;MG;PODE;Podemos;NÃO ELEITO;29923;1591795.1;20538718;53.19637402666845;0.0775021644486282
20001652748;4000;CLEBER COSTA DE OLIVEIRA;DR CLEBER;AL;PSB;Partido Socialista Brasileiro;NÃO ELEITO;4778;359593.0;3127511;75.26015069066555;0.11497737338094095
20001652754;4088;RONIVALDO LOURENÇO DA SILVA;RONY CAMELINHO;AL;PSB;Partido Socialista Brasileiro;NÃO ELEITO;544;194536.62;3127511;357.60408088235295;0.062201738059434485
20001652750;4040;JOÃO ANTÔNIO HOLANDA CALDAS;DR JHC;AL;PSB;Partido Socialista Brasileiro;NÃO ELEITO;92594;2534602.93;3127511;27.373295569907338;0.8104217475174349
20001652755;4004;AMANDA KAROLINE DE ANUCENA MENDONÇA;AMANDA MENDONÇA;AL;PSB;Partido Socialista Brasileiro;NÃO ELEITO;1408;555728.7;3127511;394.69367897727267;0.1776904062048063
20001652752;4022;MARCELLA SOARES DIAS FERNANDES;MARCELLA SOARES;AL;PSB;Partido Socialista Brasileiro;NÃO ELEITO;1912;251805.83;3127511;131.69760983263598;0.08051317165631072
20001729164;4099;LUIZ DIEGO RAMOS RODRIGUES;MAJOR DIEGO;AL;PSB;Partido Socialista Brasileiro;NÃO ELEITO;1038;208859.0;3127511;201.21290944123314;0.06678121995414245
20001652749;4010;GEORGE LISBOA JÚNIOR;JÚNIOR LISBOA;AL;PSB;Partido Socialista Brasileiro;NÃO ELEITO;3678;299974.05;3127511;81.55901305057095;0.09591462667917075
20001652751;4044;JOSÉ SIDERLANE ARAÚJO DE MENDONÇA;SIDERLANE MENDONÇA;AL;PSB;Partido Socialista Brasileiro;NÃO ELEITO;7492;465785.0;3127511;62.17098238120662;0.14893153053658326
20001652753;4011;RODRIGO DE MELO LUZ;RODRIGO LUZ;AL;PSB;Partido Socialista Brasileiro;NÃO ELEITO;3235;299888.14;3127511;92.70112519319939;0.09588715755116449
20001729163;4055;EDUARDA NICOLE SÁ CALHEIROS;NICOLE CALHEIROS;AL;PSB;Partido Socialista Brasileiro;NÃO ELEITO;350;205000.0;3127511;585.7142857142857;0.06554733140826682
200001667829;5000;JEINICARTHE RICARDO DA SILVA;JEINICARTHE;RN;PSOL;Partido Socialismo e Liberdade;NÃO ELEITO;367;5802.54;3302729;15.810735694822888;0.0017568925576394551
200001667830;5077;EDNARDO BERNARDINO RODRIGUES LOPES;TOCHA LOPES;RN;PSOL;Partido Socialismo e Liberdade;NÃO ELEITO;801;65747.35;3302729;82.08158551810239;0.019906976927262274
200001667826;5011;MARIA DO LIVRAMENTO DA SILVA;LIVRAMENTO DA SILVA;RN;PSOL;Partido Socialismo e Liberdade;NÃO ELEITO;499;28332.95;3302729;56.779458917835676;0.00857864814218787
200001667828;5050;CAMILA BARBOSA DOS SANTOS;CAMILA DA JUNTAS;RN;PSOL;Partido Socialismo e Liberdade;NÃO ELEITO;1710;57273.6;3302729;33.49333333333333;0.017341295637637845
220001713920;3645;MARIA ALCINEIDE NUNES FERREIRA;NEIDE NUNES;RO;AGIR;AGIR;NÃO ELEITO;3;13500.0;1581016;4500.0;0.008538813016440062
220001713921;3663;BRENDA LI PEREIRA;BRENDA LI;RO;AGIR;AGIR;NÃO ELEITO;73;21250.0;1581016;291.09589041095893;0.01344072419254454
220001713919;3600;JOSÉ ALBERTO FRANÇA DE LIMA;ALBERTO LIMA;RO;AGIR;AGIR;NÃO ELEITO;126;15000.0;1581016;119.04761904761905;0.009487570018266734
220001713916;3622;HEBERSON PINTO;ECONOMISTA HEBERSON PINTO;RO;AGIR;AGIR;NÃO ELEITO;326;15150.0;1581016;46.47239263803681;0.009582445718449403
220001713913;3655;AÉCIO DE CASTRO BARBOSA;AÉCIO DE CASTRO;RO;AGIR;AGIR;NÃO ELEITO;69;30000.0;1581016;434.7826086956522;0.01897514003653347
220001713915;3636;CONSTANTINO ERWEN GOMES SOUZA;CONSTANTINO;RO;AGIR;AGIR;NÃO ELEITO;280;16448.86;1581016;58.74592857142857;0.010403980731377799
220001713914;3677;ANDRÉIA PAULA CORDEIRO;ANDRÉIA CORDEIRO;RO;AGIR;AGIR;NÃO ELEITO;585;15000.0;1581016;25.641025641025642;0.009487570018266734
210001646688;1127;JOSE CARLOS BARBOSA ZACCARO;DR ZACCARO;RS;PP;PROGRESSISTAS;NÃO ELEITO;9317;5162.0;10880506;0.5540410003219921;0.000474426465092708
200001667827;1888;ANNA KARLA RODRIGUES SANTOS;ANNA RODRIGUES;RN;REDE;Rede Sustentabilidade;NÃO ELEITO;248;1890.0;3302729;7.620967741935484;0.0005722540359805482
200001667831;1833;JOSÉ ALDENIR DA SILVA;JOSÉ ALDENIR;RN;REDE;Rede Sustentabilidade;NÃO ELEITO;648;3000.0;3302729;4.62962962962963;0.0009083397396516638
200001667825;1818;MANOEL SOARES JUNIOR;ATIVISTA MANUEL JUNIOR;RN;REDE;Rede Sustentabilidade;NÃO ELEITO;114;0.0;3302729;0.0;0.0
180001601219;4422;LIEGE DA CUNHA CAVALCANTE RIBEIRO GONCALVES;DRA LIEGE;PI;UNIÃO;UNIÃO BRASIL;NÃO ELEITO;3010;892920.0;3269200;296.6511627906977;0.27313104123332926
180001601221;4410;JOSÉ FRANCISCO PAES LANDIM;PAES LANDIM;PI;UNIÃO;UNIÃO BRASIL;NÃO ELEITO;8904;2115668.5300000003;3269200;237.60877470799645;0.6471517588400832
180001601218;4456;ELISVANIA RODRIGUES DA SILVA;DOUTORA ELISVANIA RODRIGUES;PI;UNIÃO;UNIÃO BRASIL;NÃO ELEITO;4419;596135.6;3269200;134.90282869427472;0.18234907622659977
180001601223;4444;RAIMUNDO DE SA URTIGA FILHO;RSÁ FILHO;PI;UNIÃO;UNIÃO BRASIL;NÃO ELEITO;9023;1516540.31;3269200;168.07495400642802;0.46388728435091153
180001601224;4433;DANIEL PEREIRA DA SILVA MONTEIRO ROSA;DANIEL PEREIRA;PI;UNIÃO;UNIÃO BRASIL;NÃO ELEITO;10197;250036.27;3269200;24.520571736785328;0.07648240242261103
180001601217;4477;TERESINHA DE SOUSA MEDEIROS SANTOS;TERESINHA MEDEIROS;PI;UNIÃO;UNIÃO BRASIL;NÃO ELEITO;4542;1275466.83;3269200;280.8161228533686;0.39014646702557204
180001601222;4411;JOAO BATISTA GONCALVES DE SOUSA;JOAOZINHO DA UNIMAGEM;PI;UNIÃO;UNIÃO BRASIL;NÃO ELEITO;4758;515972.89;3269200;108.44323034888609;0.1578284870916432
180001601226;4425;RONNEY WELLINGTON MARQUES LUSTOSA;RONNEY LUSTOSA;PI;UNIÃO;UNIÃO BRASIL;NÃO ELEITO;4772;2366975.33;3269200;496.01327116512994;0.7240227976263306
180001601220;4455;ELIAS PEREIRA LOPES;IRMÃO ELIAS;PI;UNIÃO;UNIÃO BRASIL;NÃO ELEITO;24868;755857.92;3269200;30.39480135113399;0.23120577511317755
180001601216;4418;FRANCISCA CAMILA MARQUES DE ALMEIDA;CAMILA MARQUES;PI;UNIÃO;UNIÃO BRASIL;NÃO ELEITO;1243;424660.02;3269200;341.6412067578439;0.12989722867979933
20001724833;4488;RENATA VIEIRA GUEDES DA SILVA;RENATA GUEDES;AL;UNIÃO;UNIÃO BRASIL;NÃO ELEITO;443;149997.37;3127511;338.5945146726862;0.047960621081748395
80001723284;1420;ILDINEIA BOROTO MERLIN;NEIA BOROTO;ES;PTB;Partido Trabalhista Brasileiro;NÃO ELEITO;1850;328222.18;3833486;177.41739459459458;0.08561976749099905
80001723282;1412;ILZA RODRIGUES REALLI;PROF ILZA RODRIGUES;ES;PTB;Partido Trabalhista Brasileiro;NÃO ELEITO;1923;197270.82;3833486;102.58492979719189;0.051459903596882836
80001723280;1422;SORAYA DE SOUZA MANNATO;SORAYA MANATO;ES;PTB;Partido Trabalhista Brasileiro;NÃO ELEITO;59988;2423427.66;3833486;40.39854070814163;0.6321733430094697
80001723281;1477;LENICE GARCIA DE FREITAS;PROF LENICE GARCIA;ES;PTB;Partido Trabalhista Brasileiro;NÃO ELEITO;2233;200000.0;3833486;89.56560680698611;0.05217183524343118
80001723283;1400;ADONIAS MARQUES DE ABREU;TORINO MARQUES;ES;PTB;Partido Trabalhista Brasileiro;NÃO ELEITO;6604;645621.0;3833486;97.76211387038158;0.1684161622084964
80001723277;1444;DIOGO VIRIATO SILVA RODRIGUES;DR. DIOGO VIRIATO;ES;PTB;Partido Trabalhista Brasileiro;NÃO ELEITO;1594;140000.0;3833486;87.8293601003764;0.036520284670401824
80001723279;1410;EPAMINONDAS PIMENTEL;JEOVÁ VEICULOS;ES;PTB;Partido Trabalhista Brasileiro;NÃO ELEITO;2871;283952.08999999997;3833486;98.90354928596307;0.0740715082825397
80001723278;1415;EDUARDO LIMA DA SILVA;DUDU LIMA;ES;PTB;Partido Trabalhista Brasileiro;NÃO ELEITO;1442;196110.29;3833486;135.99881414701804;0.05115716869710754
80001723274;1407;AFONSO CARLOS VANZO PIMENTA;DR. AFONSO PIMENTA;ES;PTB;Partido Trabalhista Brasileiro;NÃO ELEITO;2304;100000.0;3833486;43.40277777777778;0.02608591762171559
80001723275;1470;KEYDSON QUARESMA GOMES;PROFESSOR KEYDSON QUARESMA;ES;PTB;Partido Trabalhista Brasileiro;NÃO ELEITO;11054;574455.1;3833486;51.96807490501176;0.1498518841597439
80001723276;1414;SÉRGIO DE ASSIS LOPES;TENENTE ASSIS;ES;PTB;Partido Trabalhista Brasileiro;NÃO ELEITO;58887;3030168.69;3833486;51.457345254470425;0.7904473082724184
70001726536;4444;RODRIGO RODRIGUES FERREIRA GOMES;RODRIGO TOTTI;DF;UNIÃO;UNIÃO BRASIL;NÃO ELEITO;2637;262755.0;2817068;99.64163822525597;0.09327250886382579
70001608447;4455;JÚLIA LUCY MARQUES ARAÚJO;JÚLIA LUCY;DF;UNIÃO;UNIÃO BRASIL;NÃO ELEITO;20021;1702360.71;2817068;85.02875530692772;0.604302313611173
70001608441;4401;RENILSON SANTOS DE ROMA;RENILSON ROMA;DF;UNIÃO;UNIÃO BRASIL;NÃO ELEITO;7129;463375.84;2817068;64.99871510730819;0.1644886953385577
70001608444;4440;MARIA DO SANTO COSTA SOUSA;MARIA COSTA;DF;UNIÃO;UNIÃO BRASIL;NÃO ELEITO;5629;866417.27;2817068;153.9202824658021;0.3075599417550446
70001608449;4411;FLÁVIO WERNECK MENEGUELLI;FLÁVIO WERNECK;DF;UNIÃO;UNIÃO BRASIL;NÃO ELEITO;4716;500152.41;2817068;106.05437022900763;0.17754360562116356
70001608445;4445;SÉRGIO RONALDO SACE BAUTZER DOS SANTOS FILHO;DELEGADO SÉRGIO BAUTZER;DF;UNIÃO;UNIÃO BRASIL;NÃO ELEITO;1472;334781.6;2817068;227.43315217391302;0.11884043977639161
70001608446;4400;ELIANA MARIA PASSOS PEDROSA;ELIANA PEDROSA;DF;UNIÃO;UNIÃO BRASIL;NÃO ELEITO;23453;2107892.66;2817068;89.87731462925852;0.7482576423430319
70001608443;4422;FADI FAYEZ FARAJ;FADI FARAJ;DF;UNIÃO;UNIÃO BRASIL;NÃO ELEITO;14670;1866503.47;2817068;127.23268370824812;0.6625695474869616
70001608448;4433;ELISEU KADESH ROSA ASSUNÇÃO;ELISEU KADESH;DF;UNIÃO;UNIÃO BRASIL;NÃO ELEITO;3253;201000.0;2817068;61.7891177374731;0.07135078031485217
50001645896;1414;SEVERIANO ALVES DE SOUZA;SEVERIANO ALVES;BA;PTB;Partido Trabalhista Brasileiro;NÃO ELEITO;7841;400000.0;14136417;51.01390128810101;0.028295713121648858
50001645922;1428;LIVIA PEREIRA DOS REIS;LIVIA PEREIRA;BA;PTB;Partido Trabalhista Brasileiro;NÃO ELEITO;344;13973.3;14136417;40.62005813953488;0.0009884612204068399
50001738668;1417;EDELTONIO LIBERATO DOS SANTOS;LIBERATO;BA;PTB;Partido Trabalhista Brasileiro;NÃO ELEITO;133;0.0;14136417;0.0;0.0
50001645900;1455;ANTONIO CARLOS SOARES;A SOARES;BA;PTB;Partido Trabalhista Brasileiro;NÃO ELEITO;733;6000.0;14136417;8.185538881309686;0.00042443569682473287
50001645903;1427;JOSE RAYMUNDO DOS SANTOS PINHEIRO;PASTOR CARIOCA;BA;PTB;Partido Trabalhista Brasileiro;NÃO ELEITO;63;0.0;14136417;0.0;0.0
50001645931;1440;HECKEL HERBERT PEDREIRA SANTOS;PEDREIRA;BA;PTB;Partido Trabalhista Brasileiro;NÃO ELEITO;669;36670.0;14136417;54.813153961136024;0.0025940095004271593
50001645902;1410;ADALBERTO LELIS FILHO;BETO LELIS;BA;PTB;Partido Trabalhista Brasileiro;NÃO ELEITO;5064;120700.56999999999;14136417;23.835025671406;0.008538271755848741
50001645915;1423;MARILIA MUNIZ FERNANDES SANTOS;MARILIA MUNIZ;BA;PTB;Partido Trabalhista Brasileiro;NÃO ELEITO;147;0.0;14136417;0.0;0.0
50001645898;1422;IVAN CORDEIRO DA SILVA FILHO;IVAN CORDEIRO;BA;PTB;Partido Trabalhista Brasileiro;NÃO ELEITO;13736;70677.93000000001;14136417;5.145452096680256;0.00499970607827995
50001645928;1466;DEACY RIBEIRO DOS SANTOS;DEACY RIBEIRO;BA;PTB;Partido Trabalhista Brasileiro;NÃO ELEITO;246;10838.0;14136417;44.05691056910569;0.0007666723470310758
50001645895;1451;CEBANIAS JOSE DE LIMA;CEBASTIAN;BA;PTB;Partido Trabalhista Brasileiro;NÃO ELEITO;305;7361.0;14136417;24.134426229508197;0.0005207118607211431
50001645914;1425;WELIO NERES DOS SANTOS;WELIO NERES;BA;PTB;Partido Trabalhista Brasileiro;NÃO ELEITO;425;4945.8;14136417;11.637176470588235;0.0003498623448926273
50001732877;1400;DAVI DE JESUS CARDOSO;DAVI CARDOSO;BA;PTB;Partido Trabalhista Brasileiro;NÃO ELEITO;495;6000.0;14136417;12.121212121212121;0.00042443569682473287
50001645927;1407;MARIA AUGUSTA ANDRADE KREJCI;AUGUSTA KREJCI;BA;PTB;Partido Trabalhista Brasileiro;NÃO ELEITO;389;22150.0;14136417;56.940874035989715;0.0015668751141113056
50001645909;1416;MARCELINO JOSE GUIMARAES SANTANA;MARCELO SANTANA;BA;PTB;Partido Trabalhista Brasileiro;NÃO ELEITO;465;30000.0;14136417;64.51612903225806;0.0021221784841236645
50001645901;1402;ALMIR FRANCO BISPO;ALMIR FRANCO CANTARELI;BA;PTB;Partido Trabalhista Brasileiro;NÃO ELEITO;172;0.0;14136417;0.0;0.0
50001645913;1445;IANNA KARINE SANTOS ALVES DE CARVALHO;PROFESSORA KARINE CARVALHO;BA;PTB;Partido Trabalhista Brasileiro;NÃO ELEITO;1337;30000.0;14136417;22.43829468960359;0.0021221784841236645
50001645905;1472;FABIO PEREIRA DOS SANTOS DE MACEDO;BISPO FABIO SANTOS;BA;PTB;Partido Trabalhista Brasileiro;NÃO ELEITO;298;10000.0;14136417;33.557046979865774;0.0007073928280412215
50001645924;1477;CLARA ISABEL SOUZA DA SILVA;BEL ASSIS;BA;PTB;Partido Trabalhista Brasileiro;NÃO ELEITO;266;15000.0;14136417;56.390977443609025;0.0010610892420618323
50001645892;1444;GILVAN BARBOSA DOS SANTOS;SUBOFICIAL GILVAN BARBOSA;BA;PTB;Partido Trabalhista Brasileiro;NÃO ELEITO;1328;30000.0;14136417;22.59036144578313;0.0021221784841236645
50001645929;1489;CARLOS JOSE NOVAES DOS SANTOS SOUZA;SOLDADO CARLAO;BA;PTB;Partido Trabalhista Brasileiro;NÃO ELEITO;472;0.0;14136417;0.0;0.0
50001645911;1405;NIELZO FERREIRA DA SILVA;NIELZO BAHIA;BA;PTB;Partido Trabalhista Brasileiro;NÃO ELEITO;1128;24922.05;14136417;22.094015957446807;0.0017629679430084724
50001738670;1404;JUMIR JESUS GONÇALVES DUTRA;JUMIR;BA;PTB;Partido Trabalhista Brasileiro;NÃO ELEITO;146;0.0;14136417;0.0;0.0
50001645899;1474;ERIELSON SILVA DOS SANTOS;HERBERT HAKAN;BA;PTB;Partido Trabalhista Brasileiro;NÃO ELEITO;332;10000.0;14136417;30.120481927710845;0.0007073928280412215
50001645930;1401;RONALD DOS SANTOS QUERINO;DR RONALD QUERINO;BA;PTB;Partido Trabalhista Brasileiro;NÃO ELEITO;400;10000.0;14136417;25.0;0.0007073928280412215
50001645904;1478;ELISEU CONCEIÇÃO DO ROSARIO;ELISEU ROSARIO;BA;PTB;Partido Trabalhista Brasileiro;NÃO ELEITO;614;0.0;14136417;0.0;0.0
50001645919;1470;SANDRA DIAS DE ANDRADE;SANDRA ANDRADE;BA;PTB;Partido Trabalhista Brasileiro;NÃO ELEITO;274;5000.0;14136417;18.248175182481752;0.00035369641402061073
50001645897;1415;ARTHUR CARLOS JACOBINA PIRES;ARTHUR JACOBINA;BA;PTB;Partido Trabalhista Brasileiro;NÃO ELEITO;582;20000.0;14136417;34.36426116838488;0.001414785656082443
50001645917;1456;WASHINGTON LUIS PLACIDO DE LIMA;PLACIDO;BA;PTB;Partido Trabalhista Brasileiro;NÃO ELEITO;836;20000.0;14136417;23.923444976076556;0.001414785656082443
50001645918;1420;QUEZIA MASCARENHAS PEREIRA;QUEZIA MASCARENHAS;BA;PTB;Partido Trabalhista Brasileiro;NÃO ELEITO;462;50000.0;14136417;108.22510822510823;0.0035369641402061072
50001645926;1431;JOSE ALIPIO FERNANDES DA SILVEIRA;ZECA ALÍPIO;BA;PTB;Partido Trabalhista Brasileiro;NÃO ELEITO;5676;413538.02;14136417;72.85729739252996;0.02925338294703672
50001645916;1467;JAIANE DOS SANTOS CERQUEIRA;JAIANE CERQUEIRA;BA;PTB;Partido Trabalhista Brasileiro;NÃO ELEITO;17;5000.0;14136417;294.11764705882354;0.00035369641402061073
50001645921;1403;JAILSON LAERCIO FERREIRA PAZ;CAPITÃO PAZ;BA;PTB;Partido Trabalhista Brasileiro;NÃO ELEITO;276;9970.9;14136417;36.12644927536232;0.0007053343149116215
50001645893;1411;MARCUS RAIMUNDO CRUZ COSTA;DR MARCUS DERMATOLOGISTA;BA;PTB;Partido Trabalhista Brasileiro;NÃO ELEITO;1267;119716.0;14136417;94.48776637726914;0.008468623980178287
50001645906;1408;GISLENE VILLAS BOAS TORRES DA SILVA;GISLENE VILLAS BOAS;BA;PTB;Partido Trabalhista Brasileiro;NÃO ELEITO;194;16922.0;14136417;87.22680412371135;0.001197050143611355
50001645910;1436;SILVIO PEREIRA DOS SANTOS;PASTOR SILVIO;BA;PTB;Partido Trabalhista Brasileiro;NÃO ELEITO;1485;950.0;14136417;0.6397306397306397;6.720231866391604e-05
230001737207;4343;GIL MARCOS FIGUEIRINHA DE ALMEIDA;MARCOS ALMEIDA;RR;PV;Partido Verde;NÃO ELEITO;3;0.0;636303;0.0;0.0
230001610867;4320;ROSELI RIBEIRO;DRA ROSELI RIBEIRO;RR;PV;Partido Verde;NÃO ELEITO;306;69998.7;636303;228.75392156862745;0.1100084393755805
230001610863;4300;JOSILENE SOUZA GALVÃO;JOSY ENFERMEIRA;RR;PV;Partido Verde;NÃO ELEITO;229;70523.9;636303;307.9646288209607;0.11083383230945004
230001610868;1310;SIVALDO SOUZA SILVA;PROF SIVALDO;RR;PT;Partido dos Trabalhadores;NÃO ELEITO;279;117494.0;636303;421.1254480286738;0.1846510231760655
230001610866;1323;ROMULO WILSON VACA MARQUES;ROMULO VACA;RR;PT;Partido dos Trabalhadores;NÃO ELEITO;25;0.0;636303;0.0;0.0
230001610860;1313;ANTONIA PEDROSA VIEIRA;PROFESSORA ANTONIA PEDROSA;RR;PT;Partido dos Trabalhadores;NÃO ELEITO;1920;396971.55;636303;206.756015625;0.623871881792165
170001723211;2334;DURVANICE GONÇALO DE OLIVEIRA;BRANCA DURVANICE;PE;CIDADANIA;Cidadania;NÃO ELEITO;141;10000.0;9058155;70.92198581560284;0.0011039775760074762
170001604097;2323;DANIEL PIRES COELHO;DANIEL COELHO;PE;CIDADANIA;Cidadania;NÃO ELEITO;110511;2871617.41;9058155;25.98490114106288;0.3170201227512667
270001613196;5122;HELIO RODRIGUES CARVALHO;HELIO RODRIGUES BOLSONARO;TO;PATRIOTA;Patriota;NÃO ELEITO;808;800.0;1511459;0.9900990099009901;0.0005292899112711625
270001613199;5100;LEDA ALVES SALES PERINI;LEDA PERINI;TO;PATRIOTA;Patriota;NÃO ELEITO;3086;189314.43;1511459;61.346218405703176;0.12525277232131338
270001613200;5189;LUIS DA CONCEIÇÃO DA COSTA;FUMACINHA;TO;PATRIOTA;Patriota;NÃO ELEITO;129;0.0;1511459;0.0;0.0
270001613192;5151;LUIZ ALBERTO COQUEIRO FILHO;COQUEIRO FILHO;TO;PATRIOTA;Patriota;NÃO ELEITO;264;30000.0;1511459;113.63636363636364;0.019848371672668595
270001613194;5177;DYEGO PEREIRA LIMA;DYEGO PEREIRA;TO;PATRIOTA;Patriota;NÃO ELEITO;229;70000.0;1511459;305.6768558951965;0.04631286723622672
270001613193;5123;OLIANE DA FONSECA PRADO;DRA OLIANE PRADO ENDIREITA TO;TO;PATRIOTA;Patriota;NÃO ELEITO;887;110000.0;1511459;124.01352874859076;0.07277736279978485
270001613195;5129;ELENILSON BEZERRA RODRIGUES;ELENILSON BEZERRA;TO;PATRIOTA;Patriota;NÃO ELEITO;127;28450.0;1511459;224.01574803149606;0.018822872469580715
270001613198;5144;JAIR MEDEIROS DA CUNHA;JAIR BOLSONARINHO;TO;PATRIOTA;Patriota;NÃO ELEITO;61;0.0;1511459;0.0;0.0
270001613197;5111;IARA MARIANA SILVA SOUSA;IARA MARIANA;TO;PATRIOTA;Patriota;NÃO ELEITO;563;4320.0599999999995;1511459;7.673285968028418;0.0028582052176076224
200001652379;1616;ANA CÉLIA SIQUEIRA FERREIRA;ANA CÉLIA SIQUEIRA;RN;PSTU;Partido Socialista dos Trabalhadores Unificado;NÃO ELEITO;620;0.0;3302729;0.0;0.0
160001654736;5180;WANDERLEI DIAS;WANDERLEI DIAS;PR;PATRIOTA;Patriota;NÃO ELEITO;249;9927.89;11443208;39.871044176706825;0.0008675792662337344
160001654740;5178;NERI DANIEL DE SOUZA AVILA;DANIEL ÁVILA;PR;PATRIOTA;Patriota;NÃO ELEITO;137;40000.0;11443208;291.97080291970804;0.003495523283331038
160001654727;5192;VALÉRIA REGINA FERNANDES DE OLIVEIRA;DRA VALERIA;PR;PATRIOTA;Patriota;NÃO ELEITO;536;82500.0;11443208;153.9179104477612;0.007209516771870266
160001654741;5177;FRANCISCO FREITAS INOUE;FREITAS;PR;PATRIOTA;Patriota;NÃO ELEITO;685;39984.7;11443208;58.371824817518245;0.0034941862456751636
160001654737;5107;CARLOS SERGIO AMARAL;CARLOS AMARAL;PR;PATRIOTA;Patriota;NÃO ELEITO;310;23514.18;11443208;75.85219354838709;0.002054859091960926
160001654738;5151;NIVALDO RAMOS;NIVALDO RAMOS;PR;PATRIOTA;Patriota;NÃO ELEITO;1918;310636.71;11443208;161.95866006256517;0.02714594631155879
160001654743;5131;TÉTIS MARISA BELMONTE DA CRUZ;MARISA GAZZOLA;PR;PATRIOTA;Patriota;NÃO ELEITO;669;86999.99;11443208;130.04482810164424;0.007602762267364187
160001654726;5188;DENISE PINHEIRO;DENISE PINHEIRO;PR;PATRIOTA;Patriota;NÃO ELEITO;493;24700.0;11443208;50.10141987829615;0.0021584856274569158
160001654725;5181;ANA ALICE NASCIMENTO BORGES;ANA ALICE;PR;PATRIOTA;Patriota;NÃO ELEITO;145;20000.0;11443208;137.93103448275863;0.001747761641665519
160001654733;5133;JESUS TARCILIO DE JUSTE;JESUS TARSILIO;PR;PATRIOTA;Patriota;NÃO ELEITO;167;15000.0;11443208;89.82035928143712;0.0013108212312491392
160001654728;5103;NELSON CASSEMIRO DE OLIVEIRA JUNIOR;PROFESSOR ENFERMEIRO NELSON;PR;PATRIOTA;Patriota;NÃO ELEITO;437;29954.0;11443208;68.54462242562929;0.002617622610722448
160001654744;5100;ERIKSON LEIF DE SOUZA LINS MANHÃES;LEIF PATRIOTA;PR;PATRIOTA;Patriota;NÃO ELEITO;209;64978.13;11443208;310.90014354066983;0.0056783141580577755
160001654732;5155;EMILSON GONÇALVES TEIXEIRA;TEIXEIRA;PR;PATRIOTA;Patriota;NÃO ELEITO;447;50000.0;11443208;111.85682326621924;0.004369404104163798
160001654734;5101;CLAUDEMIR PORTUGAL PORTES;CEBINHO;PR;PATRIOTA;Patriota;NÃO ELEITO;673;14625.0;11443208;21.73105497771174;0.0012780507004679106
160001654742;5105;JORGE ANTONIO DE SOUZA;PROFESSOR JORGE;PR;PATRIOTA;Patriota;NÃO ELEITO;112;36351.3;11443208;324.5651785714286;0.0031766703882337892
160001654739;5123;IVAN CARLOS SROCZYNSKI;IVAN PATRIOTA;PR;PATRIOTA;Patriota;NÃO ELEITO;159;40000.0;11443208;251.57232704402514;0.003495523283331038
160001654730;5147;ANDREA WANDEKOKEN DE SOUZA;ANDREA DA ACHIC;PR;PATRIOTA;Patriota;NÃO ELEITO;193;62500.0;11443208;323.8341968911917;0.005461755130204747
160001654731;5115;GISELLE COLETE DA SILVA;GISELLE COLETE;PR;PATRIOTA;Patriota;NÃO ELEITO;429;79365.45999999999;11443208;185.00107226107224;0.006935595333056954
160001654735;5125;JEFERSON WEBER;JEFERSON DA FUNERÁRIA;PR;PATRIOTA;Patriota;NÃO ELEITO;303;15000.0;11443208;49.504950495049506;0.0013108212312491392
160001654729;5122;ISMAEL MARTINS BARBOZA;MAEL BARBOZA;PR;PATRIOTA;Patriota;NÃO ELEITO;387;30000.0;11443208;77.51937984496124;0.0026216424624982784
30001718666;2999;LUCIANE DOS SANTOS LIMA;LUCIANE DOS SANTOS LIMA;AP;PCO;Partido da Causa Operária;NÃO ELEITO;26;0.0;733508;0.0;0.0
220001621206;4004;VINICIUS VALENTIN RADUAN MIGUEL;VINICIUS MIGUEL;RO;PSB;Partido Socialista Brasileiro;NÃO ELEITO;10161;999213.22;1581016;98.33807892923924;0.6320070258618509
220001621208;4001;CLEONICE MOURA DA SILVA;PROFESSORA CLEONICE MOURA;RO;PSB;Partido Socialista Brasileiro;NÃO ELEITO;370;304212.92;1581016;822.197081081081;0.19241609193075843
220001621209;4022;PAULO ROBERTO DUARTE BEZERRA;PAULINHO DO CINEMA;RO;PSB;Partido Socialista Brasileiro;NÃO ELEITO;1932;299326.8;1581016;154.93105590062112;0.18932559822291486
220001621210;4000;JAQUELINE DE SANTANA FERNANDES;JAQUELINE FERNANDES;RO;PSB;Partido Socialista Brasileiro;NÃO ELEITO;839;299966.68;1581016;357.5288200238379;0.18973032530980077
220001621204;4012;IVAN TAVARES;IVAN TAVARES;RO;PSB;Partido Socialista Brasileiro;NÃO ELEITO;2721;311701.45;1581016;114.55400588019111;0.19715262211135118
220001621205;4040;MAURO NAZIF RASUL;DR MAURO NAZIF;RO;PSB;Partido Socialista Brasileiro;NÃO ELEITO;16774;2088234.15;1581016;124.49231846905926;1.3208178475107146
220001621211;4044;VALDENICE DOMINGOS FERREIRA;PROFESSORA VAL;RO;PSB;Partido Socialista Brasileiro;NÃO ELEITO;1118;299981.0;1581016;268.31932021466906;0.1897393827766449
220001621207;4010;SANDRO ROGERIO CLARINDO FERREIRA;SANDRO TUCA;RO;PSB;Partido Socialista Brasileiro;NÃO ELEITO;677;326819.85;1581016;482.7471935007385;0.2067150806822954
220001615576;5193;ADEMILTO SILVA DE SOUZA;PASTOR BOMBEIRO;RO;PATRIOTA;Patriota;NÃO ELEITO;67;19986.55;1581016;298.3067164179104;0.012641586169905933
220001615575;5188;SARA BETI FERREIRA PEPE;SARA PEPE;RO;PATRIOTA;Patriota;NÃO ELEITO;34;0.0;1581016;0.0;0.0
220001615580;5113;RAIMUNDO SOARES DA COSTA;TOCO DO STICCERO;RO;PATRIOTA;Patriota;NÃO ELEITO;1185;439999.83;1581016;371.3078734177215;0.278301946343364
220001615579;5100;MIRLENE CRUZ DA SILVA;MIRLENE CRUZ;RO;PATRIOTA;Patriota;NÃO ELEITO;1854;439416.45;1581016;237.0099514563107;0.2779329557702136
220001615578;5123;CATIANE MALTA SOARES XAVIER;DRA. CATIANE MALTA;RO;PATRIOTA;Patriota;NÃO ELEITO;1317;638122.52;1581016;484.5273500379651;0.40361547258218766
220001615581;5151;AMADEU ALVES DA SILVA JUNIOR;DR AMADEU;RO;PATRIOTA;Patriota;NÃO ELEITO;175;19975.0;1581016;114.14285714285714;0.012634280740991868
220001615577;5122;EZEQUIEL FERREIRA DA SILVA;EZEQUIEL NEGÃO;RO;PATRIOTA;Patriota;NÃO ELEITO;269;20000.0;1581016;74.34944237918215;0.01265009335768898
160001717474;3551;NORMA ALVES DE SOUSA OLIVEIRA;NORMA EU ME IMPORTO;PR;PMB;Partido da Mulher Brasileira;NÃO ELEITO;122;1700.0;11443208;13.934426229508198;0.0001485597395415691
130001644581;1655;FLÁVIA VALLE VERNASCHI;FLAVIA VALLE MRT;MG;PSTU;Partido Socialista dos Trabalhadores Unificado;NÃO ELEITO;585;8080.63;20538718;13.813042735042735;0.0003934340010900388
130001644583;1616;WANDERSON PAIVA ROCHA;PROFESSOR WANDERSON ROCHA;MG;PSTU;Partido Socialista dos Trabalhadores Unificado;NÃO ELEITO;1482;4965.0;20538718;3.3502024291497974;0.00024173855447063444
130001644580;1620;ANDREA CARLA FERREIRA;PROFESSORA ANDREA CARLA;MG;PSTU;Partido Socialista dos Trabalhadores Unificado;NÃO ELEITO;96;5000.0;20538718;52.083333333333336;0.00024344265304192793
130001644579;1619;LÍVIA DANIELA TRINDADE MENEZES;LIVIA TRINDADE;MG;PSTU;Partido Socialista dos Trabalhadores Unificado;NÃO ELEITO;174;5000.0;20538718;28.735632183908045;0.00024344265304192793
130001644584;1611;RAFAEL RIBEIRO DE AVILA;RAFAEL DUDA;MG;PSTU;Partido Socialista dos Trabalhadores Unificado;NÃO ELEITO;398;39391.72;20538718;98.97417085427136;0.0019179249649369547
130001644582;1600;GILSON RAMOS DOS SANTOS;GILSON RAMOS METALURGICO;MG;PSTU;Partido Socialista dos Trabalhadores Unificado;NÃO ELEITO;270;4922.0;20538718;18.22962962962963;0.00023964494765447387
160001717472;3578;ISRAEL BANDEIRA DA SILVA;ISRAEL BANDEIRA;PR;PMB;Partido da Mulher Brasileira;NÃO ELEITO;298;4500.0;11443208;15.100671140939598;0.00039324636937474177
160001717476;3577;EZEQUIEL NEUNDORF;EZEQUIEL NEUNDORF;PR;PMB;Partido da Mulher Brasileira;NÃO ELEITO;223;1940.0;11443208;8.699551569506726;0.00016953287924155534
160001717469;3588;SOLANGE APARECIDA NEVES;SOLANGE LOPINHA;PR;PMB;Partido da Mulher Brasileira;NÃO ELEITO;187;1682.3200000000002;11443208;8.996363636363638;0.0001470147182503368
160001731381;3502;CRISTIANI BOMKOSKI;CRISTIANI BOMKOSKI;PR;PMB;Partido da Mulher Brasileira;NÃO ELEITO;104;499.97;11443208;4.807403846153846;4.3691419399175476e-05
160001717492;3567;DANIELSON CESAR DE CASTRO;DANIELSON CASTRO;PR;PMB;Partido da Mulher Brasileira;NÃO ELEITO;238;1700.0;11443208;7.142857142857143;0.0001485597395415691
160001717470;3536;TERESINHA DEPUBEL DANTAS;TERESINHA DEPUBEL DANTAS;PR;PMB;Partido da Mulher Brasileira;NÃO ELEITO;298;2200.0;11443208;7.382550335570469;0.0001922537805832071
160001717478;3555;SARAI BATISTA AGIBERT;PROFESSORA SARAI;PR;PMB;Partido da Mulher Brasileira;NÃO ELEITO;681;1968.31;11443208;2.8903230543318648;0.00017200683584533288
160001717496;3540;AMARILDO DOS SANTOS;SARGENTO AMARILDO;PR;PMB;Partido da Mulher Brasileira;NÃO ELEITO;799;1200.0;11443208;1.5018773466833542;0.00010486569849993113
160001717498;3580;JOSE ROQUE NETO;PADRE ROQUE;PR;PMB;Partido da Mulher Brasileira;NÃO ELEITO;961;4200.0;11443208;4.37044745057232;0.000367029944749759
160001717490;3507;APARECIDA BIELLA;CIDA BIELLA;PR;PMB;Partido da Mulher Brasileira;NÃO ELEITO;65;0.0;11443208;0.0;0.0
160001717485;3590;ADÃO BATISTA PEREIRA;ADÃO PEREIRA;PR;PMB;Partido da Mulher Brasileira;NÃO ELEITO;727;2197.36;11443208;3.0225034387895464;0.00019202307604650724
160001717481;3545;LUIZ TADEU SEIDEL BERNARDINA;LUIZ TADEU SEIDEL;PR;PMB;Partido da Mulher Brasileira;NÃO ELEITO;791;4400.0;11443208;5.562579013906448;0.0003845075611664142
160001717487;3522;ALBERTO SETNARSKY;TICO DO PARANÁ;PR;PMB;Partido da Mulher Brasileira;NÃO ELEITO;1174;9700.0;11443208;8.262350936967632;0.0008476643962077767
160001717480;3523;ARIETE HOLM BUZATO;ARIETE BUZATO;PR;PMB;Partido da Mulher Brasileira;NÃO ELEITO;105;0.0;11443208;0.0;0.0
160001717473;3518;RAELSON GUTIERREZ;SULA VEIO;PR;PMB;Partido da Mulher Brasileira;NÃO ELEITO;342;500.0;11443208;1.4619883040935673;4.3694041041637976e-05
160001717484;3533;MARCELO DE SOUZA MOURA;CORONEL MARCELO PATRIOTA;PR;PMB;Partido da Mulher Brasileira;NÃO ELEITO;444;2218.59;11443208;4.996824324324325;0.0001938783250291352
160001717488;3501;MARIA GORETTI STRAVINI;GORETTI STRAVINI;PR;PMB;Partido da Mulher Brasileira;NÃO ELEITO;121;0.0;11443208;0.0;0.0
160001717482;3525;CIRO NOVAIS FERNANDES;CIRO NOVAES;PR;PMB;Partido da Mulher Brasileira;NÃO ELEITO;346;0.0;11443208;0.0;0.0
160001717471;3510;RENATO DA SILVA CLEMENTINO;RENATO CARDOZO;PR;PMB;Partido da Mulher Brasileira;NÃO ELEITO;282;2199.6;11443208;7.8;0.00019221882535037376
160001717493;3500;JOEL ROZA RIBAS;JOEL RIBAS;PR;PMB;Partido da Mulher Brasileira;NÃO ELEITO;521;3700.0;11443208;7.1017274472168905;0.000323335903708121
160001717483;3535;JONES DARC DE JESUS;NEGRÃO SORRISO;PR;PMB;Partido da Mulher Brasileira;NÃO ELEITO;2039;5000.0;11443208;2.4521824423737124;0.00043694041041637973
160001717491;3528;GEONISIO CESAR MARINHO;GEONISIO MARINHO;PR;PMB;Partido da Mulher Brasileira;NÃO ELEITO;801;4099.23;11443208;5.117640449438202;0.00035822384771822723
160001717494;3565;REGINALDO APARECIDO ANANIAS;REGINALDO ANANIAS;PR;PMB;Partido da Mulher Brasileira;NÃO ELEITO;205;0.0;11443208;0.0;0.0
160001717497;3519;JOSÉ MISSIONEIRO;CANTOR INDIO PANH;PR;PMB;Partido da Mulher Brasileira;NÃO ELEITO;121;500.0;11443208;4.132231404958677;4.3694041041637976e-05
160001717499;3504;NEUZA MARIA RODRIGUES ANTUNES;NEUZZA ANTUNES;PR;PMB;Partido da Mulher Brasileira;NÃO ELEITO;279;7200.0;11443208;25.806451612903224;0.0006291941909995868
160001717475;3591;ARI APARECIDO DOS SANTOS;ARI SANTOS;PR;PMB;Partido da Mulher Brasileira;NÃO ELEITO;215;1700.0;11443208;7.906976744186046;0.0001485597395415691
260001724646;1800;WERDEN TAVARES PINHEIRO;WERDEN;SE;REDE;Rede Sustentabilidade;NÃO ELEITO;543;102332.75;2209558;188.45810313075506;0.0463136744996058
190001603399;5550;SERGIO ALBERTO SOARES;SERGIO SOARES;RJ;PSD;Partido Social Democrático;NÃO ELEITO;3891;65788.6;16054524;16.907890002570035;0.004097823143183816
190001603435;5541;JORGE HENRIQUE DA COSTA NUNES;DEDINHO;RJ;PSD;Partido Social Democrático;NÃO ELEITO;1873;10000.0;16054524;5.339028296849973;0.0006228773895756735
190001603410;5564;RACHID ELMOR;RACHID;RJ;PSD;Partido Social Democrático;NÃO ELEITO;1839;18415.85;16054524;10.01405655247417;0.0011470816574817165
30001607331;2098;MARCO ANTONIO DE LIMA NUNES;MARCO NUNES;AP;PSC;Partido Social Cristão;NÃO ELEITO;1370;0.0;733508;0.0;0.0
30001607337;2080;PEDRO DOS SANTOS MARTINS;PEDRO DALUA;AP;PSC;Partido Social Cristão;NÃO ELEITO;6601;1411396.2;733508;213.81551280109073;1.9241728788234074
30001607332;2030;ESTER FARIAS DA SILVA;DRA ESTER;AP;PSC;Partido Social Cristão;NÃO ELEITO;481;16647.9;733508;34.611018711018716;0.022696275977903448
30001607330;2070;FRANCISCO ROZIVALDO RIBEIRO DE OLIVEIRA;NENÉM DO FRANGO;AP;PSC;Partido Social Cristão;NÃO ELEITO;2186;16652.0;733508;7.617566331198536;0.022701865555658562
30001607334;2011;ROBERTO SOARES DA SILVA;BETO SILVA OUROMINAS;AP;PSC;Partido Social Cristão;NÃO ELEITO;81;16624.0;733508;205.23456790123456;0.022663692829526058
30001607336;2020;MARIA IVONEIDE OLIVEIRA CHAGAS;IVONE CHAGAS;AP;PSC;Partido Social Cristão;NÃO ELEITO;3846;1014992.0;733508;263.90847633905355;1.3837504158100524
30001607333;2022;JOSÉ ROBERTO DA SILVA BRITO;ROBERTO BRITO;AP;PSC;Partido Social Cristão;NÃO ELEITO;31;0.0;733508;0.0;0.0
30001607335;2090;GILSON PEREIRA LIMA;MAJOR GILSON;AP;PSC;Partido Social Cristão;NÃO ELEITO;1210;33316.0;733508;27.53388429752066;0.045420090851088196
30001607338;2077;SILVANA MARIA PALHETA PIRES COELHO;SILVANA PALHETA;AP;PSC;Partido Social Cristão;NÃO ELEITO;13;16676.0;733508;1282.7692307692307;0.022734585035200705
130001713863;3508;LEILA MARIA DOS SANTOS;LEILA PIMENTA;MG;PMB;Partido da Mulher Brasileira;NÃO ELEITO;105;0.0;20538718;0.0;0.0
130001713861;3522;ANDRE LUIZ DE SOUZA;ANDRE SOUZA;MG;PMB;Partido da Mulher Brasileira;NÃO ELEITO;243;0.0;20538718;0.0;0.0
130001713864;3590;IVO RODRIGUES DA PAZ;SARGENTO IVO DA PAZ;MG;PMB;Partido da Mulher Brasileira;NÃO ELEITO;78;900.0;20538718;11.538461538461538;4.381967754754703e-05
130001713866;3577;JOSE CARLOS JOAQUIM DA SILVA;RAÇA CABELELHEIRO;MG;PMB;Partido da Mulher Brasileira;NÃO ELEITO;67;0.0;20538718;0.0;0.0
130001713859;3510;ADELANE BARBOSA SILVA;DRA ADELANE BARBOSA;MG;PMB;Partido da Mulher Brasileira;NÃO ELEITO;226;0.0;20538718;0.0;0.0
250001643713;1280;AMÉRICO ALEXANDRE CIANFARANI XAVIER;XAVIER;SP;PDT;Partido Democrático Trabalhista;NÃO ELEITO;974;9971.95;44420459;10.238141683778235;0.00022449002609360703
250001643711;1201;ERICK JOSÉ ELOI DO NASCIMENTO;ENFERMEIRO ERICK ELOI;SP;PDT;Partido Democrático Trabalhista;NÃO ELEITO;1979;40850.0;44420459;20.641738251642245;0.0009196212943229606
250001643736;1208;VANESSA ARAUJO;VANESSA ARAUJO PROTETORA;SP;PDT;Partido Democrático Trabalhista;NÃO ELEITO;2285;10000.0;44420459;4.3763676148796495;0.0002251214918783257
250001643737;1222;WESLEY LEONARDO CEZAR;WESLEY CEZAR (LELINHO);SP;PDT;Partido Democrático Trabalhista;NÃO ELEITO;41054;105310.14;44420459;2.565161494616846;0.002370757582671534
250001643739;1277;MARCO ANTÔNIO FACCAS;FACCAS;SP;PDT;Partido Democrático Trabalhista;NÃO ELEITO;594;20000.0;44420459;33.67003367003367;0.0004502429837566514
250001643744;1215;GERALDO JERÔNIMO GONÇALVES;GERALDO J GONÇALVES;SP;PDT;Partido Democrático Trabalhista;NÃO ELEITO;462;20065.829999999998;44420459;43.43253246753246;0.00045172495853768637
250001643727;1299;RAFAEL ANTONIO DE SOUZA;RAFAEL PUTOVISKY;SP;PDT;Partido Democrático Trabalhista;NÃO ELEITO;977;20252.989999999998;44420459;20.729774820880245;0.00045593833237968115
250001643748;1266;JORGE AUGUSTO FIGO PESSOA;JORJÃO DO BARRETOS;SP;PDT;Partido Democrático Trabalhista;NÃO ELEITO;817;20000.0;44420459;24.479804161566708;0.0004502429837566514
250001643752;1209;LUCINEIA FERREIRA SANTOS COSTA;NEIA COSTA;SP;PDT;Partido Democrático Trabalhista;NÃO ELEITO;1503;35053.0;44420459;23.32202262142382;0.000789118365481095
250001643750;1221;LINCOLN PEREIRA FERNANDES;LINCOLN FERNANDES;SP;PDT;Partido Democrático Trabalhista;NÃO ELEITO;7701;301000.0;44420459;39.08583300870017;0.006776156905537603
250001643732;1250;ABNER JOAS TOFANELLI;ABNER TOFANELLI;SP;PDT;Partido Democrático Trabalhista;NÃO ELEITO;13215;152885.0;44420459;11.569050321604237;0.0034417699285817826
250001643726;1213;PEDRO MAURÍCIO PEREIRA;PEDRINHO DO GÁS;SP;PDT;Partido Democrático Trabalhista;NÃO ELEITO;1957;10000.0;44420459;5.109862033725089;0.0002251214918783257
250001643720;1233;HEITOR ALVES;HEITOR ALVES;SP;PDT;Partido Democrático Trabalhista;NÃO ELEITO;6192;114452.0;44420459;18.483850129198967;0.0025765604988458135
250001643730;1254;ANDRÉ LUIS DE MORAES;ANDRÉ GAETTA;SP;PDT;Partido Democrático Trabalhista;NÃO ELEITO;1055;14814.9;44420459;14.042559241706162;0.00033351523900282073
250001643740;1200;ANTONIO FERNANDES DOS SANTOS NETO;ANTONIO NETO;SP;PDT;Partido Democrático Trabalhista;NÃO ELEITO;24721;1345871.08;44420459;54.442420614052836;0.030298450540549346
250001643734;1202;SEBASTIAO FARIAS PAIVA;PAIVA FARIAS;SP;PDT;Partido Democrático Trabalhista;NÃO ELEITO;569;20000.0;44420459;35.1493848857645;0.0004502429837566514
130001713459;2929;FELIPE CAVALLARO STANCIOLI;FELIPE CAVALLARO;MG;PCO;Partido da Causa Operária;NÃO ELEITO;103;0.0;20538718;0.0;0.0
130001713457;2900;ALESSANDRA BARBOSA DOS SANTOS;ALESSANDRA BARBOSA;MG;PCO;Partido da Causa Operária;NÃO ELEITO;197;0.0;20538718;0.0;0.0
130001713458;2999;ILMA FRANCISCA DA SILVA;ILMA FRANCISCA DA SILVA;MG;PCO;Partido da Causa Operária;NÃO ELEITO;63;0.0;20538718;0.0;0.0
250001643743;1272;DEJAIR DIAS DA SILVA;MESTRE DEJAIR CANIBAL;SP;PDT;Partido Democrático Trabalhista;NÃO ELEITO;566;19811.65;44420459;35.00291519434629;0.00044600282045712317
250001643715;1224;CLAUDIA KEITI DA COSTA;CLAUDINHA DA LAN HOUSE;SP;PDT;Partido Democrático Trabalhista;NÃO ELEITO;432;70000.0;44420459;162.03703703703704;0.00157585044314828
250001643729;1234;WILSON CALDEIRA PAIVA;WILSON PAIVA;SP;PDT;Partido Democrático Trabalhista;NÃO ELEITO;29713;736826.76;44420459;24.79812741897486;0.016587553946707304
250001643751;1212;MARIA GIOVANA LUCHIARI PISONI DUARTE FORTUNATO;MARIA GIOVANA;SP;PDT;Partido Democrático Trabalhista;NÃO ELEITO;32932;1774737.83;44420459;53.890982327219724;0.03995316279825024
250001643725;1255;MÔNICA DE OLIVEIRA LOURENÇO VELOSO;MÔNICA VELOSO;SP;PDT;Partido Democrático Trabalhista;NÃO ELEITO;11546;410175.27999999997;44420459;35.525314394595526;0.009233927096520997
250001643738;1211;FÁBIO SILVA MOREIRA;FÁBIO MOREIRA;SP;PDT;Partido Democrático Trabalhista;NÃO ELEITO;1051;94982.12;44420459;90.37309229305423;0.0021382516556166156
250001643754;1227;MÁRIO ALVES DA SILVA FILHO;CORONEL MARIO FILHO;SP;PDT;Partido Democrático Trabalhista;NÃO ELEITO;1563;61031.0;44420459;39.04734484964811;0.0013739389770826096
250001643735;1238;SOLANGE ELIZABETH DOS SANTOS DORTA;SOLANGE PSICOLOGA;SP;PDT;Partido Democrático Trabalhista;NÃO ELEITO;653;4900.0;44420459;7.503828483920367;0.0001103095310203796
250001643718;1232;DIMITRI SEAN RIBEIRO CARNEIRO;DIMITRI SEAN;SP;PDT;Partido Democrático Trabalhista;NÃO ELEITO;6626;109000.0;44420459;16.45034711741624;0.00245382426147375
250001643757;1297;GLAUCE KELLY DOS SANTOS ADÃO LIMA;GLAUCE LIMA;SP;PDT;Partido Democrático Trabalhista;NÃO ELEITO;109;49811.75;44420459;456.98853211009174;0.001121369547307019
250001643723;1275;MARIA JOAQUINA DOS SANTOS;MARIA JOAQUINA;SP;PDT;Partido Democrático Trabalhista;NÃO ELEITO;5874;100000.0;44420459;17.024174327545115;0.002251214918783257
250001643716;1290;CLOVES ALVES DOS SANTOS;CLOVES ALVES CAMELO;SP;PDT;Partido Democrático Trabalhista;NÃO ELEITO;389;10859.35;44420459;27.916066838046273;0.0002444673072828896
250001643724;1269;MARTA DIAS FELIX;MARTA DIAS;SP;PDT;Partido Democrático Trabalhista;NÃO ELEITO;313;9986.41;44420459;31.905463258785943;0.00022481555177086306
250001643719;1270;ELZA ALVES DE CARVALHO;ELZA ALVES;SP;PDT;Partido Democrático Trabalhista;NÃO ELEITO;863;5000.0;44420459;5.793742757821553;0.00011256074593916285
250001643731;1281;LUIZ FELIPE DIAS;LUIZ FELIPE;SP;PDT;Partido Democrático Trabalhista;NÃO ELEITO;78;0.0;44420459;0.0;0.0
250001643714;1230;ANTONIO MARIO DE PAULA FERREIRA IELO;IELO;SP;PDT;Partido Democrático Trabalhista;NÃO ELEITO;5796;79877.0;44420459;13.781400966183575;0.0017982029406765022
250001643721;1236;LINDINALVA DO CARMO LIMA;NALVA LIMA;SP;PDT;Partido Democrático Trabalhista;NÃO ELEITO;2327;50000.0;44420459;21.486892995272882;0.0011256074593916285
250001643749;1244;LEANDRO CSEIMAN DOURADO;LEANDRO DOURADO;SP;PDT;Partido Democrático Trabalhista;NÃO ELEITO;12573;367542.08;44420459;29.232647737214666;0.008274162137766295
250001643722;1276;LUCIANO MOURA DA SILVA;LUCIANO MOURA;SP;PDT;Partido Democrático Trabalhista;NÃO ELEITO;203;19922.0;44420459;98.13793103448276;0.00044848703612000045
250001643728;1223;RUTE APARECIDA LEITE RIPARI;RUTE RIPARI;SP;PDT;Partido Democrático Trabalhista;NÃO ELEITO;1523;11028.9;44420459;7.24156270518713;0.00024828424217768663
250001643753;1207;MARIA REGINA MENDES FERREIRA;REGINA FERREIRA;SP;PDT;Partido Democrático Trabalhista;NÃO ELEITO;184;30000.0;44420459;163.04347826086956;0.0006753644756349772
250001643747;1231;GUSTAVO MARTINS PICCOLO;GUSTAVO PICCOLO;SP;PDT;Partido Democrático Trabalhista;NÃO ELEITO;8084;50000.0;44420459;6.185056902523503;0.0011256074593916285
250001643742;1219;DANIEL MONTEIRO COSTA;DANIEL MUNDURUKU;SP;PDT;Partido Democrático Trabalhista;NÃO ELEITO;9492;140194.24;44420459;14.769726085124315;0.0031560736461548043
250001730274;1240;ANA CLÁUDIA FERREIRA DE PAIVA;ANA PAIVA;SP;PDT;Partido Democrático Trabalhista;NÃO ELEITO;1051;33000.0;44420459;31.398667935299713;0.0007429009231984748
250001643745;1251;GILSON DE SOUZA CARVALHO;GILSON DO SINDICATO;SP;PDT;Partido Democrático Trabalhista;NÃO ELEITO;1055;20000.0;44420459;18.95734597156398;0.0004502429837566514
250001643746;1220;GILVANDRO JOSÉ ALVES DE OLIVEIRA FILHO;GILVANDRO;SP;PDT;Partido Democrático Trabalhista;NÃO ELEITO;1032;19429.82;44420459;18.82734496124031;0.000437407006532733
250001643712;1288;ADRIANO CESAR DA SILVEIRA ZAMBELLI;ADRIANO SOPÓ;SP;PDT;Partido Democrático Trabalhista;NÃO ELEITO;3130;99886.5;44420459;31.912619808306708;0.002248659789850438
250001643733;1204;CLEBER MACARIO DE MACEDO;MACARIO;SP;PDT;Partido Democrático Trabalhista;NÃO ELEITO;678;39105.01;44420459;57.677005899705016;0.0008803378191116846
250001643717;1245;DIJAIR DE JESUS ALMEIDA;DIJAIR;SP;PDT;Partido Democrático Trabalhista;NÃO ELEITO;1847;20000.0;44420459;10.828370330265296;0.0004502429837566514
160001716268;2929;DIOGO TADAO HARA FURTADO;DIOGO TADAO FURTADO;PR;PCO;Partido da Causa Operária;NÃO ELEITO;192;0.0;11443208;0.0;0.0
120001672598;7040;ROSALINO FERNANDES;TAINO;MS;AVANTE;AVANTE;NÃO ELEITO;1902;200000.0;2756700;105.15247108307045;0.07255051329488156
120001672599;7007;ROSANGELA QUINTANA ALFONSO GONZAGA;ROSANGELA DO PROCEVE;MS;AVANTE;AVANTE;NÃO ELEITO;278;99461.0;2756700;357.77338129496405;0.036079733014111076
120001672600;7077;NIVALDO RODRIGUES DOS SANTOS;SARGENTO R. SANTOS;MS;AVANTE;AVANTE;NÃO ELEITO;389;53000.0;2756700;136.24678663239075;0.019225886023143613
120001672602;7000;SERGIO FERNANDO RAIMUNDO HARFOUCHE;PROMOTOR HARFOUCHE;MS;AVANTE;AVANTE;NÃO ELEITO;17946;549561.75;2756700;30.623077566031426;0.19935493524866688
120001672603;7044;DÉBORA SILVA SOARES MONTANIA;DÉBORA MONTANIA;MS;AVANTE;AVANTE;NÃO ELEITO;308;99528.33;2756700;323.1439285714286;0.0361041571444118
120001672604;7022;GLEISON SILVA DE ABREU;MAMUTH;MS;AVANTE;AVANTE;NÃO ELEITO;693;49811.0;2756700;71.87734487734488;0.01806906808865673
120001672597;7070;FLODOALDO MORENO JUNIOR;PROFESSOR FLODOALDO;MS;AVANTE;AVANTE;NÃO ELEITO;1051;50000.0;2756700;47.57373929590866;0.01813762832372039
120001672601;7038;JOSEANE GARCIA DE SOUZA BOABAID;JOSEANE GARCIA;MS;AVANTE;AVANTE;NÃO ELEITO;872;103045.0;2756700;118.17087155963303;0.037379838212355354
250001611231;1577;JORGE LUIS LEPINSK;PEPO LEPINSK;SP;MDB;Movimento Democrático Brasileiro;NÃO ELEITO;8092;303676.35;44420459;37.52797207118141;0.006836407296016459
270001676172;4000;RAFAEL GARCIA SILVA;RAFAEL GARCIA;TO;PSB;Partido Socialista Brasileiro;NÃO ELEITO;1255;271706.49;1511459;216.4991952191235;0.17976437997987374
270001676167;4001;GLEYDSON RANYERE ALVES BARBOSA;RANYERE;TO;PSB;Partido Socialista Brasileiro;NÃO ELEITO;142;0.0;1511459;0.0;0.0
270001676169;4010;GERSON ALVES DE SOUSA;GERSON ALVES;TO;PSB;Partido Socialista Brasileiro;NÃO ELEITO;2115;250000.0;1511459;118.2033096926714;0.1654030972722383
270001676170;4077;ALINE MARIA MOURA DE OLIVEIRA;ALINE MARIA;TO;PSB;Partido Socialista Brasileiro;NÃO ELEITO;1100;300288.04;1511459;272.9891272727273;0.1986742875592391
270001676173;4041;MÁRLON JACINTO REIS;MÁRLON REIS;TO;PSB;Partido Socialista Brasileiro;NÃO ELEITO;4474;551167.95;1511459;123.19355163164953;0.3646595441887606
270001727608;4022;CARLOS GEAN FERREIRA LIMA;SARGENTO GEAN;TO;PSB;Partido Socialista Brasileiro;NÃO ELEITO;1094;214879.32;1511459;196.41619744058502;0.14216682027100966
270001676168;4013;AMANDA SOBREIRA LIMA DE SOUSA;AMANDA SOBREIRA;TO;PSB;Partido Socialista Brasileiro;NÃO ELEITO;1063;580000.0;1511459;545.6255879586078;0.3837351856715928
270001676174;4080;THAMIRES ROSA COSTA LIMA;THAMIRES DO COLETIVO SOMOS;TO;PSB;Partido Socialista Brasileiro;NÃO ELEITO;2530;300512.9;1511459;118.7798023715415;0.1988230577210497
160001622614;1288;DORIAN LUIZ PASQUALOTTO;DORIAN PASQUALOTO;PR;PDT;Partido Democrático Trabalhista;NÃO ELEITO;816;20000.0;11443208;24.50980392156863;0.001747761641665519
160001622621;1230;SILENE FARIA SANTOS;PEDAGOGA SILENE;PR;PDT;Partido Democrático Trabalhista;NÃO ELEITO;721;59981.04;11443208;83.19145631067961;0.005241628046960258
160001622611;1214;ANTONIO DJALMA BRAGA JUNIOR;PROFESSOR DJALMA;PR;PDT;Partido Democrático Trabalhista;NÃO ELEITO;917;23980.0;11443208;26.1504907306434;0.0020955662083569572
160001622620;1211;SILENE BEZERRA DE OLIVEIRA MARTINS;SILENE DE OLIVEIRA;PR;PDT;Partido Democrático Trabalhista;NÃO ELEITO;558;29917.27;11443208;53.61517921146954;0.002614412846467529
160001622606;1234;GUSTAVO BONATO FRUET;GUSTAVO FRUET;PR;PDT;Partido Democrático Trabalhista;NÃO ELEITO;47565;1449293.78;11443208;30.46975254914328;0.12665100380942126
160001622610;1202;MAURICIO DALBARAN DE CASTRO RIBAS;MAURICIO RIBAS;PR;PDT;Partido Democrático Trabalhista;NÃO ELEITO;260;85833.15;11443208;330.1275;0.007500794357666136
160001622602;1243;FELIPE MANOEL ALVES SILVA;FELIPE MANOEL;PR;PDT;Partido Democrático Trabalhista;NÃO ELEITO;735;41207.4;11443208;56.06448979591837;0.0036010356536383854
160001622619;1203;ROSA MELNIK KOZECHEN;ROSA KOZECHEN;PR;PDT;Partido Democrático Trabalhista;NÃO ELEITO;445;20000.0;11443208;44.943820224719104;0.001747761641665519
160001622623;1255;ANTÔNIO JOSÉ DE ALMEIDA SOBRINHO;ALMEIDA SOBRINHO;PR;PDT;Partido Democrático Trabalhista;NÃO ELEITO;481;20003.239999999998;11443208;41.58677754677754;0.0017480447790514685
160001622627;1292;NEIDE NEVES FURTUOZO;NEIDE NEVES;PR;PDT;Partido Democrático Trabalhista;NÃO ELEITO;118;29959.63;11443208;253.89516949152542;0.002618114605624577
160001622600;1235;EVONIR RODRIGUES DE SOUZA;EVONIR SOUZA;PR;PDT;Partido Democrático Trabalhista;NÃO ELEITO;980;19955.79;11443208;20.363051020408165;0.0017438982145566175
160001622622;1299;AMANDA GALLEGO DONDA;AMANDA GAIA;PR;PDT;Partido Democrático Trabalhista;NÃO ELEITO;1279;49997.33;11443208;39.0909538702111;0.004369170777984635
160001622625;1207;BRUNO LUIZ CAMARGO DE DEUS;BRUNO CAMARGO;PR;PDT;Partido Democrático Trabalhista;NÃO ELEITO;915;119958.6;11443208;131.1022950819672;0.010482951983394866
160001622624;1223;BÁRBARA VIEIRA SABINO DOS SANTOS;BÁRBARA VIEIRA;PR;PDT;Partido Democrático Trabalhista;NÃO ELEITO;576;30000.0;11443208;52.083333333333336;0.0026216424624982784
160001622603;1213;FLÁVIO VILMAR DA SILVA;DOUTOR FLÁVIO;PR;PDT;Partido Democrático Trabalhista;NÃO ELEITO;1027;15890.22;11443208;15.472463485881207;0.001388615849681313
160001622607;1233;JOSÉ GIULIANGELI DE CASTRO;ZEZINHO FISIOTERAPEUTA;PR;PDT;Partido Democrático Trabalhista;NÃO ELEITO;3253;73776.68000000001;11443208;22.6795819243775;0.006447202567671583
160001622598;1277;ELAINE CRISTINA FARIA MARINS;ELAINE MARINS;PR;PDT;Partido Democrático Trabalhista;NÃO ELEITO;821;62990.62;11443208;76.72426309378807;0.005504629471036444
160001622613;1290;DEMERSON OLISKOVICZ;TREIS PIÃO;PR;PDT;Partido Democrático Trabalhista;NÃO ELEITO;287;30000.0;11443208;104.52961672473867;0.0026216424624982784
160001622599;1244;EUCLIDES GARCIA DOS SANTOS;GARCIA DO PARANA;PR;PDT;Partido Democrático Trabalhista;NÃO ELEITO;498;19944.57;11443208;40.04933734939759;0.001742917720275643
160001622608;1272;JOSÉ PAULO NOVAES;DOUTOR PAULO NOVAES;PR;PDT;Partido Democrático Trabalhista;NÃO ELEITO;207;0.0;11443208;0.0;0.0
160001622612;1242;DANIEL VITOR RAMBO DE OLIVEIRA;DANIEL COLETIVO REINVENTAR;PR;PDT;Partido Democrático Trabalhista;NÃO ELEITO;491;35881.53;11443208;73.07847250509165;0.003135618088913528
160001622615;1221;EDIMARA ALESSANDRA DA SILVA;EDIMARA ALESSANDRA;PR;PDT;Partido Democrático Trabalhista;NÃO ELEITO;541;50000.0;11443208;92.42144177449168;0.004369404104163798
160001622616;1212;NELTON MIGUEL FRIEDRICH;NELTON FRIEDRICH;PR;PDT;Partido Democrático Trabalhista;NÃO ELEITO;5173;634866.29;11443208;122.72690701720472;0.05547974746242488
160001622626;1205;CARINE ROSSANE PIASSETTA XAVIER;CARINE PIASSETTA;PR;PDT;Partido Democrático Trabalhista;NÃO ELEITO;588;55000.0;11443208;93.5374149659864;0.004806344514580177
160001622609;1208;MARCO ANTÔNIO ABUJAMRA;MARCOS ABUJAMRA;PR;PDT;Partido Democrático Trabalhista;NÃO ELEITO;154;19999.98;11443208;129.87;0.0017477598939038773
160001622618;1222;ROGERIO GALLINA;ROGÉRIO GALLINA;PR;PDT;Partido Democrático Trabalhista;NÃO ELEITO;4719;106200.9;11443208;22.50495867768595;0.00928069296651778
160001622601;1236;FABIANO RIBEIRO OLIVEIRA;FABIANO JAMANTA;PR;PDT;Partido Democrático Trabalhista;NÃO ELEITO;656;19996.69;11443208;30.48275914634146;0.0017474723871138231
160001622604;1201;GEOVANE SANTOS DA SILVA;PROFESSOR GEOVANE;PR;PDT;Partido Democrático Trabalhista;NÃO ELEITO;582;50102.29;11443208;86.0864089347079;0.004378343031080096
160001622605;1210;GRASIELY TEIXEIRA DE MELLO TAKANO;PROFESSORA GRASY TAKANO;PR;PDT;Partido Democrático Trabalhista;NÃO ELEITO;2116;39806.44;11443208;18.812117202268432;0.003478608446162999
160001622617;1200;RENATA BORGES BRANCO;RENATA BORGES;PR;PDT;Partido Democrático Trabalhista;NÃO ELEITO;2764;199187.34;11443208;72.06488422575977;0.017406599617869393
230001611097;5123;AVENIR ANGELO ROSA FILHO;AVENIR ROSA;RR;PATRIOTA;Patriota;NÃO ELEITO;27;26994.0;636303;999.7777777777778;0.04242318518064507
230001611096;5151;REIJANE CARVALHO SOUZA ABREU;REIJANE CARVALHO;RR;PATRIOTA;Patriota;NÃO ELEITO;370;98501.3;636303;266.21972972972975;0.154802507610368
230001611104;5125;WANNY KIARA DA SILVA OLIVEIRA;KIARA SILVA;RR;PATRIOTA;Patriota;NÃO ELEITO;4;2000.0;636303;500.0;0.0031431566407827717
230001611099;5120;EDILBERTO SOARES PINTO;PASTOR EDILBERTO PINTO;RR;PATRIOTA;Patriota;NÃO ELEITO;29;27000.0;636303;931.0344827586207;0.04243261465056742
230001611102;5100;RAIMUNDO NONATO CARVALHO GUIMARAES;NATO;RR;PATRIOTA;Patriota;NÃO ELEITO;128;27000.0;636303;210.9375;0.04243261465056742
230001611098;5107;DEIARLA DE OLIVEIRA LACERDA;LACERDA;RR;PATRIOTA;Patriota;NÃO ELEITO;87;27000.0;636303;310.3448275862069;0.04243261465056742
230001611100;5112;JOELMA DA SILVA VIANA;PASTORA JOELMA PAMPOLHA;RR;PATRIOTA;Patriota;NÃO ELEITO;25;2000.0;636303;80.0;0.0031431566407827717
180001601235;1912;KLEITON HOLANDA PEREIRA;KLEITON HOLANDA;PI;PODE;Podemos;NÃO ELEITO;1685;120000.0;3269200;71.21661721068249;0.03670622782332069
180001601232;1922;ANA LINA NERES DA SILVA PINTO;ANA LINA;PI;PODE;Podemos;NÃO ELEITO;517;44985.57;3269200;87.0127079303675;0.013760421509849505
180001601233;1900;CARLA CLÉIA ALVES DA SILVA;CARLA CLÉIA;PI;PODE;Podemos;NÃO ELEITO;682;115241.96;3269200;168.97648093841644;0.03525081365471675
180001601234;1988;EGÍDIO ISMAEL DE OLIVEIRA;EGÍDIO ISMAEL;PI;PODE;Podemos;NÃO ELEITO;177;33000.0;3269200;186.4406779661017;0.010094212651413189
180001601238;1933;MÁRCIA SANDRA RÊGO DE SOUSA;SUBTENENTE MÁRCIA SANDRA;PI;PODE;Podemos;NÃO ELEITO;617;99923.77;3269200;161.95100486223663;0.030565205554875814
180001601237;1999;RAISSA ROXANE LIMA FIRMEZA ROCHA;RAÍSSA PROTETORA;PI;PODE;Podemos;NÃO ELEITO;5711;128000.0;3269200;22.4128874102609;0.039153309678208736
180001604034;1950;ANTONIO FRANCISCO SILVA NASCIMENTO;SARGENTO F. SILVA;PI;PODE;Podemos;NÃO ELEITO;377;70000.0;3269200;185.6763925729443;0.0214119662302704
180001601236;1919;CAROLINA DE MELLO TAVARES SILVA CUNHA;CAROLINA SILVA;PI;PODE;Podemos;NÃO ELEITO;748;115000.0;3269200;153.7433155080214;0.03517680166401566
180001734011;1944;FÁBIO DE MELO SÉRVIO;FÁBIO SÉRVIO;PI;PODE;Podemos;NÃO ELEITO;1496;259856.3;3269200;173.70073529411764;0.07948620457604307
270001612031;6555;LETICIA BRITO DE OLIVEIRA SUARTE;LETHYCIA SUARTTE;TO;PC do B;Partido Comunista do Brasil;NÃO ELEITO;822;293948.5;1511459;357.60158150851584;0.19447996935411413
270001728073;6500;ANTÔNIO AIRES COSTA;TÔIN DE XICA ;TO;PC do B;Partido Comunista do Brasil;NÃO ELEITO;498;59976.0;1511459;120.43373493975903;0.03968086464799905
270001612030;4343;ELIANE CECILIA TOCHTROP;ELIANE AMBIENTALISTA;TO;PV;Partido Verde;NÃO ELEITO;518;10531.93;1511459;20.331911196911197;0.0069680553690176185
270001612029;4366;LEONAM XAVIER GOMES;PROFESSOR LEONAM;TO;PV;Partido Verde;NÃO ELEITO;323;49548.7;1511459;153.40154798761608;0.03278203378325181
270001612032;1314;MARIA VANIR ILIDIO;MARIA VANIR;TO;PT;Partido dos Trabalhadores;NÃO ELEITO;1869;410176.26;1511459;219.46295345104335;0.2713776953261716
270001612027;1300;LAENA REINALDO MEDEIROS BRITO LIMA;LAENA BRITO;TO;PT;Partido dos Trabalhadores;NÃO ELEITO;2346;203992.12;1511459;86.95316283034953;0.1349637138685204
270001612026;1333;CÉLIO ALVES DE MOURA;CÉLIO MOURA;TO;PT;Partido dos Trabalhadores;NÃO ELEITO;36186;1805172.1;1511459;49.885925496048195;1.1943242257977227
270001612034;1313;JOSÉ ROBERTO RIBEIRO FORZANI;ZÉ ROBERTO LULA;TO;PT;Partido dos Trabalhadores;NÃO ELEITO;20316;1023424.99;1511459;50.37531945264816;0.6771106526872379
270001612028;1325;ZENIS DE AQUINO DIAS;ZÊNIS DE AQUINO;TO;PT;Partido dos Trabalhadores;NÃO ELEITO;432;136712.1;1511459;316.46319444444447;0.09045041909836787
100001689784;7776;MAYARA CRYSTINA REGO DA SILVA;MAYARA REGO;MA;SOLIDARIEDADE;Solidariedade;NÃO ELEITO;174;0.0;6775152;0.0;0.0
100001689791;7755;DEIDIMAR PEREIRA DE SOUSA;MARCOS PEREIRA;MA;SOLIDARIEDADE;Solidariedade;NÃO ELEITO;79;0.0;6775152;0.0;0.0
100001689787;7733;FRANKLIN MAGNO SILVA PACHECO;FRANKLIN PACHECO;MA;SOLIDARIEDADE;Solidariedade;NÃO ELEITO;330;0.0;6775152;0.0;0.0
100001689786;7700;RAIMUNDO LAVIER SANTOS DA SILVA;LAVIER SANTOS;MA;SOLIDARIEDADE;Solidariedade;NÃO ELEITO;451;0.0;6775152;0.0;0.0
100001689783;7723;ANA MARIA ALMEIDA COSTA;ANA MARIA DO SÁ VIANA;MA;SOLIDARIEDADE;Solidariedade;NÃO ELEITO;52;0.0;6775152;0.0;0.0
100001689782;7777;SAULO GIOVANI MENDONCA;SAULO MENDOÇA COLETIVO SIM;MA;SOLIDARIEDADE;Solidariedade;NÃO ELEITO;635;1200.0;6775152;1.889763779527559;0.00017711779750476448
100001689789;7789;VANESSA RODRIGUES LIMA;VANESSA LIMA;MA;SOLIDARIEDADE;Solidariedade;NÃO ELEITO;57;0.0;6775152;0.0;0.0
100001689788;7780;JOSIVALDO CARVALHO;JOSIVALDO JK;MA;SOLIDARIEDADE;Solidariedade;NÃO ELEITO;59;0.0;6775152;0.0;0.0
260001691558;3322;ADIEL BENICIO SALES;DR ADIEL SALES;SE;PMN;Partido da Mobilização Nacional;NÃO ELEITO;405;10000.0;2209558;24.691358024691358;0.004525792036235301
260001691560;3309;DURVALTECIO BONFIM SILVA SANTOS;CORONEL BONFIM;SE;PMN;Partido da Mobilização Nacional;NÃO ELEITO;129;10000.0;2209558;77.51937984496124;0.004525792036235301
260001691565;3344;SANDRA MARIA DOS SANTOS;SANDRA LIMA;SE;PMN;Partido da Mobilização Nacional;NÃO ELEITO;82;16000.0;2209558;195.1219512195122;0.007241267257976482
260001691563;3330;JACQUELINE GONCALVES DE ALMEIDA;KELINE GONÇALVES;SE;PMN;Partido da Mobilização Nacional;NÃO ELEITO;35;0.0;2209558;0.0;0.0
260001691562;3300;ILDEVAN CESAR CARDOSO SANTOS;PROFESSOR PIMPIM;SE;PMN;Partido da Mobilização Nacional;NÃO ELEITO;278;10000.0;2209558;35.97122302158273;0.004525792036235301
260001691566;3310;JOSE RICARDO SILVA;RICARDO DO SANTA MARIA;SE;PMN;Partido da Mobilização Nacional;NÃO ELEITO;1706;29996.0;2209558;17.582649472450175;0.01357556579189141
260001691561;3333;GILSON SECUNDO DE SOUZA;SARGENTO SECUNDO;SE;PMN;Partido da Mobilização Nacional;NÃO ELEITO;896;10000.0;2209558;11.160714285714286;0.004525792036235301
260001691564;3350;SANDRA ROSA RIBEIRO;SANDRA ROSA;SE;PMN;Partido da Mobilização Nacional;NÃO ELEITO;78;16000.0;2209558;205.12820512820514;0.007241267257976482
40001643939;7713;KEYLLA MARIA DE OLIVEIRA MARINHO;KEYLLA MARINHO;AM;SOLIDARIEDADE;Solidariedade;NÃO ELEITO;748;49958.0;3941175;66.78877005347593;0.01267591517758029
40001643940;7707;ROSENILDO QUEIROZ DA SILVA;BABALU;AM;SOLIDARIEDADE;Solidariedade;NÃO ELEITO;3431;50000.0;3941175;14.57301078402798;0.01268657189797459
40001643938;7700;APPIO DA SILVA TOLENTINO;APPIO TOLENTINO;AM;SOLIDARIEDADE;Solidariedade;NÃO ELEITO;527;25980.0;3941175;49.297912713472485;0.006591942758187596
40001643934;7788;CLEIA FATIMA ASSUNÇÃO REBELO;POLICIAL CLEIA;AM;SOLIDARIEDADE;Solidariedade;NÃO ELEITO;274;41000.0;3941175;149.63503649635035;0.010402988956339163
40001643937;7789;JOÃO FRANCISCO DE MIRANDA SOARES;JOÃOZINHO MIRANDA;AM;SOLIDARIEDADE;Solidariedade;NÃO ELEITO;1574;39977.45;3941175;25.398634053367214;0.010143535874453683
140001677538;3522;MARIA LÚCIA MENESES DOS SANTOS;LÚCIA MENEZES;PA;PMB;Partido da Mulher Brasileira;NÃO ELEITO;121;0.0;8116132;0.0;0.0
140001677532;3511;LINDABEL CRISTINA SANTOS CAVALCANTE;LINDABEL CAVALCANTE;PA;PMB;Partido da Mulher Brasileira;NÃO ELEITO;42;1250.0;8116132;29.761904761904763;0.00015401425210925598
140001677539;3555;VERA LÚCIA DA COSTA FERREIRA;PASTORA VERA;PA;PMB;Partido da Mulher Brasileira;NÃO ELEITO;370;0.0;8116132;0.0;0.0
140001677534;3577;WELTON SIDNEY GUIMARAES DE OLIVEIRA;WELTON PIMENTA NELES;PA;PMB;Partido da Mulher Brasileira;NÃO ELEITO;60;0.0;8116132;0.0;0.0
140001677540;3534;ASSAD ELIAS DA COSTA SCAFF;ASSAD SCAFF;PA;PMB;Partido da Mulher Brasileira;NÃO ELEITO;99;0.0;8116132;0.0;0.0
140001677536;3535;ANTONIONE CARVALHO DA CINTRA;CINTRA;PA;PMB;Partido da Mulher Brasileira;NÃO ELEITO;148;0.0;8116132;0.0;0.0
140001677533;3507;ADRIANA DOS SANTOS CORDEIRO;ADRIANA CORDEIRO;PA;PMB;Partido da Mulher Brasileira;NÃO ELEITO;228;0.0;8116132;0.0;0.0
140001677535;3500;PAULO DE SOUSA BASTOS;CORONEL PAULO BASTOS;PA;PMB;Partido da Mulher Brasileira;NÃO ELEITO;228;9990.0;8116132;43.81578947368421;0.0012308819028571739
250001724348;7018;FABIO BLANES;FABIO MONGE;SP;AVANTE;AVANTE;NÃO ELEITO;2888;220.0;44420459;0.07617728531855955;4.9526728213231655e-06
250001622087;7033;JOSE SILVA MIGUEL JUNIOR;ZÉ MIGUEL;SP;AVANTE;AVANTE;NÃO ELEITO;3753;471076.17;44420459;125.51989608313349;0.010604937017872778
90001675421;2121;ARTHUR RAMOS DA CONCEIÇÃO;ARTHUR RAMOS;GO;PCB;Partido Comunista Brasileiro;NÃO ELEITO;959;11.0;7055228;0.011470281543274244;1.5591275009113808e-06
90001675420;2100;ANDRIELE FERREIRA QUALHATO;ANDRIELE  QUALHATO;GO;PCB;Partido Comunista Brasileiro;NÃO ELEITO;444;0.0;7055228;0.0;0.0
90001724155;1980;SÉRGIO EDUARDO CARDOSO;SÉRGIO CARDOSO;GO;PODE;Podemos;NÃO ELEITO;85;0.0;7055228;0.0;0.0
90001610803;1940;LAÉRCIO DOS SANTOS;CORONEL LAERCIO;GO;PODE;Podemos;NÃO ELEITO;1612;75000.0;7055228;46.526054590570716;0.010630414778941234
90001610801;1910;PAULO RODRIGO DE OLIVEIRA MARTINS;PAULO PEDRINHA;GO;PODE;Podemos;NÃO ELEITO;139;8015.0;7055228;57.66187050359712;0.0011360369927095198
90001604150;1988;NELSON D APARECIDA MEIRELES;NELSON MEIRELES;GO;PODE;Podemos;NÃO ELEITO;14;0.0;7055228;0.0;0.0
90001610802;1900;EDUARDO PEREIRA DE SOUSA;EDUARDINHO;GO;PODE;Podemos;NÃO ELEITO;1139;10000.0;7055228;8.779631255487269;0.0014173886371921644
90001675694;1919;BRENO LEITE SANTOS;DOUTOR BRENO LEITE;GO;PODE;Podemos;NÃO ELEITO;9157;505314.02999999997;7055228;55.18336027083105;0.07162263643357805
90001604147;1944;YURI BEN HUR DA ROCHA TEJOTA;YURI TEJOTA;GO;PODE;Podemos;NÃO ELEITO;2664;949909.8200000001;7055228;356.5727552552553;0.13463913852252543
90001604149;1955;IVONE MARTINS GUIMARÃES DA SILVA;PRA IVONE MARTINS;GO;PODE;Podemos;NÃO ELEITO;379;19982.66;7055228;52.724696569920845;0.0028323195224874377
90001736034;1903;JUNIO DIAS DE ABREU;JÚNIOR BARATA;GO;PODE;Podemos;NÃO ELEITO;304;54400.0;7055228;178.94736842105263;0.007710594186325375
90001604153;1977;WANDER FABIO DAVID SEVERINO;WANDER DAVID;GO;PODE;Podemos;NÃO ELEITO;1058;50000.0;7055228;47.25897920604915;0.007086943185960822
90001604151;1999;PATRÍCIA SOARES DA SILVA;PROFESSORA PATRÍCIA SOARES;GO;PODE;Podemos;NÃO ELEITO;629;35658.53;7055228;56.690826709062;0.005054199524097591
90001604154;1901;WELLINGTON JOSÉ REIS;CORONEL WELLINGTON;GO;PODE;Podemos;NÃO ELEITO;707;10000.0;7055228;14.144271570014144;0.0014173886371921644
90001604145;1920;DARIA CRISTINA SATHLER GARCIA;DARIA CRISTINA;GO;PODE;Podemos;NÃO ELEITO;1379;69850.0;7055228;50.65264684554025;0.009900459630787268
90001604148;1933;PATRICIA MORTARI DE ALENCAR;PATRICIA ALENCAR;GO;PODE;Podemos;NÃO ELEITO;201;21043.9;7055228;104.69601990049752;0.0029827384742208193
90001724154;1907;DIVINA BATISTA DE CASTRO;DIVINA CASTRO;GO;PODE;Podemos;NÃO ELEITO;35;2500.0;7055228;71.42857142857143;0.0003543471592980411
180001712963;2999;ANTONIA MARLY SOARES DE MOURA;ANTONIA MARLY SOARES DE MOURA;PI;PCO;Partido da Causa Operária;NÃO ELEITO;54;0.0;3269200;0.0;0.0
240001620997;5188;GILIARDI DORN;DR. GILIARDI DORN;SC;PATRIOTA;Patriota;NÃO ELEITO;302;33000.0;7609601;109.27152317880795;0.004336626848109382
240001620986;5177;MARIA TERESINHA DE AGUIAR COSTA SCAINI;MARIA TERESA SCAINI;SC;PATRIOTA;Patriota;NÃO ELEITO;1131;17059.0;7609601;15.083112290008842;0.002241773254602968
240001620987;5115;MICHELLE SCHWANKE;ARQUITETA MICHELLE SCHWANKE;SC;PATRIOTA;Patriota;NÃO ELEITO;978;114449.0;7609601;117.02351738241309;0.015040078973917292
240001620995;5151;SAULO PINTO SABATINI;DR. SABATINI;SC;PATRIOTA;Patriota;NÃO ELEITO;5169;130000.0;7609601;25.14993228864384;0.01708368152285514
60001692742;3389;JOSÉ SUDERLAN DE CASTRO LIMA;SUDERLAN CASTRO;CE;PMN;Partido da Mobilização Nacional;NÃO ELEITO;140;30000.0;8791688;214.28571428571428;0.0034123139947641453
60001692744;3333;VICENCIA LEANDRO PINHEIRO;VICENCIA LEANDRO;CE;PMN;Partido da Mobilização Nacional;NÃO ELEITO;1112;150000.0;8791688;134.89208633093526;0.017061569973820728
60001692736;3300;ALANA MARIA VITORINO ROCHA;ALANA ROCHA;CE;PMN;Partido da Mobilização Nacional;NÃO ELEITO;1438;199768.35;8791688;138.920966620306;0.022722411213864733
240001620984;5100;FERNANDO ARGILAR BEILFUSS;FERNANDO BEILFUSS;SC;PATRIOTA;Patriota;NÃO ELEITO;7128;30000.0;7609601;4.2087542087542085;0.003942388043735801
240001620989;5145;ESILDE BORGES;ESILDE BORGES;SC;PATRIOTA;Patriota;NÃO ELEITO;311;22958.489999999998;7609601;73.82151125401928;0.003017042549274265
240001620996;5102;ERIELBER VIEIRA DE SA;HELBER SÁ;SC;PATRIOTA;Patriota;NÃO ELEITO;23757;99000.0;7609601;4.167192827377194;0.013009880544328145
240001620982;5155;ADRIANO JUNKES;ADRIANO PATRIOTA;SC;PATRIOTA;Patriota;NÃO ELEITO;1956;74787.75;7609601;38.23504601226994;0.009828077713930074
240001620994;5144;MARCIO REIS;BAMBU REIS;SC;PATRIOTA;Patriota;NÃO ELEITO;596;17000.0;7609601;28.523489932885905;0.0022340198914502876
240001620998;5123;ALCIDES ALVES DE ANDRADE NETO;ALCIDES ANDRADE;SC;PATRIOTA;Patriota;NÃO ELEITO;5575;192735.16;7609601;34.57132914798206;0.025327893013050225
240001620990;5162;FABIO ALEXANDRE DALONSO;FABIO DALONSO;SC;PATRIOTA;Patriota;NÃO ELEITO;6150;206274.47;7609601;33.54056422764228;0.027107133475197977
240001620991;5122;ARLENE TERESINHA FERRARI GRAF;ARLENE GRAF;SC;PATRIOTA;Patriota;NÃO ELEITO;6341;151993.48;7609601;23.969954265888664;0.019973909275926557
240001620988;5107;PATRICK PIERRE DAUER;PATRICK DAUER;SC;PATRIOTA;Patriota;NÃO ELEITO;3801;72011.7;7609601;18.94546172059984;0.00946326883630298
240001620992;5180;ANDREIA DOS SANTOS;ANDREIA SANTOS;SC;PATRIOTA;Patriota;NÃO ELEITO;241;159022.0;7609601;659.8423236514523;0.020897547716365154
240001620993;5193;JOSÉ DE SOUZA;ZECA BOMBEIRO;SC;PATRIOTA;Patriota;NÃO ELEITO;6514;82500.0;7609601;12.665029167945962;0.010841567120273454
240001620983;5111;FABIANE BELARMINO;FABIANE BELARMINO;SC;PATRIOTA;Patriota;NÃO ELEITO;471;20000.0;7609601;42.46284501061571;0.0026282586958238678
60001692740;3323;EVANDRO DA SILVA PONTES;EVANDRO PONTES;CE;PMN;Partido da Mobilização Nacional;NÃO ELEITO;1728;599016.35;8791688;346.65298032407406;0.06813439580658458
60001692741;3378;JOÃO PAULO LOPES DOS SANTOS;JOÃO PAULO LOPES;CE;PMN;Partido da Mobilização Nacional;NÃO ELEITO;1202;29959.0;8791688;24.924292845257902;0.0034076504989713013
60001692738;3380;AURELIO JOSÉ JARDIM JERÔNIMO;AURÉLIO BOM JARDIM;CE;PMN;Partido da Mobilização Nacional;NÃO ELEITO;383;0.0;8791688;0.0;0.0
60001692739;3303;DANIELE PEREIRA DO NASCIMENTO FORTES CASTELO BRANCO;DANIELE CASTELO BRANCO;CE;PMN;Partido da Mobilização Nacional;NÃO ELEITO;549;251500.0;8791688;458.1056466302368;0.028606565656106087
60001692743;3310;MAXWELLMA FRANCO VIEIRA;MAXWELLMA;CE;PMN;Partido da Mobilização Nacional;NÃO ELEITO;633;49925.0;8791688;78.87045813586099;0.005678659206286666
140001601474;2017;KELITA DA COSTA OLIVEIRA;KELITA OLIVEIRA;PA;PSC;Partido Social Cristão;NÃO ELEITO;799;50000.0;8116132;62.57822277847309;0.00616057008437024
140001601476;2040;MELQUISEDEC NEGRÃO CORREA JUNIOR;MELQUI NEGRÃO;PA;PSC;Partido Social Cristão;NÃO ELEITO;611;20020.0;8116132;32.765957446808514;0.002466692261781844
140001601473;2022;WELLINGTON DE SOUZA GALDINO;WELLINGTON GALDINO;PA;PSC;Partido Social Cristão;NÃO ELEITO;15111;107681.09;8116132;7.126006882403547;0.013267538034127587
140001731336;2016;JOÃO AGRIPINO DA CRUZ;AGRIPINO;PA;PSC;Partido Social Cristão;NÃO ELEITO;713;14000.0;8116132;19.635343618513325;0.0017249596236236671
140001601475;2044;MATEUS FERRAZ SOUZA;MATEUS FERRAZ;PA;PSC;Partido Social Cristão;NÃO ELEITO;868;0.0;8116132;0.0;0.0
140001601486;2020;JULIA MARIA GODINHO DA CRUZ MARINHO;JULIA MARINHO;PA;PSC;Partido Social Cristão;NÃO ELEITO;34489;999978.6;8116132;28.994131462205342;0.12320876496340867
140001601479;2055;SEBASTIANA MARIA MELUL DE OLIVEIRA;TIANA MELUL;PA;PSC;Partido Social Cristão;NÃO ELEITO;432;35000.0;8116132;81.01851851851852;0.004312399059059168
140001601483;2030;JAVIER MARCELO CAHUANA VILLEGAS;JAVIER VILLEGAS;PA;PSC;Partido Social Cristão;NÃO ELEITO;335;18050.0;8116132;53.88059701492537;0.0022239658004576564
140001731335;2015;ADILENA DE SOUSA REBELO FELIX;ADILENA FELIX;PA;PSC;Partido Social Cristão;NÃO ELEITO;247;10000.0;8116132;40.48582995951417;0.0012321140168740478
140001731337;2045;ERIC  ALEXANDRE MADONADO CUNHA;ALEXANDRE MADONADO;PA;PSC;Partido Social Cristão;NÃO ELEITO;140;10000.0;8116132;71.42857142857143;0.0012321140168740478
140001601477;2010;RAYDSON BENTES DOS SANTOS;DR. RAYDSON;PA;PSC;Partido Social Cristão;NÃO ELEITO;3363;25440.0;8116132;7.564674397859054;0.003134498058927578
140001601484;2007;JOÃO BERNARDES DOS SANTOS;JOAO BERNARDES;PA;PSC;Partido Social Cristão;NÃO ELEITO;195;11560.0;8116132;59.282051282051285;0.0014243238035063993
140001601482;2011;IRANILDE MOTA OLIVEIRA RUSSO;IRANILDE RUSSO;PA;PSC;Partido Social Cristão;NÃO ELEITO;1411;112630.0;8116132;79.82282069454288;0.0138773001720524
140001601480;2021;ANTONIO CAVALCANTE DA SILVA FILHO;ANTONIO FILHO;PA;PSC;Partido Social Cristão;NÃO ELEITO;568;10000.0;8116132;17.6056338028169;0.0012321140168740478
140001601485;2012;JOÃO PANTOJA DE LIMA;ENG JOÃO LEVI;PA;PSC;Partido Social Cristão;NÃO ELEITO;1400;35000.0;8116132;25.0;0.004312399059059168
140001601478;2033;TELMO LIMA MARINHO;TELMO MARINHO;PA;PSC;Partido Social Cristão;NÃO ELEITO;327;19966.0;8116132;61.05810397553517;0.002460038846090724
140001621096;2050;WALDIRENE DA COSTA OLIVEIRA;WALLOLIVER;PA;PSC;Partido Social Cristão;NÃO ELEITO;497;10000.0;8116132;20.120724346076457;0.0012321140168740478
140001601481;2000;GABRIEL DA SILVA MODESTO;GABRIEL MODESTO;PA;PSC;Partido Social Cristão;NÃO ELEITO;3700;50033.0;8116132;13.522432432432433;0.006164636060625924
60001608894;4488;MOSES HAENDEL MELO RODRIGUES;MOSES RODRIGUES;CE;UNIÃO;UNIÃO BRASIL;ELEITO POR QP;113294;2802249.78;8791688;24.734317616113827;0.3187385380372916
60001608882;4477;FERNANDA ENEIDA PESSOA CARACAS DE SOUZA;FERNANDA PESSOA;CE;UNIÃO;UNIÃO BRASIL;ELEITO POR QP;121469;2831672.63;8791688;23.311895463039953;0.32208520479798647
50001619869;1010;MARCIO CARLOS MARINHO;MARCIO MARINHO;BA;REPUBLICANOS;REPUBLICANOS;ELEITO POR QP;118904;1137335.99;14136417;9.565161727107583;0.08045433223991624
50001619864;1023;ALEX MARCO SANTANA SOUSA;ALEX SANTANA;BA;REPUBLICANOS;REPUBLICANOS;ELEITO POR QP;106940;1693956.5;14136417;15.840251542921264;0.11982926791138093
20001610335;4343;LUCIANO SURUAGY DO AMARAL FILHO;LUCIANO AMARAL;AL;PV;Partido Verde;ELEITO POR QP;101508;301524.02;3127511;2.9704458761870987;0.09641021886094087
50001619926;7779;LIBIA GONDIM MATOS CARVALHO;LIBIA GM;BA;SOLIDARIEDADE;Solidariedade;NÃO ELEITO;208;35000.0;14136417;168.26923076923077;0.002475874898144275
50001619927;7763;ADRIANA GOMES MARTINS RENA;ADRIANA COLETIVO ENFERMAGEM;BA;SOLIDARIEDADE;Solidariedade;NÃO ELEITO;10095;49942.45;14136417;4.947246161466072;0.00353289309448073
50001619928;7721;AGNALDO DA CONCEIÇÃO DA SILVA;GUIBA DOS PHOCS;BA;SOLIDARIEDADE;Solidariedade;NÃO ELEITO;1376;22580.65;14136417;16.410356104651164;0.0015973389862509008
50001619929;7777;ALIPIO ALVES DE OLIVEIRA JUNIOR;ALIPINHO DA DOCE MEL;BA;SOLIDARIEDADE;Solidariedade;NÃO ELEITO;42455;983000.0;14136417;23.153927688140385;0.06953671499645207
50001619931;7778;ANDREA DANTAS DE ARAUJO;ANDREA ARAUJO;BA;SOLIDARIEDADE;Solidariedade;NÃO ELEITO;1184;100000.0;14136417;84.45945945945945;0.0070739282804122144
50001619934;7730;CARMINO SANTOS DE JESUS;DIVINO DA TERRA;BA;SOLIDARIEDADE;Solidariedade;NÃO ELEITO;657;45000.0;14136417;68.4931506849315;0.0031832677261854968
50001619935;7707;CARLA NAIARA DE JESUS ROCHA;CARLA ROCHA;BA;SOLIDARIEDADE;Solidariedade;NÃO ELEITO;2896;64460.03;14136417;22.258297651933702;0.004559856291732198
50001619937;7715;ESMERALDINO CORREIA SANTOS;ESMERALDINO CORREIA;BA;SOLIDARIEDADE;Solidariedade;NÃO ELEITO;3077;58745.85;14136417;19.0919239519012;0.004155639296718539
50001619941;7710;JOSE NEPOMUCENO DA SILVA NETO;NETTO DEZ;BA;SOLIDARIEDADE;Solidariedade;NÃO ELEITO;8230;350019.2;14136417;42.52967193195626;0.02476010717567259
50001619943;7712;MARCIO LIMA DE OLIVEIRA;BISPO MARCIO;BA;SOLIDARIEDADE;Solidariedade;NÃO ELEITO;6521;169885.1;14136417;26.052001226805707;0.012017550133106573
50001619945;7799;ELIETE DOURADO DAMIAO;LIU DOURADO;BA;SOLIDARIEDADE;Solidariedade;NÃO ELEITO;83;20000.0;14136417;240.96385542168676;0.001414785656082443
50001619925;7703;VERANILTON DA SILVA OLIVEIRA;NILTON DIVISÓRIAS;BA;SOLIDARIEDADE;Solidariedade;NÃO ELEITO;403;55000.0;14136417;136.47642679900744;0.003890660554226718
50001619930;7789;ANACLECIA FERREIRA DE SOUZA SILVA;CLÉCIA FRENTE AMPLA;BA;SOLIDARIEDADE;Solidariedade;NÃO ELEITO;2617;179880.0;14136417;68.73519296904853;0.012724582190805491
50001619912;7700;FABIO CORREIA DE SOUZA;FABINHO SHOW;BA;SOLIDARIEDADE;Solidariedade;NÃO ELEITO;2674;170000.0;14136417;63.575168287210175;0.012025678076700765
50001619916;7788;IDEVAL KLEBER ANDRADE NOVAIS;IDEVAL KLEBER;BA;SOLIDARIEDADE;Solidariedade;NÃO ELEITO;934;65999.95;14136417;70.66375802997858;0.004668789128107921
50001619918;7767;PRISCILA SOARES DA SILVA;PRISCILA SOARES;BA;SOLIDARIEDADE;Solidariedade;NÃO ELEITO;500;71383.93;14136417;142.76785999999998;0.005049648011939659
50001619920;7714;JADSON AMARO CRISPIM DA SILVA;JADSON AMARO;BA;SOLIDARIEDADE;Solidariedade;NÃO ELEITO;129;20002.9;14136417;155.06124031007752;0.0014149908000025751
50001619921;7790;LUCIANO PEREIRA DE LIMA;LUCIANO LIMA;BA;SOLIDARIEDADE;Solidariedade;NÃO ELEITO;1248;20000.0;14136417;16.025641025641026;0.001414785656082443
50001619923;7780;MARCUS VINICIUS GUEDES AMBROZIO;MARCUS GUEDES;BA;SOLIDARIEDADE;Solidariedade;NÃO ELEITO;971;40000.0;14136417;41.19464469618949;0.002829571312164886
50001619924;7766;ROGERIO GOMES DOS SANTOS;PIRATA NELES;BA;SOLIDARIEDADE;Solidariedade;NÃO ELEITO;91;20000.0;14136417;219.78021978021977;0.001414785656082443
50001619936;7737;CLAUDIO ANTONIO SANTOS SANTIAGO;CLAUDIO SANTIAGO;BA;SOLIDARIEDADE;Solidariedade;NÃO ELEITO;634;20000.0;14136417;31.545741324921135;0.001414785656082443
50001619942;7720;JOSE HUGO DA SILVA;PASTOR HUGO;BA;SOLIDARIEDADE;Solidariedade;NÃO ELEITO;245;40000.01;14136417;163.2653469387755;0.002829572019557714
50001619922;7755;MARCOS PIRES GUEDES;MARCOS GUEDES DA ONG;BA;SOLIDARIEDADE;Solidariedade;NÃO ELEITO;725;40000.0;14136417;55.172413793103445;0.002829571312164886
50001619913;7733;EVANILDA GONCALVES DE OLIVEIRA;EVINHA OLIVEIRA;BA;SOLIDARIEDADE;Solidariedade;NÃO ELEITO;8764;340000.0;14136417;38.795070743952536;0.02405135615340153
50001619940;7708;JOSE GENILTON DE OLIVEIRA;GENILTON;BA;SOLIDARIEDADE;Solidariedade;NÃO ELEITO;822;20000.0;14136417;24.330900243309003;0.001414785656082443
50001619944;7744;LARISSA GUIMARAES LIBERATO DE MATTOS;LIBERATO;BA;SOLIDARIEDADE;Solidariedade;NÃO ELEITO;1545;80000.0;14136417;51.77993527508091;0.005659142624329772
50001619932;7711;ANARALINA MACHADO CUNHA;DRA ANARALINA MACHADO;BA;SOLIDARIEDADE;Solidariedade;NÃO ELEITO;204;50000.0;14136417;245.09803921568627;0.0035369641402061072
50001619939;7722;SUITIBERTO RIOS DA SILVA;SUITI RIOS;BA;SOLIDARIEDADE;Solidariedade;NÃO ELEITO;1913;49999.0;14136417;26.136434918975432;0.0035368934009233034
50001619919;7771;WANGLES GLICERIO SANTOS;GUINHO DA CONTEM;BA;SOLIDARIEDADE;Solidariedade;NÃO ELEITO;1367;73600.0;14136417;53.84052670080468;0.00520641121438339
50001619917;7773;IVAN CEZAR GUSMAO DE OLIVEIRA;IVAN GUSMÃO;BA;SOLIDARIEDADE;Solidariedade;NÃO ELEITO;325;120086.5;14136417;369.49692307692305;0.008494832884457215
50001619914;7745;FRANCISCO EDINALDO MENDES DA SILVA;PASTOR ARY MENDES;BA;SOLIDARIEDADE;Solidariedade;NÃO ELEITO;745;35000.0;14136417;46.97986577181208;0.002475874898144275
50001619915;7713;GIOVANNA DE SOUZA CHRISPIM;NEGRITUDE;BA;SOLIDARIEDADE;Solidariedade;NÃO ELEITO;157;20000.0;14136417;127.38853503184713;0.001414785656082443
50001619933;7770;ARMANDO SOARES DA CRUZ FILHO;MEU BOM;BA;SOLIDARIEDADE;Solidariedade;NÃO ELEITO;959;60448.8;14136417;63.03315954118874;0.004276104758369819
180001643069;2331;SÂMIA CRISTINA PEREIRA DA SILVA;SÂMIA CRISTINA;PI;CIDADANIA;Cidadania;NÃO ELEITO;1187;20325.53;3269200;17.123445661331086;0.006217279456747828
180001643073;2321;TERESINHA DA CONCEIÇÃO CARVALHO PERES;TERESINHA CARVALHO;PI;CIDADANIA;Cidadania;NÃO ELEITO;154;2458.4;3269200;15.963636363636365;0.0007519882540070966
180001643068;2333;ADELMAR FERREIRA DE SOUSA;ADELMAZIN DA SAÚDE;PI;CIDADANIA;Cidadania;NÃO ELEITO;634;15000.0;3269200;23.65930599369085;0.004588278477915086
180001643074;2310;LÍVIA OLIVEIRA MACHADO;LÍVIA OLIVEIRA;PI;CIDADANIA;Cidadania;NÃO ELEITO;455;10000.0;3269200;21.978021978021978;0.0030588523186100575
180001643075;2311;ANTÔNIO FRANCISCO GOMES DE CASTRO;CHICO PANÇA;PI;CIDADANIA;Cidadania;NÃO ELEITO;967;15000.0;3269200;15.511892450879007;0.004588278477915086
180001643070;2345;CLEITON IBIAPINA;DR CLEITON IBIAPINA;PI;CIDADANIA;Cidadania;NÃO ELEITO;472;14936.0;3269200;31.64406779661017;0.004568701823075982
180001643067;2323;MARCOS DANILSON ARAÚJO DA SILVA;MARCOS DANILSON;PI;CIDADANIA;Cidadania;NÃO ELEITO;286;13835.0;3269200;48.37412587412587;0.0042319221827970144
180001643072;2300;JOSÉ WILSON MARTINS;JOSÉ WILSON;PI;CIDADANIA;Cidadania;NÃO ELEITO;1121;14545.599999999999;3269200;12.975557537912577;0.004449284228557445
180001643071;2322;BRUNO OLIVEIRA DA SILVA;BRUNO OLIVEIRA;PI;CIDADANIA;Cidadania;NÃO ELEITO;290;15000.0;3269200;51.724137931034484;0.004588278477915086
50001600582;1888;MARCOS ANTONIO COSTA LEMOS;MARCOS LEMOS;BA;REDE;Rede Sustentabilidade;NÃO ELEITO;1087;67913.0;14136417;62.47746090156394;0.004804116913076348
50001600588;1805;ALAN XAVIER LINO;ALAN XAVIER;BA;REDE;Rede Sustentabilidade;NÃO ELEITO;211;16951.66;14136417;80.33962085308058;0.0011991482707393252
50001600589;1850;SILVIA NASCIMENTO CARDOSO DOS SANTOS CERQUEIRA;DRA SILVIA;BA;REDE;Rede Sustentabilidade;NÃO ELEITO;975;130416.25;14136417;133.7602564102564;0.009225551991003096
50001600577;1818;LÁZARO JERÔNIMO FERREIRA;LAZZO MATUMBI;BA;REDE;Rede Sustentabilidade;NÃO ELEITO;4061;108179.47;14136417;26.638628416646146;0.007652538121930048
50001600550;1844;KALINY VIANA LOYOLA DE ANDRADE;KALL VIANA;BA;REDE;Rede Sustentabilidade;NÃO ELEITO;115;9999.9;14136417;86.95565217391304;0.0007073857541129411
50001600576;1813;ANDERSON DE ARAÚJO PEREIRA;KINHA DE KIPÁ;BA;REDE;Rede Sustentabilidade;NÃO ELEITO;215;0.0;14136417;0.0;0.0
50001600575;1833;THIAGO ROCHA DA SILVA;THIAGO BEM ESTAR;BA;REDE;Rede Sustentabilidade;NÃO ELEITO;328;31250.0;14136417;95.27439024390245;0.002210602587628817
50001600578;1899;VANÉLIO FREITAS DE OLIVEIRA;VANÉLIO OLIVEIRA;BA;REDE;Rede Sustentabilidade;NÃO ELEITO;141;30000.0;14136417;212.7659574468085;0.0021221784841236645
50001600581;1823;LAÍS OLIVEIRA SOARES;LAÍS SOARES;BA;REDE;Rede Sustentabilidade;NÃO ELEITO;191;30000.0;14136417;157.06806282722513;0.0021221784841236645
50001600585;1810;AIRTON PEREIRA PINTO;DR AIRTON PINTO;BA;REDE;Rede Sustentabilidade;NÃO ELEITO;1966;34700.0;14136417;17.6500508646999;0.0024546531133030386
50001600551;1817;JESSICA TALITA GARCIA PIRES;JESSICA PIRES;BA;REDE;Rede Sustentabilidade;NÃO ELEITO;192;30000.0;14136417;156.25;0.0021221784841236645
50001600579;1800;CLÉSSIO RIBEIRO SOARES;CLÉSSIO SOARES;BA;REDE;Rede Sustentabilidade;NÃO ELEITO;375;59872.85;14136417;159.66093333333333;0.004235362468438785
50001600557;1808;ADRIANO LUCAS DEIRO DE CARVALHO MELO;ADRIANO DEIRÓ;BA;REDE;Rede Sustentabilidade;NÃO ELEITO;218;101831.0;14136417;467.11467889908255;0.007203451907226563
270001675989;1444;ALEX SEIKI KAWANO;ALEX KAWANO;TO;PTB;Partido Trabalhista Brasileiro;NÃO ELEITO;1564;228245.66;1511459;145.93712276214833;0.15101015641178492
270001675997;1463;LILIANE BEZERRA DE SOUSA;LILI BEZERRA JUNTAS POR TOCANT;TO;PTB;Partido Trabalhista Brasileiro;NÃO ELEITO;642;259939.5;1511459;404.89018691588785;0.17197919361358793
270001675991;1488;FRANCISCO MENDES BRAGA;GALEGO;TO;PTB;Partido Trabalhista Brasileiro;NÃO ELEITO;334;118081.3;1511459;353.5368263473054;0.0781240509997294
270001675993;1414;DIOGO FERNANDES COSTA VALDEVINO;DIOGO FERNANDES;TO;PTB;Partido Trabalhista Brasileiro;NÃO ELEITO;7765;931646.2;1511459;119.98019317450095;0.6163886681676446
270001675996;1411;WELITON PEREIRA DE SOUSA;SARGENTO WELITON;TO;PTB;Partido Trabalhista Brasileiro;NÃO ELEITO;3150;229780.25;1511459;72.94611111111111;0.15202546016795693
270001675990;1422;FARLEI MEYER;FARLEI FEDERAL;TO;PTB;Partido Trabalhista Brasileiro;NÃO ELEITO;4197;250316.97;1511459;59.64187991422445;0.1656128085512078
270001675994;1438;FERNANDA MORAES SILVA;FERNANDA MORAES;TO;PTB;Partido Trabalhista Brasileiro;NÃO ELEITO;578;259994.51;1511459;449.817491349481;0.1720155889111117
270001675992;1424;MARISTELA FELIPE OLIVEIRA;ESTELA COLETIVO ESTELAS;TO;PTB;Partido Trabalhista Brasileiro;NÃO ELEITO;591;259953.24;1511459;439.85319796954315;0.171988284167814
270001675995;1400;MILTON NERIS DE SANTANA;MILTON NERIS;TO;PTB;Partido Trabalhista Brasileiro;NÃO ELEITO;7422;424871.17;1511459;57.24483562382107;0.28110002983871873
50001600554;5018;CAROLINE DE ARAÚJO LIMA;CAROL LIMA;BA;PSOL;Partido Socialismo e Liberdade;NÃO ELEITO;3343;59013.54;14136417;17.652868680825605;0.004174575495332375
50001600571;5060;MARCOS ANTÔNIO GUIMARÃES MENDES;MARCOS MENDES;BA;PSOL;Partido Socialismo e Liberdade;NÃO ELEITO;5482;58993.979999999996;14136417;10.76139730025538;0.004173191834960725
50001600586;5000;MÁRIO DINIZ XAVIER DE OLIVEIRA;MÁRIO DINIZ;BA;PSOL;Partido Socialismo e Liberdade;NÃO ELEITO;1904;85541.03;14136417;44.92701155462185;0.006051111112525897
50001600552;5050;ALAM KARDECSOM DIAS DA SILVA;DR. ALAN KARDECSON;BA;PSOL;Partido Socialismo e Liberdade;NÃO ELEITO;1304;12200.0;14136417;9.355828220858896;0.0008630192502102902
50001600570;5007;MÁRCIA DA ROCHA PITTA;MÁRCIA PITTA MULHERES UBUNTU;BA;PSOL;Partido Socialismo e Liberdade;NÃO ELEITO;1287;47991.13;14136417;37.2891452991453;0.0033948581171593904
50001600555;5040;CHRISTIANO PABLO ALVES NEIVA;PROF CHRISTIANO;BA;PSOL;Partido Socialismo e Liberdade;NÃO ELEITO;407;25824.6;14136417;63.45110565110565;0.0018268136827033327
50001600558;5033;EDNILSON NEVES DE OLIVEIRA;DENIS DO PSOL;BA;PSOL;Partido Socialismo e Liberdade;NÃO ELEITO;271;25574.25;14136417;94.369926199262;0.0018091041032533208
50001600562;5006;JAILTON NUNES DA SILVA;POPÓ HORA DE AVANÇAR;BA;PSOL;Partido Socialismo e Liberdade;NÃO ELEITO;267;25511.0;14136417;95.54681647940075;0.0018046298436159602
50001600564;5055;JOSÉ SERGIO LAGO LACERDA;SÉRGIO COLETIVA POPULAR;BA;PSOL;Partido Socialismo e Liberdade;NÃO ELEITO;731;10935.77;14136417;14.960013679890562;0.0007735885267108349
50001600565;5013;LAINA CRISÓSTOMO SOUZA DE QUEIROZ;LAINA CRISÓSTOMO;BA;PSOL;Partido Socialismo e Liberdade;NÃO ELEITO;6778;187090.47;14136417;27.60260696370611;0.01323464566728613
50001600567;5070;LAZARO FIGUEIREDO DOS SANTOS;LAZARO FIGUEIREDO;BA;PSOL;Partido Socialismo e Liberdade;NÃO ELEITO;971;12420.3;14136417;12.791246138002059;0.0008786031142120383
50001600568;5088;RUY PENALVA GUIMARÃES NETO;RUY PENALVA;BA;PSOL;Partido Socialismo e Liberdade;NÃO ELEITO;381;26003.98;14136417;68.25191601049869;0.0018395028952527361
50001600569;5015;LEIDE SILVA SOUZA;LEIDINHA SOUZA;BA;PSOL;Partido Socialismo e Liberdade;NÃO ELEITO;1048;28009.89;14136417;26.726994274809158;0.001981399530022353
50001600573;5020;RAIMUNDO MOISÉS DA SILVA CALIXTO;RAIMUNDO CALIXTO;BA;PSOL;Partido Socialismo e Liberdade;NÃO ELEITO;862;44074.74;14136417;51.130788863109046;0.0031178154973781546
50001600574;5010;SINEVAL CALMON SANTOS;SINE CALMON;BA;PSOL;Partido Socialismo e Liberdade;NÃO ELEITO;3251;25331.36;14136417;7.791867117809905;0.0017919222388530277
50001600587;5011;TELMA REGINA ARAÚJO NONATO;TELMINHA ELA POR ELAS;BA;PSOL;Partido Socialismo e Liberdade;NÃO ELEITO;549;15619.61;14136417;28.451020036429874;0.0011049200090800944
50001600583;5003;DANILO SANTANA DE SOUZA;DANILO SANTANA COLETIVO RAÍZES;BA;PSOL;Partido Socialismo e Liberdade;NÃO ELEITO;1959;75421.0;14136417;38.49974476773864;0.005335227448369696
50001600563;5080;JORGE DA CRUZ VIEIRA;JORGE X;BA;PSOL;Partido Socialismo e Liberdade;NÃO ELEITO;1169;31422.260000000002;14136417;26.87960650128315;0.0022227881364846555
50001600559;5077;EDVANIA SANTOS MOURA;VÂNIA SANTOS;BA;PSOL;Partido Socialismo e Liberdade;NÃO ELEITO;356;47966.0;14136417;134.73595505617976;0.0033930804389825228
50001600553;5099;ANTÔNIO PIMENTEL PEREIRA;PIMENTEL;BA;PSOL;Partido Socialismo e Liberdade;NÃO ELEITO;751;16510.0;14136417;21.984021304926763;0.0011679055590960567
170001595473;1010;SILVIO SERAFIM COSTA FILHO;SILVIO COSTA FILHO;PE;REPUBLICANOS;REPUBLICANOS;ELEITO POR QP;162056;2656548.63;9058155;16.392781692748184;0.2932770117093381
170001595454;1000;AUGUSTO RODRIGUES COUTINHO DE MELO;AUGUSTO COUTINHO;PE;REPUBLICANOS;REPUBLICANOS;ELEITO POR QP;101142;1922403.65;9058155;19.006976824662356;0.21222905216349244
200001620348;1212;AILA MARIA RAMALHO CORTEZ DE OLIVEIRA;AILA  CORTEZ PEREIRA;RN;PDT;Partido Democrático Trabalhista;NÃO ELEITO;2343;299898.81;3302729;127.99778489116517;0.09080333566574793
200001620342;1234;MANOEL MILANO SOARES MAXIMO;DR MILANO MÁXIMO;RN;PDT;Partido Democrático Trabalhista;NÃO ELEITO;6405;33657.0;3302729;5.25480093676815;0.010190663539152016
200001620344;1288;ROCHELLY ELEONORA SILVA DE BARROS;ROCHELLY POTIGUAR;RN;PDT;Partido Democrático Trabalhista;NÃO ELEITO;359;22330.95;3302729;62.20320334261839;0.0067613631030581075
200001620350;1200;SERGIO MENEZES FERINO;SERGIO MENEZES;RN;PDT;Partido Democrático Trabalhista;NÃO ELEITO;587;42192.0;3302729;71.87734241908007;0.012774890098461
200001648692;1214;PHOANA RODRIGUES BRITO CAMPELO;PHOANA BRITO ;RN;PDT;Partido Democrático Trabalhista;NÃO ELEITO;132;19999.95;3302729;151.51477272727274;0.006055583125348765
200001620343;1213;CLAÚDIO HENRIQUE DO NASCIMENTO;OBAMA;RN;PDT;Partido Democrático Trabalhista;NÃO ELEITO;418;42191.59;3302729;100.93681818181817;0.01277476595869658
200001620345;1222;TALLEYRAND CARLOS DE SOUZA;PROFESSOR TALLEYRAND;RN;PDT;Partido Democrático Trabalhista;NÃO ELEITO;1037;34000.0;3302729;32.78688524590164;0.010294517049385523
200001620346;1227;WILLIAM MARIBONDO VINAGRE FILHO;MARIBONDO  VINAGRE;RN;PDT;Partido Democrático Trabalhista;NÃO ELEITO;151;34000.0;3302729;225.16556291390728;0.010294517049385523
200001620349;1201;EMANUEL DOS SANTOS DE ARAÚJO;EMANUEL DE SANTANA;RN;PDT;Partido Democrático Trabalhista;NÃO ELEITO;1214;33710.88;3302729;27.768434925864906;0.01020697732087616
90001614749;4444;SILVYE ALVES DA SILVA;SILVYE ALVES;GO;UNIÃO;UNIÃO BRASIL;ELEITO POR QP;254653;2996199.14;7055228;11.765811280448297;0.4246778615800935
30001601832;1212;JOSENILDO SANTOS ABRANTES;JOSENILDO;AP;PDT;Partido Democrático Trabalhista;ELEITO POR QP;27112;514475.27999999997;733508;18.97592505163765;0.7013901416208139
260001635578;7713;SDNEY SANTOS SOUZA JUNIOR;SDNEY SOUZA;SE;SOLIDARIEDADE;Solidariedade;NÃO ELEITO;423;12000.0;2209558;28.368794326241133;0.0054309504434823614
260001635579;7712;THAYNÁ BARBOSA SILVEIRA;DRA. THAYNÁ SILVEIRA;SE;SOLIDARIEDADE;Solidariedade;NÃO ELEITO;94;15000.0;2209558;159.5744680851064;0.006788688054352952
260001635574;7790;LUANA SANTOS SILVA;LUANA SANTOS;SE;SOLIDARIEDADE;Solidariedade;NÃO ELEITO;393;14970.85;2209558;38.09376590330789;0.006775495370567326
260001635576;7799;SUSANA MENEZES ALVES;SUSY MENEZES;SE;SOLIDARIEDADE;Solidariedade;NÃO ELEITO;703;24990.0;2209558;35.54765291607397;0.011309954298552019
210001648576;2214;MARCELO PIRES MORAES;MARCELO MORAES;RS;PL;Partido Liberal;ELEITO POR QP;84247;1979131.27;10880506;23.492008854914715;0.18189698806287133
210001648581;2210;UBIRATAN ANTUNES SANDERSON;SANDERSON;RS;PL;Partido Liberal;ELEITO POR QP;86690;401815.46;10880506;4.6350843234513786;0.03692985050511438
210001648591;2222;GIOVANI CHERINI;GIOVANI CHERINI;RS;PL;Partido Liberal;ELEITO POR QP;162036;3077501.92;10880506;18.992704831025204;0.2828454779584699
130001607568;9090;WELITON FERNANDES PRADO;WELITON PRADO;MG;PROS;Partido Republicano da Ordem Social;ELEITO POR MÉDIA;126214;2915000.0;20538718;23.09569461390971;0.141927066723444
30001648510;2210;SILVIA NOBRE LOPES;SILVIA WAIÃPI;AP;PL;Partido Liberal;ELEITO POR MÉDIA;5435;126000.0;733508;23.183072677092916;0.17177726759626344
30001648512;2222;VINICIUS DE AZEVEDO GURGEL;VINICIUS GURGEL;AP;PL;Partido Liberal;ELEITO POR MÉDIA;13253;1000000.0;733508;75.45461404964914;1.3633116475893923
30001648516;2225;SONIZE PIMENTEL DOS SANTOS BARBOSA;SONIZE BARBOSA;AP;PL;Partido Liberal;ELEITO POR MÉDIA;9200;1016177.67;733508;110.45409456521739;1.38536685353125
50001600556;5014;CRISLANE CONCEIÇÃO DE SOUZA;CRISLANE CONCEIÇÃO;BA;PSOL;Partido Socialismo e Liberdade;NÃO ELEITO;469;12070.94;14136417;25.737611940298507;0.0008538896383715902
50001600580;5051;CARLOS OSVALDO FERREIRA;BADINHO;BA;PSOL;Partido Socialismo e Liberdade;NÃO ELEITO;202;25573.0;14136417;126.5990099009901;0.0018090156791498158
90001609056;1212;FLÁVIA CARREIRO ALBUQUERQUE MORAIS;FLAVIA MORAIS;GO;PDT;Partido Democrático Trabalhista;ELEITO POR MÉDIA;142155;2844663.38;7055228;20.010997713763146;0.4031993551448656
70001654745;5566;PEDRO HENRIQUE VIEGAS DE OLIVEIRA;PEDRO OLIVEIRA;DF;PSD;Partido Social Democrático;NÃO ELEITO;6112;149844.2;2817068;24.516393979057593;0.0531915452520138
70001654748;5551;GILCILENE MARIA DOS SANTOS;DRA GIL;DF;PSD;Partido Social Democrático;NÃO ELEITO;4441;600046.2;2817068;135.11510920963747;0.21300380395503407
70001654752;5590;NEVITON PEREIRA JUNIOR;NEVITON SANGUE BOM;DF;PSD;Partido Social Democrático;NÃO ELEITO;1407;298745.34;2817068;212.3278891257996;0.10604832400211853
70001654747;5522;CHARLES DE MAGALHAES ARAUJO JUNIOR;CORONEL CHARLES MAGALHÃES;DF;PSD;Partido Social Democrático;NÃO ELEITO;2290;736242.16;2817068;321.5031266375546;0.2613505105308072
70001654749;5544;WILBERT GOLDEN BATISTA;IBI BATISTA;DF;PSD;Partido Social Democrático;NÃO ELEITO;23879;388818.06;2817068;16.282845177771264;0.138022248664214
70001654750;5511;ADRIANA MANGABEIRA WANDERLEY;ADRIANA MANGABEIRA;DF;PSD;Partido Social Democrático;NÃO ELEITO;349;502464.0;2817068;1439.7249283667622;0.17836417154289497
70001654746;5501;SHEYLA SOARES SAMPAIO;CORONEL SHEYLA;DF;PSD;Partido Social Democrático;NÃO ELEITO;996;300000.0;2817068;301.2048192771084;0.10649370196246594
70001654751;5555;ANDRÉ OCTÁVIO KUBITSCHEK BARBARA ALVES PEREIRA;ANDRÉ KUBITSCHEK;DF;PSD;Partido Social Democrático;NÃO ELEITO;20702;1692657.31;2817068;81.76298473577432;0.6008578103190978
70001654753;5561;VIRGÍLIO DO REGO MONTEIRO NETO;VIRGILIO NETO;DF;PSD;Partido Social Democrático;NÃO ELEITO;9071;800000.0;2817068;88.19314298313306;0.2839832052332425
110001612762;2202;AMÁLIA SCUDELER DE BARROS SANTOS;AMÁLIA BARROS;MT;PL;Partido Liberal;ELEITO POR MÉDIA;70294;1492944.6300000001;3658813;21.238578399294394;0.40804070336472514
110001612757;2210;JOSÉ ANTÔNIO DOS SANTOS MEDEIROS;JOSÉ MEDEIROS;MT;PL;Partido Liberal;ELEITO POR MÉDIA;82182;2737753.26;3658813;33.313295612177846;0.7482626906595117
110001612764;2222;RUBIA FERNANDA DINIZ ROBSON SANTOS DE SIQUEIRA;CORONEL FERNANDA;MT;PL;Partido Liberal;ELEITO POR MÉDIA;60304;2136165.65;3658813;35.42328286680817;0.5838411665203989
170001723357;2799;CINESIO JOÃO DA SILVA;CINESIO ELETRICISTA;PE;DC;Democracia Cristã;NÃO ELEITO;132;3900.0;9058155;29.545454545454547;0.0004305512546429157
170001723361;2771;LELCES XAVIER CORREIA LIMA;LELCES XAVIER;PE;DC;Democracia Cristã;NÃO ELEITO;25;3000.0;9058155;120.0;0.00033119327280224284
170001723349;2725;ANTONIA SOTERO DA SILVA;ANTONIA ENFERMEIRA;PE;DC;Democracia Cristã;NÃO ELEITO;346;2915.79;9058155;8.4271387283237;0.0003218966776346839
170001723352;2721;ERONIDES PEQUENO BARBOSA;ERONILDES BARBOSA;PE;DC;Democracia Cristã;NÃO ELEITO;9;0.0;9058155;0.0;0.0
170001723353;2730;GILSON JOAQUIM DOS SANTOS;PASTOR GILSON SANTOS;PE;DC;Democracia Cristã;NÃO ELEITO;103;838.62;9058155;8.141941747572815;9.258176747913897e-05
170001723359;2780;SEVERINO RAMOS DE VASCONCELOS;VASCONCELOS;PE;DC;Democracia Cristã;NÃO ELEITO;189;0.0;9058155;0.0;0.0
170001723362;2744;LUIZ LINO DE FRANÇA;LUIZ DE FRANÇA;PE;DC;Democracia Cristã;NÃO ELEITO;249;2000.0;9058155;8.032128514056225;0.00022079551520149524
170001723347;2700;ANA CAROLINA DE SOUZA BARRADAS;CAROL BARRADAS;PE;DC;Democracia Cristã;NÃO ELEITO;175;3000.0;9058155;17.142857142857142;0.00033119327280224284
170001723355;2727;ADILSON BATISTA DE LIMA;ADILSON BATISTA;PE;DC;Democracia Cristã;NÃO ELEITO;491;0.0;9058155;0.0;0.0
170001723360;2713;SEBASTIÃO VELOSO DE OLIVEIRA FILHO;BAXINHA BARÃO;PE;DC;Democracia Cristã;NÃO ELEITO;99;2000.0;9058155;20.2020202020202;0.00022079551520149524
170001723346;2707;TANIA MARIA DE PAULA CAVALCANTI;PAULA CAVALCANTI;PE;DC;Democracia Cristã;NÃO ELEITO;102;0.0;9058155;0.0;0.0
170001723350;2711;IRINEU FRANCISCO DA SILVA;IRMÃO DA KOMBI;PE;DC;Democracia Cristã;NÃO ELEITO;452;2000.0;9058155;4.424778761061947;0.00022079551520149524
170001723354;2723;DAYSE FERREIRA BRANDÃO ROCHA;DAYSE BRANDÃO;PE;DC;Democracia Cristã;NÃO ELEITO;157;3000.0;9058155;19.10828025477707;0.00033119327280224284
170001723356;2790;ARLINDO BATISTA DE LIMA;ZÉ DA RIMA;PE;DC;Democracia Cristã;NÃO ELEITO;69;2000.0;9058155;28.985507246376812;0.00022079551520149524
170001723358;2733;DOMICIO JOSÉ FERREIRA DA LUZ;DOUTOR DOMICIO LUZ;PE;DC;Democracia Cristã;NÃO ELEITO;131;0.0;9058155;0.0;0.0
170001723348;2728;ANAILDE NASCIMENTO DE SOUZA;ANA SOUZA;PE;DC;Democracia Cristã;NÃO ELEITO;139;2750.0;9058155;19.784172661870503;0.0003035938334020559
170001723351;2708;EGRE ARAUJO GUERRA;EGRE GUERRA;PE;DC;Democracia Cristã;NÃO ELEITO;29;3000.0;9058155;103.44827586206897;0.00033119327280224284
170001723363;2788;MARIA APARECIDA PEREIRA DA SILVA;CIDINHA DO POVO;PE;DC;Democracia Cristã;NÃO ELEITO;30;2993.2;9058155;99.77333333333333;0.00033044256805055773
50001621034;1115;JOÃO FELIPE DE SOUZA LEÃO;JOÃO LEÃO;BA;PP;PROGRESSISTAS;ELEITO POR MÉDIA;102376;2367390.65;14136417;23.124469113854808;0.16746751669818455
50001620846;1234;FELIX DE ALMEIDA MENDONCA JUNIOR;FELIX  MENDONÇA;BA;PDT;Partido Democrático Trabalhista;ELEITO POR MÉDIA;71774;1366295.38;14136417;19.036076852342074;0.09665075527978553
60001614167;2288;PRISCILA BEZERRA DA COSTA;PRISCILA COSTA;CE;PL;Partido Liberal;ELEITO POR MÉDIA;74773;2303698.78;8791688;30.809233011916064;0.2620314528905029
60001614163;2277;JAZIEL PEREIRA DE SOUSA;DR JAZIEL;CE;PL;Partido Liberal;ELEITO POR MÉDIA;79358;2121765.46;8791688;26.73662970336954;0.24133766575883947
110001608774;5050;MAURO CÉSAR LARA DE BARROS;PROCURADOR MAURO;MT;PSOL;Partido Socialismo e Liberdade;NÃO ELEITO;16720;57919.82;3658813;3.4641040669856458;0.01583022144066942
110001608771;5001;GONÇALINA PEREIRA DE SOUZA MELO;GONÇA DE MELO;MT;PSOL;Partido Socialismo e Liberdade;NÃO ELEITO;321;40000.0;3658813;124.61059190031153;0.010932507345961654
110001608773;5088;LIDIANY RAMOS SENA;LIDY E BEM VIVER PELA RETOMADA;MT;PSOL;Partido Socialismo e Liberdade;NÃO ELEITO;787;10634.09;3658813;13.512185514612453;0.0029064316760654342
110001608772;5005;JULIAN SILVA TACANÃ;JULIAN TACANÃ;MT;PSOL;Partido Socialismo e Liberdade;NÃO ELEITO;759;20634.0;3658813;27.18577075098814;0.00563953391441432
110001608775;5011;MILTON DANTAS OLIVEIRA;MILTÃO;MT;PSOL;Partido Socialismo e Liberdade;NÃO ELEITO;206;18758.260000000002;3658813;91.0595145631068;0.005126870381186467
110001719723;1818;BRUNO FIGUEIREDO DE CAMPOS;BRUNO CAMPOS;MT;REDE;Rede Sustentabilidade;NÃO ELEITO;575;15000.0;3658813;26.08695652173913;0.00409969025473562
110001719721;1810;MIGUEL COSTA DE SOUSA;PROFESSOR MIGUEL COSTA;MT;REDE;Rede Sustentabilidade;NÃO ELEITO;193;70000.0;3658813;362.6943005181347;0.019131887855432895
110001719722;1800;SUZANETE SIMONE DE REZENDE DAVID;NETE DO PASTEL;MT;REDE;Rede Sustentabilidade;NÃO ELEITO;263;16920.3;3658813;64.33574144486691;0.004624532601146874
150001619548;1010;JOSÉ WILSON SANTIAGO;WILSON SANTIAGO;PB;REPUBLICANOS;REPUBLICANOS;ELEITO POR MÉDIA;84407;1457359.31;3974495;17.265858400369638;0.3666778571868879
130001612991;7777;JOSÉ SILVA SOARES;ZÉ SILVA;MG;SOLIDARIEDADE;Solidariedade;ELEITO POR MÉDIA;86042;1497271.54;20538718;17.40163571279143;0.07289995120435462
160001622020;2277;NELSI COGUETTO MARIA;VERMELHO;PR;PL;Partido Liberal;ELEITO POR MÉDIA;70790;2798198.67;11443208;39.52816315863822;0.24452921505927358
170001609044;6513;RENILDO VASCONCELOS CALHEIROS;RENILDO CALHEIROS;PE;PC do B;Partido Comunista do Brasil;ELEITO POR MÉDIA;59686;2973900.5;9058155;49.82576316054016;0.32831194652774215
230001595283;4420;RAIMUNDO DINIZ ARAÚJO;PASTOR DINIZ;RR;UNIÃO;UNIÃO BRASIL;ELEITO POR MÉDIA;8243;999539.2;636303;121.25915322091471;1.5708541371013494
50001605369;1361;JOSEILDO RIBEIRO RAMOS;JOSEILDO RAMOS;BA;PT;Partido dos Trabalhadores;ELEITO POR MÉDIA;104228;2182591.22;14136417;20.940545918563153;0.154394937557374
50001605371;1310;VALMIR CARLOS DA ASSUNÇÃO;VALMIR ASSUNÇÃO;BA;PT;Partido dos Trabalhadores;ELEITO POR MÉDIA;90148;2071509.05;14136417;22.978979566934374;0.14653706451924842
90001651581;5500;ISMAEL ALEXANDRINO JUNIOR;DR ISMAEL ALEXANDRINO ;GO;PSD;Partido Social Democrático;ELEITO POR MÉDIA;54791;811339.12;7055228;14.807890346954792;0.114998284959749
10001613552;6565;JOSÉ NUNES DA CRUZ;ZÉ DA ROSA;AC;PC do B;Partido Comunista do Brasil;NÃO ELEITO;140;19993.79;830026;142.81278571428572;0.024088149045933503
10001614197;6513;MARIA PERPETUA DE ALMEIDA;PERPETUA ALMEIDA;AC;PC do B;Partido Comunista do Brasil;NÃO ELEITO;14914;2111584.7;830026;141.58406195520988;2.543998260295461
10001614193;4343;CLAUDIO EZEQUIEL PASSAMANI;CLAUDIO EZEQUIEL;AC;PV;Partido Verde;NÃO ELEITO;1941;191922.3;830026;98.87805255023183;0.23122444357164715
10001614194;4333;MAURA MARIA DE AQUINO PENHA;PROTETORA MAURA AKINO;AC;PV;Partido Verde;NÃO ELEITO;89;99785.3;830026;1121.1831460674157;0.12021948710040409
10001614196;1314;IRENÍ HERCULANO UCHÔA MOURA;IRENÍ UCHÔA;AC;PT;Partido dos Trabalhadores;NÃO ELEITO;464;179971.11;830026;387.8687715517241;0.21682587051489952
10001613550;1331;LEONARDO CUNHA DE BRITO;LEO DE BRITO;AC;PT;Partido dos Trabalhadores;NÃO ELEITO;12304;1853992.34;830026;150.68208224967492;2.233655740904502
10001614198;1300;MARIA SANTIAGO DE LIMA;MARIA SANTIAGO;AC;PT;Partido dos Trabalhadores;NÃO ELEITO;899;298480.6;830026;332.0140155728587;0.3596039160219077
10001614195;1313;FRANCIMAR FERNANDES DE ALBUQUERQUE;FRANCIMAR FERNANDES;AC;PT;Partido dos Trabalhadores;NÃO ELEITO;3893;211723.15;830026;54.38560236321603;0.25508014206783886
10001613551;1312;HENRY ANTÔNIO SILVA NOGUEIRA;HENRY NOGUEIRA;AC;PT;Partido dos Trabalhadores;NÃO ELEITO;1042;200230.0;830026;192.15930902111324;0.24123340714628216
50001673581;2830;SILVIA CRUZ DOS SANTOS;SILVIA SANTOS;BA;PRTB;Partido Renovador Trabalhista Brasileiro;NÃO ELEITO;5;6210.0;14136417;1242.0;0.0004392909462135985
50001673578;2820;DAIANE SOUZA DOS SANTOS;DAI;BA;PRTB;Partido Renovador Trabalhista Brasileiro;NÃO ELEITO;5;0.0;14136417;0.0;0.0
50001673574;2809;NIVALDO SANTOS OLIVEIRA;JAMANTA DO PARAFUSO;BA;PRTB;Partido Renovador Trabalhista Brasileiro;NÃO ELEITO;258;0.0;14136417;0.0;0.0
50001673577;2866;CARLOS ALBERTO SOUZA DOS SANTOS;KAU SANTOS;BA;PRTB;Partido Renovador Trabalhista Brasileiro;NÃO ELEITO;184;0.0;14136417;0.0;0.0
50001673579;2855;VENILTON CALDAS PRIMO;TITIA;BA;PRTB;Partido Renovador Trabalhista Brasileiro;NÃO ELEITO;114;16.0;14136417;0.14035087719298245;1.1318285248659544e-06
50001673582;2844;LUAN KENEDY DA SILVA SANTOS;LUAN KENEDY;BA;PRTB;Partido Renovador Trabalhista Brasileiro;NÃO ELEITO;301;0.0;14136417;0.0;0.0
50001673576;2829;FABIO RODRIGUES DOS SANTOS;FABIO RODRIGUES;BA;PRTB;Partido Renovador Trabalhista Brasileiro;NÃO ELEITO;51;0.0;14136417;0.0;0.0
50001673580;2890;EVERTON FARIAS DOS SANTOS;EVERTON PCD;BA;PRTB;Partido Renovador Trabalhista Brasileiro;NÃO ELEITO;35;0.0;14136417;0.0;0.0
50001725931;2801;EDNA MARIA BORGES ZALLIO;EDNA MARIA;BA;PRTB;Partido Renovador Trabalhista Brasileiro;NÃO ELEITO;10;0.0;14136417;0.0;0.0
50001673573;2828;JADSON JOSÉ REBOUÇAS SANTOS;JADSON DA SAÚDE;BA;PRTB;Partido Renovador Trabalhista Brasileiro;NÃO ELEITO;174;0.0;14136417;0.0;0.0
50001725932;2840;GIRLAINE CRUZ DOS SANTOS;NANE SANTOS;BA;PRTB;Partido Renovador Trabalhista Brasileiro;NÃO ELEITO;5;6210.0;14136417;1242.0;0.0004392909462135985
210001621256;1200;AFONSO ANTUNES DA MOTTA;AFONSO MOTTA;RS;PDT;Partido Democrático Trabalhista;ELEITO POR MÉDIA;70307;1670122.19;10880506;23.75470707041973;0.15349673903033553
250001610316;1977;RODRIGO GAMBALE VIEIRA;RODRIGO GAMBALE;SP;PODE;Podemos;ELEITO POR MÉDIA;108209;1799593.95;44420459;16.63072341487307;0.04051272747992091
250001611242;1520;SIMONE APARECIDA CURRALADAS DOS SANTOS;SIMONE MARQUETTO;SP;MDB;Movimento Democrático Brasileiro;ELEITO POR MÉDIA;97730;1074958.1400000001;44420459;10.999264708891847;0.024199618018355015
120001598323;3032;GIANI MARIA GRANDO;GIANI GRANDO;MS;NOVO;Partido Novo;NÃO ELEITO;1376;19691.85;2756700;14.3109375;0.007143269126129067
120001598325;3010;PAULO DA SILVA RICARTE;PAULO RICARTE;MS;NOVO;Partido Novo;NÃO ELEITO;329;8232.42;2756700;25.02255319148936;0.002986331483295244
120001598327;3000;ROGER ALEXANDRE MILAN BROCHADO;ROGER MILAN;MS;NOVO;Partido Novo;NÃO ELEITO;556;24390.0;2756700;43.86690647482014;0.008847535096310807
120001598326;3001;EDUARDO FERRUFINO GUZMAN;PROF. EDUARDO FERRUFINO;MS;NOVO;Partido Novo;NÃO ELEITO;2073;17532.06;2756700;8.457337192474675;0.006359799760583307
120001598322;3033;DANIELLE VIEBRANTZ SILVEIRA;DANI VIEBRANTZ;MS;NOVO;Partido Novo;NÃO ELEITO;1012;16621.510000000002;2756700;16.424416996047434;0.006029495411180035
120001598324;3030;GUSTAVO VEIGA DE LARA;DR. GUSTAVO DE LARA;MS;NOVO;Partido Novo;NÃO ELEITO;1115;24484.62;2756700;21.959300448430493;0.008881858744150614
50001615380;1919;RAIMUNDO MAGALHÃES COSTA;RAIMUNDO COSTA;BA;PODE;Podemos;ELEITO POR MÉDIA;53486;1099670.32;14136417;20.559965598474367;0.0777898897577795
60001595308;3000;SAMUEL LIMA PAULO DO RAMO;SAMUEL LIMA ;CE;NOVO;Partido Novo;NÃO ELEITO;4148;3650.09;8791688;0.8799638379942141;0.00041517510630495534
180001602554;5515;MARCOS AURELIO PADUA RIBEIRO GONÇALVES DE SAMPAIO;MARCOS AURELIO SAMPAIO;PI;PSD;Partido Social Democrático;ELEITO POR MÉDIA;79987;1816205.08;3269200;22.706253266155752;0.5555503120029365
140001604542;4413;LUZIANE CRAVO SILVA;LUZIANE CRAVO;PA;UNIÃO;UNIÃO BRASIL;NÃO ELEITO;8380;1014318.03;8116132;121.04033770883055;0.12497554623310711
140001738352;4401;AUGUSTO CESAR CAMPOS MENDES;REVERENDO CESAR;PA;UNIÃO;UNIÃO BRASIL;NÃO ELEITO;1605;99995.93;8116132;62.302760124610586;0.01232063869833561
130001613348;4500;AÉCIO NEVES DA CUNHA;AÉCIO NEVES;MG;PSDB;Partido da Social Democracia Brasileira;ELEITO POR MÉDIA;85341;3131522.11;20538718;36.694227979517464;0.1524692101035712
130001607240;1314;ANA CRISTINA DE LIMA PIMENTEL;ANA PIMENTEL;MG;PT;Partido dos Trabalhadores;ELEITO POR MÉDIA;72698;1703562.15;20538718;23.43341151063303;0.08294393788356215
130001607248;1363;JOSÉ LEONARDO COSTA MONTEIRO;LEONARDO MONTEIRO;MG;PT;Partido dos Trabalhadores;ELEITO POR MÉDIA;81008;2220928.73;20538718;27.416165440450325;0.10813375644964793
40001618509;1223;CHRISTIANI MARIA MENDES BARROS;CRIS BARROS;AM;PDT;Partido Democrático Trabalhista;NÃO ELEITO;445;72999.89;3941175;164.0446966292135;0.018522367060584723
40001618511;1236;ERNANDO FIGUEIRA SANTANA FILHO;ERNANDO SANTANA;AM;PDT;Partido Democrático Trabalhista;NÃO ELEITO;536;23000.0;3941175;42.91044776119403;0.0058358230730683105
40001618505;1232;PEDRINHA LASMAR CRUZ;PEDRINHA LASMAR;AM;PDT;Partido Democrático Trabalhista;NÃO ELEITO;486;30000.0;3941175;61.72839506172839;0.007611943138784753
40001618507;1200;ALAN KARDECK PEREIRA AMAZONAS;ALAN AMAZONAS;AM;PDT;Partido Democrático Trabalhista;NÃO ELEITO;557;156000.0;3941175;280.07181328545784;0.03958210432168072
40001618506;1234;GELSON DO NASCIMENTO ALBUQUERQUE;GUMA;AM;PDT;Partido Democrático Trabalhista;NÃO ELEITO;1807;171000.0;3941175;94.63198671831765;0.043388075891073095
40001724759;1214;ISMAEL FRANKLIN GONÇALVES;CACIQUE MUNGURUKÚ;AM;PDT;Partido Democrático Trabalhista;NÃO ELEITO;569;0.0;3941175;0.0;0.0
40001618510;1213;WANESSA SIMÕES PACHECO;WANESSA PACHECO;AM;PDT;Partido Democrático Trabalhista;NÃO ELEITO;1503;50989.0;3941175;33.92481703260146;0.012937512290116526
40001618512;1212;PAULO HENRIQUE DA PAIXÃO E SILVA JUNIOR;PAULO PAIXÃO;AM;PDT;Partido Democrático Trabalhista;NÃO ELEITO;2015;92655.71;3941175;45.98298263027296;0.023509666533457662
40001618508;1222;MARIO RUBENS MACEDO VIANNA;DR MARIO VIANNA;AM;PDT;Partido Democrático Trabalhista;NÃO ELEITO;1670;152008.57;3941175;91.02309580838323;0.038569353048266065
120001615738;2727;WANDERLÉIA FERREIRA SILVA CANHETE DOS SANTOS;WANDERLEIA FERREIRA;MS;DC;Democracia Cristã;NÃO ELEITO;155;12999.35;2756700;83.8667741935484;0.004715547574999093
120001615740;2700;ROBERTO OSCAR PATZLAFF;ROBERTO PATZLAFF;MS;DC;Democracia Cristã;NÃO ELEITO;271;5000.0;2756700;18.45018450184502;0.001813762832372039
120001615739;2777;ANTONIO CARLOS RODRIGUES DE FARIAS;ANTONIO CARLOS;MS;DC;Democracia Cristã;NÃO ELEITO;69;11000.0;2756700;159.42028985507247;0.003990278231218486
10001606134;9009;ANA PAULA DOS SANTOS SILVA;ANA PAULA;AC;PROS;Partido Republicano da Ordem Social;NÃO ELEITO;85;15000.0;830026;176.47058823529412;0.018071723054458536
10001606133;9000;MARCOS FABRICIO DO NASCIMENTO TELLES;MARCOS FABRICIO;AC;PROS;Partido Republicano da Ordem Social;NÃO ELEITO;217;10000.0;830026;46.08294930875576;0.012047815369639024
10001606129;9033;ROGERIO BARROS DE LIMA;ROGÉRIO BARROS;AC;PROS;Partido Republicano da Ordem Social;NÃO ELEITO;206;34500.0;830026;167.4757281553398;0.04156496302525463
10001606126;9011;JONILSON CABRAL DOS SANTOS;CABRAL;AC;PROS;Partido Republicano da Ordem Social;NÃO ELEITO;36;20000.0;830026;555.5555555555555;0.02409563073927805
10001606127;9044;EDNA APARECIDA NANTES DE CASTRO;EDNA NANTES;AC;PROS;Partido Republicano da Ordem Social;NÃO ELEITO;22;0.0;830026;0.0;0.0
10001606131;9099;WILLINGTON DE MORAIS FERREIRA;WILLINGTON (WA);AC;PROS;Partido Republicano da Ordem Social;NÃO ELEITO;129;19997.0;830026;155.015503875969;0.024092016394667154
10001606130;9090;RAMÃO VIEIRA DE OLIVEIRA;ROBERTO DA PRINCEZINHA;AC;PROS;Partido Republicano da Ordem Social;NÃO ELEITO;230;0.0;830026;0.0;0.0
240001602977;7040;CLAUDIO WESLEY DA SILVA;CLAUDINHO DO FUTEBOL;SC;AVANTE;AVANTE;NÃO ELEITO;2392;174500.0;7609601;72.95150501672241;0.022931557121063248
240001602987;7090;AMARILDO SPERANDIO DE BAIRROS;AMARILDO DA RENASCER;SC;AVANTE;AVANTE;NÃO ELEITO;1808;51021.31;7609601;28.21975110619469;0.006704860083991263
240001602984;7080;JOSÉ ALTAIR PESCHISKI;ZECA DO CAMPO;SC;AVANTE;AVANTE;NÃO ELEITO;1866;26925.0;7609601;14.429260450160772;0.003538293269252882
240001602981;7010;IRIS CARLA MARGARIDO PINTO BOTELHO;ÍRIS CARLA;SC;AVANTE;AVANTE;NÃO ELEITO;64;90000.0;7609601;1406.25;0.011827164131207405
240001602989;7022;SAMANTA DE BORBA RICHARTZ;SAMANTA RICHARTZ;SC;AVANTE;AVANTE;NÃO ELEITO;562;271294.35;7609601;482.7301601423487;0.035651586725769194
240001602982;7077;IZAIAS DOS SANTOS;FALA ZION;SC;AVANTE;AVANTE;NÃO ELEITO;788;164500.0;7609601;208.75634517766497;0.021617427773151312
240001602985;7001;MARISA RICARDO DO NASCIMENTO AFONSO;MARISA DA COCADA;SC;AVANTE;AVANTE;NÃO ELEITO;92;178394.9;7609601;1939.075;0.023443397360781465
240001602983;7017;JONAS DE MATOS SOMBRIO;JONAS MATOS;SC;AVANTE;AVANTE;NÃO ELEITO;1048;29982.16;7609601;28.608931297709923;0.003940043636979126
240001602986;7070;ALEXANDRE NUNES DOS SANTOS;AGORA É NUNES;SC;AVANTE;AVANTE;NÃO ELEITO;855;49832.39;7609601;58.283497076023394;0.006548620617559318
240001602988;7099;SADI MIGUEL RIBEIRO;SADI;SC;AVANTE;AVANTE;NÃO ELEITO;882;415188.35;7609601;470.73509070294784;0.054561119564613174
240001602980;7000;FELIPE DETZ;DETZ;SC;AVANTE;AVANTE;NÃO ELEITO;815;30000.0;7609601;36.809815950920246;0.003942388043735801
240001602978;7007;DIANA SILVA DE OLIVEIRA;DIANA DA EDUCAÇÃO;SC;AVANTE;AVANTE;NÃO ELEITO;1039;98000.0;7609601;94.32146294513956;0.012878467609536952
120001614252;2210;LOESTER CARLOS GOMES DE SOUZA;TIO TRUTIS;MS;PL;Partido Liberal;NÃO ELEITO;21784;1035670.42;2756700;47.54271116415718;0.37569210287662785
190001645406;4077;EDSON SANTOS DE SOUZA;EDSON SANTOS;RJ;PSB;Partido Socialista Brasileiro;NÃO ELEITO;2740;129914.0;16054524;47.41386861313869;0.008092049318933404
240001610776;1422;DILETA CORREA DA SILVA PEREZ;DILETA CORRÊA SILVA;SC;PTB;Partido Trabalhista Brasileiro;NÃO ELEITO;1357;232900.0;7609601;171.6285924834193;0.03060607251286894
240001610786;1411;JEFERSON CARDOZO;PROF JEFERSON;SC;PTB;Partido Trabalhista Brasileiro;NÃO ELEITO;1415;30900.0;7609601;21.83745583038869;0.0040606596850478755
240001610790;1441;NEWTON MENDES JUNIOR;NEWTON MENDES;SC;PTB;Partido Trabalhista Brasileiro;NÃO ELEITO;1309;53928.96;7609601;41.19859434682964;0.0070869629038368765
240001610781;1444;ZAMIR KENNEDY HOSHI TEIXEIRA;KENNEDY;SC;PTB;Partido Trabalhista Brasileiro;NÃO ELEITO;1039;36385.4;7609601;35.01963426371511;0.004781512197551488
240001610777;1477;EDGAR LOPES DA COSTA NETO;POLICIAL FEDERAL EDGAR LOPES;SC;PTB;Partido Trabalhista Brasileiro;NÃO ELEITO;2585;587154.8;7609601;227.13918762088977;0.0771597354447362
240001610784;1433;GABRIEL SELL RIBEIRO;GABRIEL RIBEIRO;SC;PTB;Partido Trabalhista Brasileiro;NÃO ELEITO;4993;155550.83000000002;7609601;31.15378129381134;0.02044139107950601
240001610782;1410;DÉBORA ANGELICA PARISOTTO;DÉBORA PARISOTTO;SC;PTB;Partido Trabalhista Brasileiro;NÃO ELEITO;22544;169539.99;7609601;7.520404098651525;0.022279747650369577
240001610789;1452;MARISE TORMENA;MARISE TORMENA;SC;PTB;Partido Trabalhista Brasileiro;NÃO ELEITO;206;34164.58;7609601;165.84747572815536;0.00448966772370851
240001610775;1404;ROSANGELA CARMINATTI;ROSANGELA CARMINATTI;SC;PTB;Partido Trabalhista Brasileiro;NÃO ELEITO;2226;97171.0;7609601;43.65274034141959;0.012769526286595053
240001610783;1456;FRANCISCO DALMORA BURGARDT;CHICÃO CAMINHONEIRO;SC;PTB;Partido Trabalhista Brasileiro;NÃO ELEITO;2951;40449.47;7609601;13.707038292104372;0.005315583563448334
240001610787;1414;JOÃO RICARDO PADILHA SANTOS;ADVOGADO JOÃO PADILHA;SC;PTB;Partido Trabalhista Brasileiro;NÃO ELEITO;4960;139660.79;7609601;28.157417338709678;0.018353234289156556
240001610780;1407;THIAGO BOMEDIANO GARCIA DE OLIVEIRA;THIAGO BOMEDIANO;SC;PTB;Partido Trabalhista Brasileiro;NÃO ELEITO;313;24840.0;7609601;79.36102236421725;0.003264297300213244
240001610778;1400;RUI GODINHO DA MOTA;RUI GODINHO;SC;PTB;Partido Trabalhista Brasileiro;NÃO ELEITO;6397;137108.0;7609601;21.433171799280913;0.018017764663350942
240001610785;1450;JAIRO ANTÔNIO GLANERT;JAIRINHO BOCA BRABA;SC;PTB;Partido Trabalhista Brasileiro;NÃO ELEITO;2463;117703.04;7609601;47.7884855866829;0.015467701920245226
240001610779;1440;TATYANA PRICILA BORTOLAZ;TATY DA CIVIL;SC;PTB;Partido Trabalhista Brasileiro;NÃO ELEITO;621;34878.28;7609601;56.16470209339774;0.004583457135268984
240001610788;1454;JOSIANE HEINECK DE PAULA;JOSI HEINECK;SC;PTB;Partido Trabalhista Brasileiro;NÃO ELEITO;61;23150.9;7609601;379.52295081967213;0.003042327712057439
240001610791;1490;EDNILSON JOSE BENTO;SARGENTO BENTO;SC;PTB;Partido Trabalhista Brasileiro;NÃO ELEITO;3963;20866.0;7609601;5.26520312894272;0.002742062297353041
110001642975;3636;EDISON MARIA MENDES DE SOUZA;SARGENTO EDISON;MT;AGIR;AGIR;NÃO ELEITO;306;1943.2;3658813;6.3503267973856214;0.0005311012068668172
110001642977;3601;CLEBER DIEGO ADORNO MOURA;CLEBER ADORNO;MT;AGIR;AGIR;NÃO ELEITO;117;0.0;3658813;0.0;0.0
110001642979;3610;MARIA RITA DE SOUZA OLIVEIRA;MARIA RITA;MT;AGIR;AGIR;NÃO ELEITO;169;0.0;3658813;0.0;0.0
110001642980;3677;PEDRO VIDAL LOPES;VIDAL D XANGO;MT;AGIR;AGIR;NÃO ELEITO;152;0.0;3658813;0.0;0.0
110001642974;3666;ANA MARIA BATISTA NELSON;PROFESSORA ANA MARIA;MT;AGIR;AGIR;NÃO ELEITO;363;0.0;3658813;0.0;0.0
110001642978;3640;LUIZ CARLOS SALES DA SILVA;LUIZ CARLOS;MT;AGIR;AGIR;NÃO ELEITO;230;1700.0;3658813;7.391304347826087;0.0004646315622033703
130001653536;8080;POLIANA DE SOUZA PEREIRA INÁCIO;POLIANA DO MLB;MG;UP;Unidade Popular;NÃO ELEITO;3302;5112.0;20538718;1.548152634766808;0.0002488957684700671
30001619879;4545;LUIZ CARLOS GOMES DOS SANTOS JUNIOR;LUIZ CARLOS;AP;PSDB;Partido da Social Democracia Brasileira;NÃO ELEITO;11981;2226854.25;733508;185.8654745012937;3.0358963365089404
30001619878;4569;NILTON LUIZ CABRAL TORK;CABRAL TORK;AP;PSDB;Partido da Social Democracia Brasileira;NÃO ELEITO;2526;299891.0;733508;118.72169437846398;0.40884489330723045
30001619881;4590;ANDERSON LIMA CONCEIÇÃO;ANDERSON BATUCADA;AP;PSDB;Partido da Social Democracia Brasileira;NÃO ELEITO;798;50000.0;733508;62.65664160401003;0.06816558237946961
30001619884;4510;GIRLENE RODRIGUES BARROSO;GIRLENE BARROSO;AP;PSDB;Partido da Social Democracia Brasileira;NÃO ELEITO;311;199990.45;733508;643.0561093247588;0.272649309891644
30001619882;4577;LUCIA COSTA DA SILVA;SGT LUCIA SILVA;AP;PSDB;Partido da Social Democracia Brasileira;NÃO ELEITO;155;175000.0;733508;1129.032258064516;0.23857953832814366
30001619880;4555;FLAVIA NATALIA DE LIMA;FLAVIA VIRA LATAS;AP;PSDB;Partido da Social Democracia Brasileira;NÃO ELEITO;732;149975.9;733508;204.88510928961747;0.20446389132770193
30001619877;4522;JÉSSICA JHULLY AMANAJÁS DE SOUZA LIMA;JÉSSICA LIMA;AP;PSDB;Partido da Social Democracia Brasileira;NÃO ELEITO;669;698418.3;733508;1043.973542600897;0.9521618032795826
150001621615;2787;JENIFFER CIPRIANO FELINTRO;JENIFFER FELINTRO;PB;DC;Democracia Cristã;NÃO ELEITO;46;10000.0;3974495;217.3913043478261;0.0025160429186601063
150001621614;2727;DANILO ILTON DE SOUSA;DANILO ILTON;PB;DC;Democracia Cristã;NÃO ELEITO;419;10090.0;3974495;24.081145584725537;0.0025386873049280476
140001598319;2235;KEWIN KATY PYLES;KEL PYLES;PA;PL;Partido Liberal;NÃO ELEITO;142;2011.0;8116132;14.161971830985916;0.000247778128793371
120001600673;7700;MARILÉA PREZA DE SIQUEIRA ELIAS;MARILÉA ELIAS;MS;SOLIDARIEDADE;Solidariedade;NÃO ELEITO;404;17500.0;2756700;43.31683168316832;0.006348169913302137
120001600675;7788;ROSEMAR ANISIA FABRO;MARY FABRO;MS;SOLIDARIEDADE;Solidariedade;NÃO ELEITO;532;17500.0;2756700;32.89473684210526;0.006348169913302137
120001600672;7738;LINCOLN SAMANIEGO DE OLIVEIRA;LINCOLN SAMÁ;MS;SOLIDARIEDADE;Solidariedade;NÃO ELEITO;118;20000.0;2756700;169.4915254237288;0.007255051329488156
120001600670;7777;DENIS PEREIRA DA SILVA;DENIS PEREIRA;MS;SOLIDARIEDADE;Solidariedade;NÃO ELEITO;4241;112950.0;2756700;26.632869606224947;0.04097290238328436
120001600671;7704;ENIO DE SOUZA SOARES;T CORONEL ÊNIO;MS;SOLIDARIEDADE;Solidariedade;NÃO ELEITO;1269;55000.0;2756700;43.341213553979514;0.01995139115609243
120001600669;7722;DANIEL DUARTE CAMPOS;DANIEL SOM E VIDA;MS;SOLIDARIEDADE;Solidariedade;NÃO ELEITO;2145;55000.0;2756700;25.641025641025642;0.01995139115609243
120001600676;7789;ROSINÉIA SILVA DE CARVALHO;ROSE;MS;SOLIDARIEDADE;Solidariedade;NÃO ELEITO;177;15000.0;2756700;84.7457627118644;0.005441288497116117
30001595542;1080;MANOEL CAETANO BENTES MONTEIRO NETO;CAETANO BENTES;AP;REPUBLICANOS;REPUBLICANOS;NÃO ELEITO;5280;999900.0;733508;189.375;1.3631753164246334
30001595538;1022;ARISTIDES DA SILVA LOPES;PASTOR DIDIO;AP;REPUBLICANOS;REPUBLICANOS;NÃO ELEITO;763;7700.0;733508;10.091743119266056;0.010497499686438322
30001595536;1000;ALINE PARANHOS VARONIL GURGEL;ALINE GURGEL;AP;REPUBLICANOS;REPUBLICANOS;NÃO ELEITO;13633;1834616.43;733508;134.5717325606983;2.501153947877869
30001734534;1070;MARGLEIDE DA SILVA ALFAIA;MARGLEIDE;AP;REPUBLICANOS;REPUBLICANOS;NÃO ELEITO;405;99812.2;733508;246.44987654320988;0.13607513483152195
30001595537;1033;ANDRÉ HENRIQUE DA SILVA;PROF ANDLÉ;AP;REPUBLICANOS;REPUBLICANOS;NÃO ELEITO;2461;199987.25;733508;81.26259650548558;0.2726449472943717
30001595540;1010;FATIMA LÚCIA PELAES;FATIMA PELAES;AP;REPUBLICANOS;REPUBLICANOS;NÃO ELEITO;9319;1999991.5999999999;733508;214.61440068676896;2.7266118433609448
30001595541;1077;FRANCO AURELIO BRITO DE SOUZA;FRANCO;AP;REPUBLICANOS;REPUBLICANOS;NÃO ELEITO;6109;399109.2;733508;65.33134719266656;0.5441102210200843
30001595543;1099;RAIMUNDO LIMA JÚNIOR;LIMA JUNIOR;AP;REPUBLICANOS;REPUBLICANOS;NÃO ELEITO;583;0.0;733508;0.0;0.0
230001722374;2929;LIDIA LOPES PEREIRA;LIDIA PEREIRA;RR;PCO;Partido da Causa Operária;NÃO ELEITO;5;0.0;636303;0.0;0.0
40001618369;2000;SÓSTENES ADIEL PEREIRA BATISTA;TOTTI ADIEL;AM;PSC;Partido Social Cristão;NÃO ELEITO;2181;44922.0;3941175;20.59697386519945;0.01139812365601629
40001618365;2020;CASTOR SEGUNDO DE MEDEIROS REGALADO REGIS;CASTOR;AM;PSC;Partido Social Cristão;NÃO ELEITO;828;15000.26;3941175;18.116256038647343;0.0038060375395662462
40001618364;2041;ALUIZIO BARBOSA DE SOUZA;ALUIZIO BARBOZA;AM;PSC;Partido Social Cristão;NÃO ELEITO;37;0.0;3941175;0.0;0.0
40001618366;2073;CIRLEY MENDONÇA BOTÊLHO;MISSIONÁRIA CIRLEY BOTÊLHO;AM;PSC;Partido Social Cristão;NÃO ELEITO;307;34976.5;3941175;113.92996742671009;0.008874637639790165
40001618368;2007;JOÃO BATISTA DA COSTA PAULA;JOÃO BITHY;AM;PSC;Partido Social Cristão;NÃO ELEITO;368;20938.0;3941175;56.89673913043478;0.005312628847995839
40001618367;2022;GELMA MARIA SANTOS SILVA;GELMA SANTOS;AM;PSC;Partido Social Cristão;NÃO ELEITO;798;35000.0;3941175;43.85964912280702;0.008880600328582212
40001618370;2044;IZABEL SANTARÉM BARROSO;IZABEL BARROSO;AM;PSC;Partido Social Cristão;NÃO ELEITO;1043;44998.35;3941175;43.14319271332694;0.011417496051304496
40001618371;2023;JUCELINO VIEIRA DO NASCIMENTO;JUCELINO NASCIMENTO;AM;PSC;Partido Social Cristão;NÃO ELEITO;793;20000.0;3941175;25.220680958385877;0.005074628759189835
40001618372;2011;ADEMIR ROCHA DOS SANTOS;ADEMIR ROCHA;AM;PSC;Partido Social Cristão;NÃO ELEITO;242;20000.0;3941175;82.64462809917356;0.005074628759189835
10001595346;5022;MARIA CRISTINA LIMA CARUTA;CRISTINA CARUTA;AC;PSOL;Partido Socialismo e Liberdade;NÃO ELEITO;114;9966.0;830026;87.42105263157895;0.01200685279738225
10001595344;5020;ROGÉRIO DA SILVA E SILVA;PROFESSOR ROGÉRIO;AC;PSOL;Partido Socialismo e Liberdade;NÃO ELEITO;176;11000.0;830026;62.5;0.013252596906602925
10001595343;5011;JOSE DE SOUZA ROCHA;CÉLIO ROCHA;AC;PSOL;Partido Socialismo e Liberdade;NÃO ELEITO;120;13000.0;830026;108.33333333333333;0.01566215998053073
10001595347;5012;WILLIAN DOS SANTOS FRANCA;WILLIAM FRANÇA;AC;PSOL;Partido Socialismo e Liberdade;NÃO ELEITO;217;34980.0;830026;161.19815668202764;0.042143258162997306
10001595342;5055;MARIA NILDA ROSA SAUL;NILDA SAUL;AC;PSOL;Partido Socialismo e Liberdade;NÃO ELEITO;175;14977.09;830026;85.58337142857143;0.018044121509446693
10001595345;1818;NINAWA INU PEREIRA NUNES HUNI KUI;NINAWA HUNI KUI;AC;REDE;Rede Sustentabilidade;NÃO ELEITO;2794;85693.4;830026;30.670508231925552;0.10324182615966246
10001670806;1800;IUNA BARROS CHAVES;IUNA CHAVES;AC;REDE;Rede Sustentabilidade;NÃO ELEITO;107;30000.0;830026;280.3738317757009;0.03614344610891707
80001653249;5577;CLAUDIO DA COSTA OLIVEIRA;CLAUDIO OLIVEIRA;ES;PSD;Partido Social Democrático;NÃO ELEITO;143;5010.7;3833486;35.03986013986014;0.0013070870742713028
80001653250;5556;THAIS MENEGUELLI LOUZADA;THAIS MENEGUELLI;ES;PSD;Partido Social Democrático;NÃO ELEITO;154;50000.0;3833486;324.6753246753247;0.013042958810857794
80001653247;5550;MARIA APARECIDA PEREIRA DA SILVA;CIDA AGENTE DE ENDEMIAS;ES;PSD;Partido Social Democrático;NÃO ELEITO;280;30000.0;3833486;107.14285714285714;0.007825775286514677
80001653248;5522;GEAM DE BRITES MAFORTE;GEAM MAFORTE;ES;PSD;Partido Social Democrático;NÃO ELEITO;397;19957.04;3833486;50.269622166246855;0.005205977014132829
80001653245;5555;ENESIO PAIVA SOARES;NESINHO SOARES;ES;PSD;Partido Social Democrático;NÃO ELEITO;686;5000.0;3833486;7.288629737609329;0.0013042958810857794
240001647241;4000;SANDRA FEUSER;SANDRA FEUSER;SC;PSB;Partido Socialista Brasileiro;NÃO ELEITO;2969;671804.97;7609601;226.27314584035028;0.08828386271500963
240001647238;4011;ALEX SANDER BRISTOT DE OLIVEIRA;PROFESSOR ALEX BRISTOT;SC;PSB;Partido Socialista Brasileiro;NÃO ELEITO;1648;111883.73999999999;7609601;67.89061893203883;0.014702970628814835
240001647240;4014;VALMOR JUVENAL PACHER;VALMOR PACHER;SC;PSB;Partido Socialista Brasileiro;NÃO ELEITO;445;80000.0;7609601;179.77528089887642;0.010513034783295471
240001647245;4050;RAQUEL RONISE ALVES;RAQUEL PECATTO;SC;PSB;Partido Socialista Brasileiro;NÃO ELEITO;507;99995.55;7609601;197.22988165680474;0.013140708691559519
240001647244;4088;LUIZ ANTONIO DE CAMPOS;LUIZINHO CAMPOS;SC;PSB;Partido Socialista Brasileiro;NÃO ELEITO;2334;108722.0;7609601;46.58183376178235;0.014287477096368127
240001647246;4030;ANIZIO DE SOUZA;ANIZIO DE SOUZA;SC;PSB;Partido Socialista Brasileiro;NÃO ELEITO;2670;95000.0;7609601;35.58052434456929;0.012484228805163372
240001647248;4078;CLEOMAR DEFAVERI;CLEOMAR DEFAVERI;SC;PSB;Partido Socialista Brasileiro;NÃO ELEITO;396;0.0;7609601;0.0;0.0
240001679867;4015;JOSE CLEMIR SPINELLI;CLEMIR SPINELLI;SC;PSB;Partido Socialista Brasileiro;NÃO ELEITO;437;50413.55;7609601;115.36281464530893;0.0066249925587425675
240001647242;4001;ANA MARIA DIAS DA COSTA;ANA MARIA DIAS DA COSTA;SC;PSB;Partido Socialista Brasileiro;NÃO ELEITO;1985;201203.0;7609601;101.3617128463476;0.026440676718792484
240001647251;4022;ANICELSO FRANCISCHETTO;ANICELSO FRANCISCHETTO;SC;PSB;Partido Socialista Brasileiro;NÃO ELEITO;1898;89684.31;7609601;47.25200737618546;0.011785678381823173
240001647250;4047;RAMON FELIPE DE LIMA;RAMON LIMA;SC;PSB;Partido Socialista Brasileiro;NÃO ELEITO;551;355384.82;7609601;644.9815245009074;0.04670216217644
240001647239;4010;LUCIANA SOBOTA;LUCIANA SOBOTA;SC;PSB;Partido Socialista Brasileiro;NÃO ELEITO;577;99231.35;7609601;171.97807625649915;0.01304028292679209
240001647237;4066;JUSSANDRA DUTRA LOPEZTHAMBOURINDEGUY;BRANKA;SC;PSB;Partido Socialista Brasileiro;NÃO ELEITO;580;79900.8;7609601;137.76;0.010499998620164186
240001647243;4040;CLAUDIO ANTONIO VIGNATTI;VIGNATTI;SC;PSB;Partido Socialista Brasileiro;NÃO ELEITO;24338;1202687.01;7609601;49.41601651738023;0.15804862961934535
240001679868;4012;ANTÔNIO CARLOS DA SILVEIRA JUNIOR;TONINHO DA EDUCAÇÃO;SC;PSB;Partido Socialista Brasileiro;NÃO ELEITO;5202;433228.0;7609601;83.28104575163398;0.05693176291371913
240001647247;4055;DJALMA VANDO BERGER;DJALMA BERGER;SC;PSB;Partido Socialista Brasileiro;NÃO ELEITO;11469;1137301.11;7609601;99.1630578080042;0.14945607660638188
240001647249;4077;CLAUDIA MARIA BUS;CLAUDIA BUSS;SC;PSB;Partido Socialista Brasileiro;NÃO ELEITO;2284;199919.44;7609601;87.53040280210158;0.0262720003322119
80001598671;3030;PATRICIA MARIA BORTOLON;PATRICIA BORTOLON;ES;NOVO;Partido Novo;NÃO ELEITO;8221;381839.47000000003;3833486;46.446839800510894;0.09960632959139541
40001671794;2707;RENATO MENDONÇA DE ALENCAR;RENATO ALENCAR;AM;DC;Democracia Cristã;NÃO ELEITO;127;0.0;3941175;0.0;0.0
40001671795;2727;CICERO JOSE DE LIMA ALENCAR;CICERO ALENCAR;AM;DC;Democracia Cristã;NÃO ELEITO;743;0.0;3941175;0.0;0.0
40001671798;2773;JEFFERSON ALVES DE LIMA;JEFFERSON  BRASIL CANTE;AM;DC;Democracia Cristã;NÃO ELEITO;217;0.0;3941175;0.0;0.0
40001671796;2777;CELSO CORSINO DA SILVA;CELSO CORSINO;AM;DC;Democracia Cristã;NÃO ELEITO;536;611.4;3941175;1.1406716417910447;0.00015513140116843327
40001671799;2700;CIMARA ALENCAR CAVALCANTE;CIMARA CAVALCANTE;AM;DC;Democracia Cristã;NÃO ELEITO;411;4200.0;3941175;10.218978102189782;0.0010656720394298656
40001719325;1955;MARIA PEREIRA DANTAS;MARIA DANTAS;AM;PODE;Podemos;NÃO ELEITO;31;0.0;3941175;0.0;0.0
100001639001;2712;NEILSON SOARES CARDOSO;NEILSON SOARES;MA;DC;Democracia Cristã;NÃO ELEITO;22;10989.0;6775152;499.5;0.0016219562306498806
100001638994;2777;ZITA RABELO PONTES;ZITA PONTES;MA;DC;Democracia Cristã;NÃO ELEITO;338;15160.189999999999;6775152;44.852633136094674;0.0022376162187947956
100001639002;2728;JOSÉ DE RIBAMAR JANSEN PENHA;JANSEN PENHA;MA;DC;Democracia Cristã;NÃO ELEITO;189;10989.23;6775152;58.14407407407407;0.0016219901782277355
100001638992;2722;MARTA MATOS MORAES DOS SANTOS;MARTA MATOS;MA;DC;Democracia Cristã;NÃO ELEITO;132;22303.440000000002;6775152;168.96545454545458;0.0032919468079830537
100001638991;2705;SAMUEL CALACIO ALENCAR;SAMUEL CALACIO;MA;DC;Democracia Cristã;NÃO ELEITO;33;0.0;6775152;0.0;0.0
100001638988;2701;ADENILSON LOPES DA SILVA;ADENILSON LOPES;MA;DC;Democracia Cristã;NÃO ELEITO;181;14375.0;6775152;79.41988950276243;0.002121723615942491
100001638998;2717;ANA PAULA SILVA ROXO;ANA QUILOMBOLA;MA;DC;Democracia Cristã;NÃO ELEITO;120;0.0;6775152;0.0;0.0
100001638996;2744;SHEILA MARIA DE ARAÚJO CALAFELL;SHEILA CALAFELL;MA;DC;Democracia Cristã;NÃO ELEITO;164;15490.0;6775152;94.45121951219512;0.002286295569457335
100001638993;2766;JOÃO JOSÉ GOMES SOARES;JOÃO SOARES;MA;DC;Democracia Cristã;NÃO ELEITO;95;13989.23;6775152;147.25505263157893;0.0020647846719896467
100001638995;2741;JODSON MORAES DOS SANTOS;JODSON SANTOS;MA;DC;Democracia Cristã;NÃO ELEITO;199;10989.0;6775152;55.221105527638194;0.0016219562306498806
100001638989;2727;EDUARDO COSTA MARTINS;EDUARDO MARTINS;MA;DC;Democracia Cristã;NÃO ELEITO;391;25622.0;6775152;65.52941176470588;0.003781760173055896
100001638997;2700;WALFREDO MATOS MARINHO;PASTOR MARINHO;MA;DC;Democracia Cristã;NÃO ELEITO;245;0.0;6775152;0.0;0.0
50001600560;5044;GUILHERME FERREIRA DA SILVA;GUILHERME ESPERANÇA PELA BAHIA;BA;PSOL;Partido Socialismo e Liberdade;NÃO ELEITO;244;25574.25;14136417;104.8125;0.0018091041032533208
50001600561;5090;HAMILTON MOREIRA DE ASSIS;HAMILTON ASSIS;BA;PSOL;Partido Socialismo e Liberdade;NÃO ELEITO;5330;146606.65;14136417;27.50593808630394;0.010370849275314955
50001600566;5012;LARISSA BARROS MARTINS SOARES;LARISSA BARROS;BA;PSOL;Partido Socialismo e Liberdade;NÃO ELEITO;831;147991.13;14136417;178.08800240673887;0.010468786397571605
50001600572;5056;MARIA DA CONCEIÇÃO DE MORAIS BRITO;PASTORA SUSU;BA;PSOL;Partido Socialismo e Liberdade;NÃO ELEITO;240;47991.130000000005;14136417;199.9630416666667;0.003394858117159391
50001600584;5005;LISDEILI MARIA NOBRE GUIMARÃES DANTAS;LISDEILI VOU COM ELAS;BA;PSOL;Partido Socialismo e Liberdade;NÃO ELEITO;1519;39329.32;14136417;25.891586570111915;0.0027821278899738174
240001644880;1130;EVANDRO LUIZ BERTO;EVANDRO BERTO;SC;PP;PROGRESSISTAS;NÃO ELEITO;5875;105000.0;7609601;17.872340425531913;0.013798358153075306
240001644885;1122;SILVIO DREVECK;SILVIO DREVECK;SC;PP;PROGRESSISTAS;NÃO ELEITO;45543;1234195.39;7609601;27.099562830731394;0.16218923830566148
240001644883;1199;CRISTOFI SANT ANA;PROFESSOR CRIS;SC;PP;PROGRESSISTAS;NÃO ELEITO;1176;100250.0;7609601;85.24659863945578;0.013174146712817136
240001644881;1123;ALESSANDRO ANDRÉ MOREIRA SIMAS;ALESSANDRO SIMAS;SC;PP;PROGRESSISTAS;NÃO ELEITO;21200;190280.52;7609601;8.975496226415094;0.02500532156679437
240001644886;1121;JAYANA NICARETTA DA SILVA;JAY;SC;PP;PROGRESSISTAS;NÃO ELEITO;15928;384746.24;7609601;24.15533902561527;0.05056063254827684
240001644877;1128;NELSON TRENTINI;NELSON TRENTINI;SC;PP;PROGRESSISTAS;NÃO ELEITO;4747;119688.06999999999;7609601;25.2134126816937;0.015728560538193787
240001644887;1188;MARILISE SCHMIDT MARTINEZ;MARILISE MARTINEZ;SC;PP;PROGRESSISTAS;NÃO ELEITO;1277;149987.8;7609601;117.45324980422865;0.019710336980874554
240001728690;1110;FRANCIELE GIANELLO;FRANCIELE GIANELLO;SC;PP;PROGRESSISTAS;NÃO ELEITO;672;98423.5;7609601;146.46354166666666;0.012934120987421022
240001644884;1100;EDUARDO DIETRICH ZIMMERMANN;ZIMMERMANN;SC;PP;PROGRESSISTAS;NÃO ELEITO;1986;110322.0;7609601;55.54984894259819;0.014497737792034037
240001644882;1155;ITAMAR ANTONIO AGNOLETTO;ITAMAR AGNOLETTO;SC;PP;PROGRESSISTAS;NÃO ELEITO;8315;399387.11;7609601;48.03212387251954;0.052484632242873176
240001644889;1177;SILVIA MARIA ALVES DA SILVA DE OLIVEIRA;SILVIA OLIVEIRA;SC;PP;PROGRESSISTAS;NÃO ELEITO;1041;99988.23;7609601;96.05017291066282;0.013139746748876847
240001644891;1127;ANAPAULA CARNEIRO FLORA;ANAPAULA CARNEIRO;SC;PP;PROGRESSISTAS;NÃO ELEITO;517;100026.0;7609601;193.47388781431334;0.01314471021542391
240001644890;1166;VALMIR FRANCISCO COMIN;VALMIR COMIN;SC;PP;PROGRESSISTAS;NÃO ELEITO;21766;790118.9199999999;7609601;36.30060277497013;0.10383184611124814
240001644888;1133;ANGELA REGINA HEINZEN AMIN HELOU;ANGELA AMIN;SC;PP;PROGRESSISTAS;NÃO ELEITO;38428;2974267.92;7609601;77.39845737483085;0.3908572762224984
240001644892;1135;JEANINE CRISTINA DO NASCIMENTO;JEANINE NASCIMENTO;SC;PP;PROGRESSISTAS;NÃO ELEITO;835;129476.68;7609601;155.06189221556886;0.017014910505820213
240001644878;1111;JOÃO ALBERTO PIZZOLATTI NETO;JOÃO PIZZOLATTI;SC;PP;PROGRESSISTAS;NÃO ELEITO;28195;621566.6;7609601;22.04527753147721;0.08168189107418378
240001644879;1178;ANDERSON LUZ DOS SANTOS;ANDERSON BATATA;SC;PP;PROGRESSISTAS;NÃO ELEITO;5088;107000.0;7609601;21.02987421383648;0.014061184022657693
80001610096;4444;THIAGO MENEZES CARREIRO;THIAGO CARREIRO;ES;UNIÃO;UNIÃO BRASIL;NÃO ELEITO;13017;1857320.5;3833486;142.6842206345548;0.48449909560123605
80001610100;4456;JOSUÉ BATISTA DA SILVA;JOSUÉ BATISTA;ES;UNIÃO;UNIÃO BRASIL;NÃO ELEITO;540;410045.0;3833486;759.3425925925926;0.10696400091196367
80001610094;4464;WESLEY VIEIRA SATHLER;WESLEY SATHLER;ES;UNIÃO;UNIÃO BRASIL;NÃO ELEITO;1232;619990.24;3833486;503.23883116883115;0.16173014326907675
80001610097;4400;GUSTAVO PEIXOTO SOARES MIGUEL;DR. GUSTAVO PEIXOTO;ES;UNIÃO;UNIÃO BRASIL;NÃO ELEITO;22294;1696669.74;3833486;76.10432134206513;0.44259187068897604
80001610102;4404;FELIPE RIGONI LOPES;FELIPE RIGONI;ES;UNIÃO;UNIÃO BRASIL;NÃO ELEITO;63362;2399230.09;3833486;37.865441273949685;0.6258611848328127
80001610098;4474;CLÁUDIA MILEIPE FESTA LEMOS;CLÁUDIA LEMOS;ES;UNIÃO;UNIÃO BRASIL;NÃO ELEITO;3810;710403.02;3833486;186.45748556430448;0.18531514657937972
80001610095;4411;WANDERLEY DE MORAES FARIA;WANDERLEY MORAES;ES;UNIÃO;UNIÃO BRASIL;NÃO ELEITO;5017;375000.0;3833486;74.74586406218856;0.09782219108143345
80001610099;4433;PATRÍCIA PIMENTEL ORLETTE;PATRÍCIA ORLETTE;ES;UNIÃO;UNIÃO BRASIL;NÃO ELEITO;2760;600915.81;3833486;217.72311956521742;0.15675440317246497
80001610103;4455;MARIA HELENA NETTO;MARIA HELENA;ES;UNIÃO;UNIÃO BRASIL;NÃO ELEITO;3456;630000.0;3833486;182.29166666666666;0.1643412810168082
80001610104;4410;FERNANDA MATTOS GANDINI;ENFERMEIRA FERNANDA GANDINI;ES;UNIÃO;UNIÃO BRASIL;NÃO ELEITO;3477;500315.7;3833486;143.89292493528905;0.1305119413505097
80001610101;4422;HELDER PAULO CARNIELLI;HELDER CARNIELLI;ES;UNIÃO;UNIÃO BRASIL;NÃO ELEITO;2409;459862.8;3833486;190.8936488169365;0.1199594311809147
190001620844;1600;VÂNIA MARIA BORGES DA LUZ;VÂNIA LUZ;RJ;PSTU;Partido Socialista dos Trabalhadores Unificado;NÃO ELEITO;303;10251.35;16054524;33.83283828382839;0.0006385334127626581
190001620843;1616;VINÍCIUS CAMARGO PEREIRA DA COSTA;VINICIUS CAMARGO;RJ;PSTU;Partido Socialista dos Trabalhadores Unificado;NÃO ELEITO;621;10240.0;16054524;16.48953301127214;0.0006378264469254896
270001642306;1900;MARCOS VALÉRIO SOARES;MARCÃO;TO;PODE;Podemos;NÃO ELEITO;3835;474988.11;1511459;123.85609126466753;0.31425801824594646
270001642303;1988;TIAGO DIMAS BRAGA PEREIRA;TIAGO DIMAS;TO;PODE;Podemos;NÃO ELEITO;42970;2996970.76;1511459;69.74565417733302;1.9828329845533355
270001642308;1991;ZULMIRA BEZERRA;SAMIRA BEZERRA;TO;PODE;Podemos;NÃO ELEITO;845;917774.76;1511459;1086.123976331361;0.6072111516091406
270001642301;1980;JOSMUNDO VILA NOVA DE SOUZA;JOSMUNDO VILA NOVA;TO;PODE;Podemos;NÃO ELEITO;1924;449641.0;1511459;233.70114345114345;0.297488056242346
270001642307;1922;JURIMAR JOSÉ TRINDADE JÚNIOR;JÚNIOR TRINDADE;TO;PODE;Podemos;NÃO ELEITO;3237;659997.7;1511459;203.89178251467408;0.4366626550902141
270001642304;1977;SALOMÃO BARROS DE SOUSA;SALOMÃO DO ALZIRO GOMES;TO;PODE;Podemos;NÃO ELEITO;3670;650054.1900000001;1511459;177.12648228882836;0.4300839056831843
270001642302;1919;JOSÉ ALVES MACIEL;KITA MACIEL;TO;PODE;Podemos;NÃO ELEITO;9241;959995.41;1511459;103.8843642462937;0.6351448567245291
270001642309;1999;VERÔNICA TAVARES FONTOURA EVANGELISTA;VERÔNICA FONTOURA;TO;PODE;Podemos;NÃO ELEITO;2929;729978.97;1511459;249.22463980880846;0.4829631303263932
270001642305;1920;VALÉRIA DOMINGUES SOARES;VALÉRIA DOMINGUES;TO;PODE;Podemos;NÃO ELEITO;3033;1438436.97;1511459;474.2621068249258;0.9516877202755748
120001606594;1267;JESSICA BEZERRA TORRES;JESSICA TORRES;MS;PDT;Partido Democrático Trabalhista;NÃO ELEITO;557;100000.0;2756700;179.53321364452424;0.03627525664744078
120001606599;1200;LUIS ALBERTO BRIZOLA OTERO;LUIS BRIZOLA;MS;PDT;Partido Democrático Trabalhista;NÃO ELEITO;1436;15000.0;2756700;10.445682451253482;0.005441288497116117
120001606596;1234;ANGELA CRISTINA CASAL REGASSO;ANGELA REGASSO;MS;PDT;Partido Democrático Trabalhista;NÃO ELEITO;2702;117944.04;2756700;43.65064396743153;0.04278450321036021
120001606598;1212;ROBERTO MATEUS DE OLIVEIRA GALVÃO;ROBERTO MATEUS;MS;PDT;Partido Democrático Trabalhista;NÃO ELEITO;3101;119986.0;2756700;38.6926797807159;0.04352522944099829
120001606597;1201;JORGE RODRIGUES DE LIMA;JORGE RODRIGUES;MS;PDT;Partido Democrático Trabalhista;NÃO ELEITO;263;29794.5;2756700;113.287072243346;0.010808031341821744
120001606595;1277;ALCEU SOARES NETO;ALCEU SOARES NETO;MS;PDT;Partido Democrático Trabalhista;NÃO ELEITO;626;29658.61;2756700;47.37797124600639;0.010758736895563536
30001723512;3655;ANTONIO FLEXA SOARES;ANTONIO FLEXA;AP;AGIR;AGIR;NÃO ELEITO;44;0.0;733508;0.0;0.0
30001712958;3622;LEILA ROSANA DA SILVA MONTEIRO;LEILA SILVA;AP;AGIR;AGIR;NÃO ELEITO;30;0.0;733508;0.0;0.0
30001712960;3611;RISOLANE CAMILA DA COSTA NEGREIROS;RISOLANE CAMILA;AP;AGIR;AGIR;NÃO ELEITO;4;0.0;733508;0.0;0.0
250001612092;4533;PAULO ALEXANDRE PEREIRA BARBOSA;PAULO ALEXANDRE BARBOSA;SP;PSDB;Partido da Social Democracia Brasileira;ELEITO POR QP;170378;3172887.25;44420459;18.622634671142986;0.07142851112817182
250001612095;4510;VITOR LIPPI;VITOR LIPPI;SP;PSDB;Partido da Social Democracia Brasileira;ELEITO POR QP;106661;2750100.0;44420459;25.783557251478985;0.06191066148145835
250001613818;1818;MARIA OSMARINA MARINA DA SILVA VAZ DE LIMA;MARINA SILVA;SP;REDE;Rede Sustentabilidade;ELEITO POR QP;237526;2833030.73;44420459;11.92724472268299;0.06377761044747421
130001611005;2222;NIKOLAS FERREIRA DE OLIVEIRA;NIKOLAS FERREIRA;MG;PL;Partido Liberal;ELEITO POR QP;1492047;280391.19;20538718;0.18792383215810227;0.013651835036636658
130001611021;2210;MAURICIO LUIZ DE SOUZA;MAURICIO DO VOLEI;MG;PL;Partido Liberal;ELEITO POR QP;83396;651800.0;20538718;7.81572257662238;0.03173518425054572
130001611018;2240;EMIDIO ALVES MADEIRA JUNIOR;EMIDINHO MADEIRA;MG;PL;Partido Liberal;ELEITO POR QP;119101;1105687.88;20538718;9.283615418846189;0.053834318188700964
250001620281;4040;TABATA CLAUDIA AMARAL DE PONTES;TABATA AMARAL;SP;PSB;Partido Socialista Brasileiro;ELEITO POR QP;337873;2282868.17;44420459;6.756586557671078;0.05139226881919433
130001610990;2277;EROS FERREIRA BIONDINI;EROS BIONDINI;MG;PL;Partido Liberal;ELEITO POR QP;77900;1736741.18;20538718;22.294495250320924;0.0845593761012737
130001610992;2238;GERALDO JUNIO DO AMARAL;JUNIO AMARAL;MG;PL;Partido Liberal;ELEITO POR QP;59297;455204.76;20538718;7.676691232271447;0.022163250890342816
130001610999;2200;JOSÉ VITOR DE RESENDE AGUIAR;ZÉ VITOR;MG;PL;Partido Liberal;ELEITO POR QP;152748;2628391.92;20538718;17.207373713567446;0.12797254044775336
130001611001;2233;LINCOLN DINIZ PORTELA;LINCOLN PORTELA;MG;PL;Partido Liberal;ELEITO POR QP;42328;1097460.01;20538718;25.927518663768662;0.05343371528836415
130001611016;2260;DOMINGOS SÁVIO CAMPOS RESENDE;DOMINGOS SÁVIO;MG;PL;Partido Liberal;ELEITO POR QP;90236;2387857.64;20538718;26.46236136353562;0.11626127979360738
130001611024;2244;SAMUEL JOSÉ RODRIGUES DE VIANA;SAMUEL VIANA;MG;PL;Partido Liberal;ELEITO POR QP;62704;650820.0;20538718;10.379242153610615;0.03168746949054951
130001611029;2217;MARCELO HENRIQUE TEIXEIRA DIAS;MARCELO ÁLVARO ANTÔNIO;MG;PL;Partido Liberal;ELEITO POR QP;31025;1731706.43;20538718;55.81648444802578;0.08431424152179313
130001611025;2215;ROSÂNGELA DE OLIVEIRA CAMPOS REIS;ROSÂNGELA REIS;MG;PL;Partido Liberal;ELEITO POR QP;42009;813422.6;20538718;19.363055535718537;0.03960435115765258
250001620296;4000;JONAS DONIZETTE FERREIRA;JONAS DONIZETTE;SP;PSB;Partido Socialista Brasileiro;ELEITO POR QP;84044;3140817.86;44420459;37.3711134643758;0.07070656023612903
250001606067;7780;MARCELO DE LIMA FERNANDES;MARCELO LIMA;SP;SOLIDARIEDADE;Solidariedade;ELEITO POR QP;110430;2037666.32;44420459;18.452108303902925;0.04587224819086178
120001645933;1122;LUIZ ALBERTO OVANDO;DR. LUIZ OVANDO;MS;PP;PROGRESSISTAS;ELEITO POR MÉDIA;45491;2230000.0;2756700;49.02068541030094;0.8089382232379294
110001612761;2230;ABILIO JACQUES BRUNINI MOUMER;ABÍLIO;MT;PL;Partido Liberal;ELEITO POR QP;87072;1068193.77;3658813;12.267936535281146;0.29195090593588685
240001602681;1510;RAFAEL PEZENTI;RAFAEL PEZENTI;SC;MDB;Movimento Democrático Brasileiro;ELEITO POR MÉDIA;68208;2078629.28;7609601;30.474860426929393;0.2731587740277053
240001602683;1570;CARLOS ALBERTO CHIODINI;CARLOS CHIODINI;SC;MDB;Movimento Democrático Brasileiro;ELEITO POR MÉDIA;80089;1894318.44;7609601;23.652666908064777;0.2489379456294752
170001620144;1415;ANTONIO CÃNDIDO DA SILVA;ANTONIO CANDIDO ALFAIATE MIAGI;PE;PTB;Partido Trabalhista Brasileiro;NÃO ELEITO;138;0.0;9058155;0.0;0.0
170001620151;1420;MARIA CLÁUDIA DO MONTE;CLAUDIA MONTES;PE;PTB;Partido Trabalhista Brasileiro;NÃO ELEITO;262;30000.0;9058155;114.50381679389314;0.0033119327280224284
170001730140;1411;NICELIA BORGES DIAS;NICELIA BORGES;PE;PTB;Partido Trabalhista Brasileiro;NÃO ELEITO;96;0.0;9058155;0.0;0.0
170001620143;1400;NELSON FERREIRA DA SILVA;LEÃO DO NORTE;PE;PTB;Partido Trabalhista Brasileiro;NÃO ELEITO;236;0.0;9058155;0.0;0.0
170001620150;1410;JOÃO GALDINO DA SILVA;PROF JOÃO GALDINO;PE;PTB;Partido Trabalhista Brasileiro;NÃO ELEITO;112;670.0;9058155;5.982142857142857;7.39664975925009e-05
170001620146;1414;RICARDO SALAS ROLDAN;CAPITÃO SALAS;PE;PTB;Partido Trabalhista Brasileiro;NÃO ELEITO;1085;0.0;9058155;0.0;0.0
170001620141;1441;PEDRO PAULO DOS SANTOS;MISSIONÁRIO PEDRO PAULO;PE;PTB;Partido Trabalhista Brasileiro;NÃO ELEITO;215;0.0;9058155;0.0;0.0
170001620140;1422;JOCTÃ DE ALMEIDA BARROS;JOCTÂ BARROS;PE;PTB;Partido Trabalhista Brasileiro;NÃO ELEITO;469;0.0;9058155;0.0;0.0
170001620145;1450;JOSÉ CARLOS DA SILVA;PROF ZÉ CARLOS;PE;PTB;Partido Trabalhista Brasileiro;NÃO ELEITO;300;0.0;9058155;0.0;0.0
170001620142;1401;ELIZABETE MARIA DA SILVA BARROS;BETE BARROS;PE;PTB;Partido Trabalhista Brasileiro;NÃO ELEITO;250;10000.0;9058155;40.0;0.0011039775760074762
240001611144;5511;RICARDO ZANATTA GUIDI;RICARDO GUIDI;SC;PSD;Partido Social Democrático;ELEITO POR MÉDIA;74066;2163605.2;7609601;29.21185429211784;0.28432570906148696
50001621019;1122;CLAUDIO CAJADO SAMPAIO;CLAUDIO CAJADO;BA;PP;PROGRESSISTAS;ELEITO POR QP;154098;2529296.02;14136417;16.413555140235434;0.1789205864541206
50001621029;1144;ORLANDO SULZ DE ALMEIDA NETO;NETO CARLETTO;BA;PP;PROGRESSISTAS;ELEITO POR QP;164655;2079438.52;14136417;12.629063921532902;0.1470979895400652
50001621035;1111;MÁRIO SÍLVIO MENDES NEGROMONTE JÚNIOR;MÁRIO NEGROMONTE JR;BA;PP;PROGRESSISTAS;ELEITO POR QP;147711;2250000.0;14136417;15.232447143408413;0.15916338630927485
220001600709;4412;CRISTIANE LOPES DA LUZ BENARROSH;CRISTIANE LOPES;RO;UNIÃO;UNIÃO BRASIL;ELEITO POR MÉDIA;22806;1618564.34;1581016;70.97098745944051;1.0237495003213124
220001605553;4429;JOSÉ EURIPEDES CLEMENTE;LEBRÃO;RO;UNIÃO;UNIÃO BRASIL;ELEITO POR MÉDIA;12607;1474988.93;1581016;116.99761481716506;0.9329373833028888
220001600707;4444;MAURÍCIO FONSECA RIBEIRO CARVALHO DE MORAES;MAURÍCIO CARVALHO;RO;UNIÃO;UNIÃO BRASIL;ELEITO POR MÉDIA;32637;2931091.52;1581016;89.80885252933787;1.8539290683965248
200001603645;1333;FERNANDO WANDERLEY VARGAS DA SILVA;MINEIRO;RN;PT;Partido dos Trabalhadores;ELEITO POR MÉDIA;83481;893605.27;3302729;10.70429522885447;0.2705657261010516
130001634141;1919;NELI PEREIRA DE AQUINO;NELY AQUINO;MG;PODE;Podemos;ELEITO POR MÉDIA;66866;3002350.02;20538718;44.90099632100021;0.14618001084585708
260001646377;4477;RODRIGO SANTANA VALADARES;RODRIGO VALADARES;SE;UNIÃO;UNIÃO BRASIL;ELEITO POR MÉDIA;49696;2801550.08;2209558;56.373754024468774;1.2679233041178373
160001654834;1000;DIEGO ALEXSANDER GONÇALO PAULA GARCIA;DIEGO GARCIA;PR;REPUBLICANOS;REPUBLICANOS;ELEITO POR QP;65416;1123843.42;11443208;17.179947107741224;0.09821052103570956
40001612948;2210;ALBERTO BARROS CAVALCANTE NETO;CAPITÃO ALBERTO NETO;AM;PL;Partido Liberal;ELEITO POR MÉDIA;147846;1047836.6900000001;3941175;7.087352312541428;0.26586911010041425
160001614453;7789;HORACIO TERTULIANO DOS SANTOS FILHO;PROFESSOR HORÁCIO;PR;SOLIDARIEDADE;Solidariedade;NÃO ELEITO;610;119996.0;11443208;196.71475409836066;0.010486220297664781
160001614454;7733;HUMBERTO JOSE HENRIQUE;HUMBERTO HENRIQUE;PR;SOLIDARIEDADE;Solidariedade;NÃO ELEITO;7982;332530.29;11443208;41.660021297920316;0.029059184277695552
160001614452;7778;GERSON GOMES;GERSINHO;PR;SOLIDARIEDADE;Solidariedade;NÃO ELEITO;990;29949.54;11443208;30.252060606060606;0.0026172328598763565
160001614465;7706;RODNEY DE MELO LAROCCA;LAROCCA O CERVEJINHA;PR;SOLIDARIEDADE;Solidariedade;NÃO ELEITO;1673;100000.0;11443208;59.772863120143455;0.008738808208327595
160001614455;7757;JACIARA NOVAES MELLO;JACIARA MELLO;PR;SOLIDARIEDADE;Solidariedade;NÃO ELEITO;804;149250.16;11443208;185.63452736318408;0.013042685233022069
160001614461;7751;MARIA DAS DORES DAS NEVES LADEIRA;MARIA NEVES;PR;SOLIDARIEDADE;Solidariedade;NÃO ELEITO;580;0.0;11443208;0.0;0.0
160001614449;7714;DANIELLE FORBECI SUZUKI;DANIELLE SUZUKI;PR;SOLIDARIEDADE;Solidariedade;NÃO ELEITO;467;99461.76;11443208;212.9802141327623;0.008691772447027091
160001614457;7711;JOSE FERREIRA DOS SANTOS;CARLINHOS VIDENTE;PR;SOLIDARIEDADE;Solidariedade;NÃO ELEITO;1874;205132.73;11443208;109.46250266808966;0.017926155847206485
160001614459;7799;LUCILENE BORGES DOS SANTOS SPILMANN;LUCILENE SPILMANN;PR;SOLIDARIEDADE;Solidariedade;NÃO ELEITO;216;41172.0;11443208;190.61111111111111;0.0035979421155326375
160001614466;7717;SILMARA PIRACELLI;SILMARA PIRACELLI;PR;SOLIDARIEDADE;Solidariedade;NÃO ELEITO;195;59924.0;11443208;307.3025641025641;0.005236643430758228
160001614446;7777;AMANDA DRZEWINSKI DE MIRANDA;PROFESSORA AMANDA;PR;SOLIDARIEDADE;Solidariedade;NÃO ELEITO;2032;79999.9;11443208;39.370029527559055;0.006991037827853867
160001614445;7766;ADANI PRIMO TRICHES;ADANI TRICHES;PR;SOLIDARIEDADE;Solidariedade;NÃO ELEITO;1398;227638.8;11443208;162.83175965665237;0.019892918139738435
160001614450;7707;DECARLO CISZ TREVIZAN;DECARLO TREVIZAN;PR;SOLIDARIEDADE;Solidariedade;NÃO ELEITO;1212;70401.0;11443208;58.086633663366335;0.00615220836674471
160001614460;7788;LUIZ GOULARTE ALVES;LUIZÃO GOULART;PR;SOLIDARIEDADE;Solidariedade;NÃO ELEITO;96543;980900.9;11443208;10.160248801052381;0.08571904836475926
160001614447;7780;ASSIS MIGUEL DO COUTO;ASSIS DO COUTO;PR;SOLIDARIEDADE;Solidariedade;NÃO ELEITO;9820;351119.09;11443208;35.755508146639514;0.030683623857925158
160001614451;7722;EDILSO FERNANDES;CABO DIRSO;PR;SOLIDARIEDADE;Solidariedade;NÃO ELEITO;928;164642.13;11443208;177.41608836206896;0.01438775997080539
160001614462;7741;MAURICIO VELASCO DA SILVA VELASCO;MAURICIO VELASCO;PR;SOLIDARIEDADE;Solidariedade;NÃO ELEITO;93;80000.0;11443208;860.2150537634409;0.006991046566662076
160001614448;7755;CAROLINA SCARPELINI;CAROLINA SCARPELINI;PR;SOLIDARIEDADE;Solidariedade;NÃO ELEITO;1486;246278.71;11443208;165.73264468371465;0.02152182412484331
160001614463;7750;NATANE DE BORBA;NATANE BORBA;PR;SOLIDARIEDADE;Solidariedade;NÃO ELEITO;1179;49997.47;11443208;42.40667514843088;0.004369183012316127
160001614456;7790;JOAO CANDIDO ALVES DE OLIVEIRA;JORNALISTA KANDIDO DE OLIVEIRA;PR;SOLIDARIEDADE;Solidariedade;NÃO ELEITO;528;71000.0;11443208;134.46969696969697;0.0062045538279125925
160001614458;7700;LUCIANO ARAUJO DOS SANTOS MAZUR;LUCIANO ARAUJO;PR;SOLIDARIEDADE;Solidariedade;NÃO ELEITO;512;35000.0;11443208;68.359375;0.0030585828729146583
160001614464;7744;PAULO ROBERTO RINK;PAULO RINK;PR;SOLIDARIEDADE;Solidariedade;NÃO ELEITO;1842;99971.5;11443208;54.27334419109663;0.00873631764798822
250001602079;4440;FERNANDO JOSE DE SOUZA MARANGONI;MARANGONI;SP;UNIÃO;UNIÃO BRASIL;ELEITO POR MÉDIA;89390;2816949.69;44420459;31.513029309766193;0.0634155916758987
50001620881;1244;LEONARDO SILVA PRATES;LÉO PRATES;BA;PDT;Partido Democrático Trabalhista;ELEITO POR QP;143763;1197999.76;14136417;8.333157766601976;0.08474564382191047
220001604140;1555;LUCIO ANTONIO MOSQUINI;LUCIO MOSQUINI;RO;MDB;Movimento Democrático Brasileiro;ELEITO POR MÉDIA;48735;2868223.67;1581016;58.85346609213091;1.8141648598116653
220001604141;1522;THIAGO LEITE FLORES PEREIRA;THIAGO FLORES;RO;MDB;Movimento Democrático Brasileiro;ELEITO POR MÉDIA;23791;1395899.6;1581016;58.67343112941869;0.8829130128980353
60001614161;2222;ANDRÉ FERNANDES DE MOURA;ANDRÉ FERNANDES;CE;PL;Partido Liberal;ELEITO POR QP;229509;1094316.76;8791688;4.768077766013533;0.12447174649509855
60001614168;2299;MATHEUS SOARES NORONHA;MATHEUS NORONHA;CE;PL;Partido Liberal;ELEITO POR QP;150823;705678.6;8791688;4.678852694880754;0.08026656541951897
60001614155;2211;YURY BRUNO ALENCAR ARAÚJO;YURY DO PAREDÃO;CE;PL;Partido Liberal;ELEITO POR QP;90425;796654.08;8791688;8.810108708874758;0.09061446220566516
60001614151;2255;ANTONIO LUIZ RODRIGUES MANO JUNIOR;JÚNIOR MANO;CE;PL;Partido Liberal;ELEITO POR QP;216531;1385782.09;8791688;6.399924675912456;0.15762412064668355
210001596928;5050;FERNANDA MELCHIONNA E SILVA;FERNANDA MELCHIONNA;RS;PSOL;Partido Socialismo e Liberdade;ELEITO POR QP;199894;1789567.77;10880506;8.952583719371267;0.1644746825193608
240001597412;3050;GILSON MARQUES VIEIRA;GILSON MARQUES;SC;NOVO;Partido Novo;ELEITO POR MÉDIA;87894;1043608.22;7609601;11.873486472341684;0.1371436189624134
40001609376;1000;ADAIL JOSÉ FIGUEIREDO PINHEIRO;ADAIL FILHO;AM;REPUBLICANOS;REPUBLICANOS;ELEITO POR MÉDIA;90028;1759795.8;3941175;19.547205313902342;0.4465155188490742
20001614182;1190;FABIO MICHEY COSTA DA SILVA;DELEGADO FABIO COSTA;AL;PP;PROGRESSISTAS;ELEITO POR MÉDIA;60767;1668744.3;3127511;27.461357315648296;0.5335694422817377
20001614181;1155;DANIEL BARBOSA DE ALMEIDA SILVA;DANIEL BARBOSA;AL;PP;PROGRESSISTAS;ELEITO POR MÉDIA;63385;2317115.43;3127511;36.55621093318609;0.7408816243971644
230001602809;1510;DUDA BRITO RAMOS;DUDA RAMOS;RR;MDB;Movimento Democrático Brasileiro;ELEITO POR MÉDIA;14793;1004554.95;636303;67.90745284932062;1.5787367810618524
190001619500;4444;MARCOS BEZERRA RIBEIRO SOARES;MARCOS RR SOARES;RJ;UNIÃO;UNIÃO BRASIL;ELEITO POR MÉDIA;43533;2485948.96;16054524;57.10493097190637;0.15484413988231605
150001612089;2030;RUY MANUEL CARNEIRO BARBOSA DE AÇA BELCHIOR;RUY CARNEIRO;PB;PSC;Partido Social Cristão;ELEITO POR MÉDIA;102531;2761027.62;3974495;26.9287105363256;0.6946863991525968
120001652588;1367;CAMILA BAZACHI JARA MARZOCHI;CAMILA JARA;MS;PT;Partido dos Trabalhadores;ELEITO POR MÉDIA;56552;818882.35;2756700;14.480166041872966;0.2970516741030943
100001613704;1340;RUBENS PEREIRA E SILVA JUNIOR;RUBENS PEREIRA JR;MA;PT;Partido dos Trabalhadores;ELEITO POR MÉDIA;91872;1915108.5;6775152;20.845399033437825;0.28266649958554435
80001719422;1300;JACKELINE OLIVEIRA ROCHA;JACK ROCHA;ES;PT;Partido dos Trabalhadores;ELEITO POR MÉDIA;51317;924455.42;3833486;18.014603737552857;0.24115267931068485
250001643871;2020;GILBERTO NASCIMENTO SILVA;GILBERTO NASCIMENTO;SP;PSC;Partido Social Cristão;ELEITO POR MÉDIA;95077;1420339.54;44420459;14.93883420806294;0.031974895621857485
230001600114;1099;JOSÉ FRANCISCO LOPES DE ALBUQUERQUE;ALBUQUERQUE;RR;REPUBLICANOS;REPUBLICANOS;ELEITO POR MÉDIA;14015;500820.9;636303;35.734634320371036;0.7870792688389022
230001600112;1077;STÉLIO DENER DE SOUZA CRUZ;DEFENSOR STÉLIO DENER;RR;REPUBLICANOS;REPUBLICANOS;ELEITO POR MÉDIA;14193;568771.41;636303;40.07407947579793;0.8938688172144403
160001603297;1122;DILCEU JOÃO SPERAFICO;DILCEU SPERAFICO;PR;PP;PROGRESSISTAS;ELEITO POR MÉDIA;61689;1602097.37;11443208;25.970551800158862;0.14000421647496053
210001620060;4500;DANIEL TRZECIAK DUARTE;DANIEL TRZECIAK  DANIEL DA TV ;RS;PSDB;Partido da Social Democracia Brasileira;ELEITO POR MÉDIA;77232;2065108.34;10880506;26.739024497617567;0.18979892479265212
150001619545;1011;HUGO MOTTA WANDERLEY DA NOBREGA;HUGO MOTTA;PB;REPUBLICANOS;REPUBLICANOS;ELEITO POR QP;158171;1716628.76;3974495;10.852993026534573;0.43191116355662795
150001619544;1044;CÁSSIO MURILO GALDINO DE ARAÚJO;MURILO GALDINO;PB;REPUBLICANOS;REPUBLICANOS;ELEITO POR QP;112891;2045403.26;3974495;18.118390837179227;0.5146322388127297
160001654666;4433;NELSON FERNANDO PADOVANI;PADOVANI;PR;UNIÃO;UNIÃO BRASIL;ELEITO POR MÉDIA;57185;1828459.11;11443208;31.974453265716537;0.1597855347905937
200001608801;4488;PAULO EDUARDO DA COSTA FREIRE;PAULINHO FREIRE;RN;UNIÃO;UNIÃO BRASIL;ELEITO POR MÉDIA;77906;2771888.4;3302729;35.57990912124868;0.8392721291998223
260001619667;5505;KATARINA FEITOZA LIMA SANTANA;DELEGADA KATARINA;SE;PSD;Partido Social Democrático;ELEITO POR MÉDIA;38135;2611315.81;2209558;68.47556863773437;1.1818272296993335
130001668913;1510;NEWTON CARDOSO JÚNIOR;NEWTON CARDOSO JR;MG;MDB;Movimento Democrático Brasileiro;ELEITO POR MÉDIA;103056;3029391.67;20538718;29.395587544635926;0.14749662904958333
150001718233;2222;JOSÉ WELLINGTON ROBERTO;WELLINGTON ROBERTO;PB;PL;Partido Liberal;ELEITO POR MÉDIA;109067;1226346.8;3974495;11.243976638213208;0.3085541181961482
160001622024;2222;FERNANDO LUCIO GIACOBO;GIACOBO;PR;PL;Partido Liberal;ELEITO POR QP;152342;1845514.23;11443208;12.114283848183693;0.1612759490170938
160001622028;2201;FILIPE BARROS BAPTISTA DE TOLEDO RIBEIRO;FILIPE BARROS;PR;PL;Partido Liberal;ELEITO POR QP;249507;2936773.34;11443208;11.770304400277347;0.25663898969589644
250001611846;1022;MARIA DO PARTO MENDES ROSAS;MARIA ROSAS;SP;REPUBLICANOS;REPUBLICANOS;ELEITO POR MÉDIA;94787;2628942.09;44420459;27.735260004008985;0.05918313653625236
180001613686;1616;FRANCISNAYRA MARIA DE JESUS DA SILVA;FRAN DE JESUS;PI;PSTU;Partido Socialista dos Trabalhadores Unificado;NÃO ELEITO;207;6700.0;3269200;32.367149758454104;0.0020494310534687385
180001613687;1611;EGMAR OLIVEIRA SOUZA JÚNIOR;EGMAR OLIVEIRA;PI;PSTU;Partido Socialista dos Trabalhadores Unificado;NÃO ELEITO;154;6700.0;3269200;43.506493506493506;0.0020494310534687385
170001609112;4444;LUCIANO CALDAS BIVAR;LUCIANO BIVAR;PE;UNIÃO;UNIÃO BRASIL;ELEITO POR MÉDIA;74425;1722221.0;9058155;23.140356063150822;0.19012933649291716
130001606697;1212;DUDA SALABERT ROSA;DUDA SALABERT;MG;PDT;Partido Democrático Trabalhista;ELEITO POR QP;208332;1280277.04;20538718;6.145369122362383;0.0623348078492533
130001606709;1234;MÁRIO LÚCIO HERINGER;DR MÁRIO HERINGER;MG;PDT;Partido Democrático Trabalhista;ELEITO POR QP;68717;2260378.82;20538718;32.89402651454516;0.11005452336411649
130001634117;1999;IGOR TARCIANO TIMO;IGOR TIMO;MG;PODE;Podemos;ELEITO POR QP;74465;3178714.8;20538718;42.687367219499095;0.15476695283512826
170001619899;4040;PEDRO HENRIQUE DE ANDRADE LIMA CARNEIRO CAMPOS;PEDRO CAMPOS;PE;PSB;Partido Socialista Brasileiro;ELEITO POR QP;172526;2782734.49;9058155;16.129363052525417;0.30720764769426007
170001619894;4011;LUCAS CAVALCANTI RAMOS;LUCAS RAMOS;PE;PSB;Partido Socialista Brasileiro;ELEITO POR QP;85571;1781098.45;9058155;20.814276448796903;0.19662927494616728
170001619893;4044;JOSE ERIBERTO MEDEIROS DE OLIVEIRA;ERIBERTO MEDEIROS;PE;PSB;Partido Socialista Brasileiro;ELEITO POR QP;99226;1052205.72;9058155;10.604133190897548;0.11616115202268011
140001601458;1005;RUBENICE DE NAZARÉ DIAS MARTINS;RUBENICE MARTINS;PA;REPUBLICANOS;REPUBLICANOS;NÃO ELEITO;4088;152122.3;8116132;37.21191291585127;0.018743201810911898
140001601459;1020;JOÃO TERRA DA TRINDADE JUNIOR;JR TERRA DA PESCA;PA;REPUBLICANOS;REPUBLICANOS;NÃO ELEITO;1981;99999.68;8116132;50.47939424533064;0.012321100741091938
140001601464;1012;ELTON EDINEZIO MAUES DA SILVA;ELTON MAUÉS;PA;REPUBLICANOS;REPUBLICANOS;NÃO ELEITO;3411;150000.0;8116132;43.97537379067722;0.01848171025311072
140001601457;1098;RAIMUNDO ALCIDETE DE LIMA;ALCIDETE LIMA;PA;REPUBLICANOS;REPUBLICANOS;NÃO ELEITO;562;55000.0;8116132;97.86476868327402;0.006776627092807263
140001601468;1010;WAGNER BACH MARTINS;VAVÁ MARTINS;PA;REPUBLICANOS;REPUBLICANOS;NÃO ELEITO;103449;236724.1;8116132;2.2883169484480277;0.029167108174189382
140001601469;1022;ANA CLÁUDIA MAGALHÃES;NANA MAGALHÃES;PA;REPUBLICANOS;REPUBLICANOS;NÃO ELEITO;1958;245986.05;8116132;125.63128192032686;0.030308286016048038
140001601456;1055;GISELLE CAMPOS LOBATO;PEDAGOGA GISELLE LOBATO;PA;REPUBLICANOS;REPUBLICANOS;NÃO ELEITO;1063;56500.0;8116132;53.15145813734713;0.00696144419533837
140001601463;1099;MARCIEL SARAIVA DE ALMEIDA;MARCIEL MANÃO;PA;REPUBLICANOS;REPUBLICANOS;NÃO ELEITO;683;99999.64;8116132;146.41235724743777;0.01232109581263587
140001601466;1003;CELILDES DIONI MORAIS DE OLIVEIRA;DIONI MORAIS;PA;REPUBLICANOS;REPUBLICANOS;NÃO ELEITO;448;39007.0;8116132;87.06919642857143;0.0048061071456205985
140001601461;1090;ADRIANA PEREIRA NACIF;CORONEL ADRIANA;PA;REPUBLICANOS;REPUBLICANOS;NÃO ELEITO;10127;250000.0;8116132;24.686481682630593;0.030802850421851196
140001601454;1033;MARCO ANTONIO MARINHO DA CUNHA;MARINHO CUNHA;PA;REPUBLICANOS;REPUBLICANOS;NÃO ELEITO;997;64300.0;8116132;64.49348044132397;0.007922493128500128
140001601453;1013;MARIA IRANILDA PIMENTA RODRIGUES;PROFESSORA IRÁ;PA;REPUBLICANOS;REPUBLICANOS;NÃO ELEITO;3222;102000.0;8116132;31.65735567970205;0.012567562972115288
140001601460;1030;GILBERTO NASCIMENTO DA SILVA JUNIOR;JUNIOR;PA;REPUBLICANOS;REPUBLICANOS;NÃO ELEITO;1357;100000.0;8116132;73.69196757553426;0.01232114016874048
140001601455;1000;JOAQUIM ARISTIDES ARAÚJO CAMPOS;JOAQUIM CAMPOS;PA;REPUBLICANOS;REPUBLICANOS;NÃO ELEITO;4949;132455.57;8116132;26.76410790058598;0.016320036441004163
140001601462;1050;EVANDRO LUIZ DOS ANJOS LEITÃO;DR. EVANDRO LEITÃO;PA;REPUBLICANOS;REPUBLICANOS;NÃO ELEITO;4819;95877.0;8116132;19.89562149823615;0.011813139559583309
140001726576;1040;CARLOS AUGUSTO MARTINS MARQUES;CARLOS MARQUES AMIGUINHO;PA;REPUBLICANOS;REPUBLICANOS;NÃO ELEITO;1451;50000.0;8116132;34.45899379738112;0.00616057008437024
140001601467;1015;DAMIÃO VINICIUS SILVA RIBEIRO;GOLEIRO VINICIUS;PA;REPUBLICANOS;REPUBLICANOS;NÃO ELEITO;17970;248905.8;8116132;13.851185308848079;0.030668032506124838
140001601465;1011;AGUIBERTO RODRIGUES ALVES;ZICO;PA;REPUBLICANOS;REPUBLICANOS;NÃO ELEITO;2026;100000.0;8116132;49.35834155972359;0.01232114016874048
170001602577;1907;LUANA CAROANE LEITE GONÇALVES;LUANA CAROANE;PE;PODE;Podemos;NÃO ELEITO;66;20000.0;9058155;303.030303030303;0.0022079551520149524
170001602571;1938;TARCIZIO FABRÍCIO MENDES;MAJOR TARCIZIO;PE;PODE;Podemos;NÃO ELEITO;1681;155870.41;9058155;92.72481261154076;0.01720774374030915
170001602560;1944;ANDREZA BANDEIRA FERREIRA DE OLIVEIRA MELO;ANDREZA ROMERO;PE;PODE;Podemos;NÃO ELEITO;34457;2754800.0;9058155;79.94892184461793;0.30412374263853953
170001602563;1930;CRISTOVAM FERREIRA DE MELO;CRISTOVAM BOMBEIRO;PE;PODE;Podemos;NÃO ELEITO;759;150000.0;9058155;197.62845849802372;0.016559663640112143
170001602582;1991;FRANCISCO ROSA DE ASSIS;SARGENTO ASSIS;PE;PODE;Podemos;NÃO ELEITO;763;40000.0;9058155;52.424639580602886;0.004415910304029905
170001602570;1933;SAID OLIVEIRA DE SOUSA;SAID SOUSA;PE;PODE;Podemos;NÃO ELEITO;1021;25000.0;9058155;24.48579823702253;0.0027599439400186904
170001602575;1940;JULIANA FERREIRA CHAVES;JULIANA CHAVES;PE;PODE;Podemos;NÃO ELEITO;3069;251992.9;9058155;82.10912349299446;0.027819451091309434
170001602583;1901;GIDEONE PORFÍRIO DA COSTA;TENENTE GIDEONE;PE;PODE;Podemos;NÃO ELEITO;1208;159992.5;9058155;132.4441225165563;0.017662813232937613
170001602581;1912;FLÁVIO RODRIGO PEDROSA DE VASCONCELOS;FLÁVIO VASCONCELOS;PE;PODE;Podemos;NÃO ELEITO;1194;25000.0;9058155;20.938023450586265;0.0027599439400186904
170001602573;1917;JEANE MARIA DE SOUZA FONSECA;SUB TEN JEANNE;PE;PODE;Podemos;NÃO ELEITO;950;159984.24;9058155;168.40446315789472;0.01766190134745983
170001602580;1919;RICARDO TEOBALDO CAVALCANTI;RICARDO TEOBALDO;PE;PODE;Podemos;NÃO ELEITO;78880;2467190.37;9058155;31.277768382352942;0.27237228442215883
170001602566;1911;ELISSA URQUIZA VERAS;ELISSA URQUIZA FEDERAL;PE;PODE;Podemos;NÃO ELEITO;1240;200000.0;9058155;161.29032258064515;0.022079551520149523
170001602569;1988;RINALDO JOSÉ DE LIMA;RINALDO CARA VEIA;PE;PODE;Podemos;NÃO ELEITO;5297;220000.0;9058155;41.53294317538229;0.024287506672164474
170001602562;1977;CIDICLEY SILVA DE MELO;CIDI;PE;PODE;Podemos;NÃO ELEITO;5029;199919.66;9058155;39.753362497514416;0.02207068216430388
170001602572;1929;REGINALDO ALBUQUERQUE DA SILVA;REGINALDO PRATICAMENTE;PE;PODE;Podemos;NÃO ELEITO;354;20000.0;9058155;56.49717514124294;0.0022079551520149524
170001602579;1923;RICARDO JORGE DA CRUZ;RICARDO CRUZ CASTRAMÓVEL;PE;PODE;Podemos;NÃO ELEITO;1968;50000.0;9058155;25.40650406504065;0.005519887880037381
170001602565;1990;DOUGLAS MAURÍCIO RAMOS CINTRA;DOUGLAS CINTRA;PE;PODE;Podemos;NÃO ELEITO;546;595470.0;9058155;1090.6043956043957;0.06573855271851718
170001602567;1955;EDIVÂNIA LAURA DA SILVA;VÂNIA DE OIM;PE;PODE;Podemos;NÃO ELEITO;4608;258155.96;9058155;56.02342881944444;0.028499839095268296
170001602576;1920;KENNYO MIGUEL DO NASCIMENTO SILVA;KENNYO MIGUEL;PE;PODE;Podemos;NÃO ELEITO;4476;200100.0;9058155;44.70509383378016;0.0220905912959096
170001602574;1999;JOSÉ EDSON FERREIRA;ZÉ NEGÃO;PE;PODE;Podemos;NÃO ELEITO;4938;474502.0;9058155;96.09194005670312;0.052383956777069945
170001602568;1922;ELIZABETH RIBEIRO SOUTO;ELIZABETH SOUTO;PE;PODE;Podemos;NÃO ELEITO;768;119747.0;9058155;155.92057291666666;0.013219800279416724
170001602561;1900;BRUNNA RAFAELLA NASCIMENTO BEZERRA;BRUNNA BEZERRA;PE;PODE;Podemos;NÃO ELEITO;1279;148788.0;9058155;116.33150899139953;0.016425861557900035
30001607353;6565;MARCIVANIA DO SOCORRO DA ROCHA FLEXA;PROFESSORA MARCIVANIA;AP;PC do B;Partido Comunista do Brasil;NÃO ELEITO;13245;1824776.4;733508;137.77096262740656;2.48773892036624
30001607347;6545;ELIAS REAL DA SILVA;ELIAS REAL;AP;PC do B;Partido Comunista do Brasil;NÃO ELEITO;5036;600000.0;733508;119.14217633042097;0.8179869885536354
30001607352;4390;AILTON SILVA DOS SANTOS;CORONEL AILTON;AP;PV;Partido Verde;NÃO ELEITO;315;1067.0;733508;3.3873015873015873;0.0014546535279778817
30001607351;4322;MARIO MILTON MATOS DA SILVA;MARIO MATOS;AP;PV;Partido Verde;NÃO ELEITO;82;0.0;733508;0.0;0.0
30001607345;4343;ANA GIRLENE DIAS DE OLIVEIRA;ANA GIRLENE;AP;PV;Partido Verde;NÃO ELEITO;2246;403029.8;733508;179.4433659839715;0.5494552206656232
30001607348;1310;MARCOS ROBERTO MARQUES DA SILVA;PROFESSOR MARCOS;AP;PT;Partido dos Trabalhadores;NÃO ELEITO;2192;194214.92;733508;88.60169708029197;0.26477546257164203
30001607346;1300;LOURIVAL DO CARMO DE FREITAS;LOURIVAL FREITAS;AP;PT;Partido dos Trabalhadores;NÃO ELEITO;580;93650.0;733508;161.4655172413793;0.12767413579674658
30001607350;1313;MARIA DALVA DE SOUZA FIGUEIREDO;DALVA 1313;AP;PT;Partido dos Trabalhadores;NÃO ELEITO;2414;452306.69;733508;187.36814001657;0.6166349787596045
30001607349;1312;ANTONIA DO SOCORRO NOGUEIRA DE SOUZA;SOCORRO NOGUEIRA;AP;PT;Partido dos Trabalhadores;NÃO ELEITO;8904;419954.5;733508;47.16470125786164;0.5725288613075795
150001718398;3678;RODRIGO DE QUEIROZ NÓBREGA;RODRIGO NÓBREGA;PB;AGIR;AGIR;NÃO ELEITO;185;250.0;3974495;1.3513513513513513;6.290107296650266e-05
150001718402;3610;JOSE MEDEIROS DE MORAIS;JOSEPH MEDEIROS;PB;AGIR;AGIR;NÃO ELEITO;41;800.0;3974495;19.51219512195122;0.0002012834334928085
150001718396;3635;MARIA NÍCIA CATÃO AGUIAR;NÍCIA CATÃO;PB;AGIR;AGIR;NÃO ELEITO;31;0.0;3974495;0.0;0.0
150001718404;3631;RAFAEL DE LIMA RODRIGUES;PROFESSOR DR. RAFAEL;PB;AGIR;AGIR;NÃO ELEITO;246;0.0;3974495;0.0;0.0
150001718401;3614;WILMA HERCILIA SANTOS DA SILVA;WILMA SANTOS;PB;AGIR;AGIR;NÃO ELEITO;3;0.0;3974495;0.0;0.0
150001718397;3616;ELANE AGRA AIRES DOS ANJOS;ELANE AGRA;PB;AGIR;AGIR;NÃO ELEITO;22;0.0;3974495;0.0;0.0
140001677378;7788;CARLA VITORIA VIDAL FREITAS;VITORIA VIDAL;PA;SOLIDARIEDADE;Solidariedade;NÃO ELEITO;174;3790.0;8116132;21.7816091954023;0.00046697121239526414
140001677380;7777;MARCIO RENAN MESQUITA RUIVO;RENAN RUIVO;PA;SOLIDARIEDADE;Solidariedade;NÃO ELEITO;366;100000.0;8116132;273.224043715847;0.01232114016874048
140001677388;7766;MÁRCIA MARIA DUARTE MACIEL;DRA. MÁRCIA MACIEL;PA;SOLIDARIEDADE;Solidariedade;NÃO ELEITO;726;3000.0;8116132;4.132231404958677;0.00036963420506221437
140001677382;7778;GILBERTO PEREIRA DE SÁ;GILBERTO SÁ;PA;SOLIDARIEDADE;Solidariedade;NÃO ELEITO;141;0.0;8116132;0.0;0.0
140001677384;7722;DAVID NOBREGA MAFRA;DAVID MAFRA;PA;SOLIDARIEDADE;Solidariedade;NÃO ELEITO;7227;22682.0;8116132;3.138508371385084;0.0027946810130737155
140001677383;7775;LUCILENA PARAENSE CAUPER;LENNA CAUPER;PA;SOLIDARIEDADE;Solidariedade;NÃO ELEITO;239;3000.0;8116132;12.552301255230125;0.00036963420506221437
140001725223;7701;RUAN CARLOS ALVES DE SOUZA;SARGENTO RUAN;PA;SOLIDARIEDADE;Solidariedade;NÃO ELEITO;214;3000.0;8116132;14.018691588785046;0.00036963420506221437
140001677386;7733;ANTONIA CRISTINA OLIVEIRA DA SILVA SANTOS;CRISTINA OLIVEIRA;PA;SOLIDARIEDADE;Solidariedade;NÃO ELEITO;1124;3150.0;8116132;2.802491103202847;0.0003881159153153251
140001677381;7740;MARINALDO GOMES CORREA;SARGENTO G CORRÊA;PA;SOLIDARIEDADE;Solidariedade;NÃO ELEITO;37;0.0;8116132;0.0;0.0
140001677387;7700;JOELSON LOPES MELO;CABO JOELSON MELO;PA;SOLIDARIEDADE;Solidariedade;NÃO ELEITO;914;5700.0;8116132;6.236323851203501;0.0007023049896182073
150001718399;3613;JULIERME MONTENEGRO DA SILVA;PROFESSOR MONTENEGRO;PB;AGIR;AGIR;NÃO ELEITO;69;0.0;3974495;0.0;0.0
150001718400;3636;ANDREIA ALVES DO RÊGO;PROFESSORA ANDRÉIA DO RÊGO;PB;AGIR;AGIR;NÃO ELEITO;89;716.35;3974495;8.048876404494383;0.00018023673447821673
130001607270;1334;DANDARA TONANTZIN SILVA CASTRO;DANDARA;MG;PT;Partido dos Trabalhadores;ELEITO POR QP;86034;1839237.06;20538718;21.378025664272265;0.08954974989188712
130001607276;1315;JOÃO CARLOS SIQUEIRA;PADRE JOÃO;MG;PT;Partido dos Trabalhadores;ELEITO POR QP;85718;1899549.09;20538718;22.160445764016895;0.09248625401059599
130001613373;4545;PAULO ABI-ACKEL;PAULO ABI-ACKEL;MG;PSDB;Partido da Social Democracia Brasileira;ELEITO POR QP;105383;3150598.9;20538718;29.896652211457255;0.15339803097739596
130001607277;1312;REGINALDO LÁZARO DE OLIVEIRA LOPES;REGINALDO LOPES;MG;PT;Partido dos Trabalhadores;ELEITO POR QP;196760;2260228.96;20538718;11.487238056515551;0.11004722690091952
130001607254;1307;ODAIR JOSÉ DA CUNHA;ODAIR CUNHA;MG;PT;Partido dos Trabalhadores;ELEITO POR QP;129146;2719867.66;20538718;21.060409613925327;0.13242635981466808
130001607258;1313;ROGÉRIO CORREIA DE MOURA BAPTISTA;ROGÉRIO CORREIA;MG;PT;Partido dos Trabalhadores;ELEITO POR QP;185918;1883831.46;20538718;10.132593186243398;0.0917209857012497
130001607265;1378;PAULO JOSÉ CARLOS GUEDES;PAULO GUEDES;MG;PT;Partido dos Trabalhadores;ELEITO POR QP;134494;2325868.66;20538718;17.29347524796645;0.11324312744349478
130001607253;1339;MIGUEL ÂNGELO MONTEIRO ANDRADE;MIGUEL ÂNGELO;MG;PT;Partido dos Trabalhadores;ELEITO POR QP;84173;2341109.71;20538718;27.81307200646288;0.1139851917729237
130001607244;1333;PATRUS ANANIAS DE SOUSA;PATRUS ANANIAS;MG;PT;Partido dos Trabalhadores;ELEITO POR QP;87893;1965227.65;20538718;22.35931928594996;0.09568404658947068
80001653278;3505;ELIZANGELA CONCEIÇÃO BERTOLE;ELIZÂNGELA BERTOLE;ES;PMB;Partido da Mulher Brasileira;NÃO ELEITO;23;0.0;3833486;0.0;0.0
80001653279;3500;FLORINDO JAIME MAYER;PARANÁ CEGONHEIRO;ES;PMB;Partido da Mulher Brasileira;NÃO ELEITO;238;0.0;3833486;0.0;0.0
80001653277;3535;LAURO NUNES JUNIOR;LAURO NUNES;ES;PMB;Partido da Mulher Brasileira;NÃO ELEITO;33;0.0;3833486;0.0;0.0
80001653280;3524;KENIA SILVA BORGES;KENIA BORGES;ES;PMB;Partido da Mulher Brasileira;NÃO ELEITO;18;0.0;3833486;0.0;0.0
80001653276;3522;ANTONIO HENRIQUE SOARES DE BARROS;HENRIQUE BARRINHA;ES;PMB;Partido da Mulher Brasileira;NÃO ELEITO;233;0.0;3833486;0.0;0.0
80001653281;3555;ANTONIO MARCOS CANDIDO;PASTOR ANTONIO CANDIDO;ES;PMB;Partido da Mulher Brasileira;NÃO ELEITO;538;4599.98;3833486;8.550148698884758;0.0011999469934153926
30001611380;7080;MANOEL MARIA REINALDO DA COSTA;REINALDO COSTA;AP;AVANTE;AVANTE;NÃO ELEITO;70;0.0;733508;0.0;0.0
30001611382;7040;TARCISO VILHENA DE SOUSA;TARCISO VILHENA;AP;AVANTE;AVANTE;NÃO ELEITO;624;9450.0;733508;15.14423076923077;0.012883295069719757
30001611379;7090;CLAUDIONOR DE JESUS MACIEL;CLAUDIO MACIEL;AP;AVANTE;AVANTE;NÃO ELEITO;23;0.0;733508;0.0;0.0
30001611381;7007;ROZELY MARGARETH GONÇALVES MARTINS;ROZELY DA PEC 07;AP;AVANTE;AVANTE;NÃO ELEITO;329;0.0;733508;0.0;0.0
30001611383;7022;UBIRANILDO DA SILVA MACEDO;CORONEL MACEDO;AP;AVANTE;AVANTE;NÃO ELEITO;261;0.0;733508;0.0;0.0
120001650735;5511;ADEMAR VIEIRA JUNIOR;JUNIOR CORINGA;MS;PSD;Partido Social Democrático;NÃO ELEITO;12241;502934.6;2756700;41.08607139939547;0.1824408169187797
120001650736;5522;JORGE MARTINHO;JORGE MARTINHO;MS;PSD;Partido Social Democrático;NÃO ELEITO;5179;329500.0;2756700;63.62232091137285;0.11952697065331737
120001650734;5555;FÁBIO RICARDO TRAD;FÁBIO TRAD;MS;PSD;Partido Social Democrático;NÃO ELEITO;43881;2766849.0;2756700;63.05346277432146;1.0036815757971487
120001650733;5566;LUIS FRANCISCO DE ALMEIDA VIANNA;CHICÃO VIANNA;MS;PSD;Partido Social Democrático;NÃO ELEITO;9545;322503.0;2756700;33.78763750654793;0.11698879094569595
120001650739;5544;JAMEIRE LUZIA FRANCISCA DOS SANTOS;JAMEIRE SANTOS;MS;PSD;Partido Social Democrático;NÃO ELEITO;1218;156615.56;2756700;128.58420361247948;0.0568126963398266
120001650737;5500;CLAUDIA FERREIRA MACIEL;CLAUDINHA MACIEL;MS;PSD;Partido Social Democrático;NÃO ELEITO;2416;151326.4;2756700;62.63509933774834;0.05489403997533282
120001723440;5533;ADAILTON MENDES DE LIMA;ADAILTON LIMA;MS;PSD;Partido Social Democrático;NÃO ELEITO;2017;150000.0;2756700;74.36787307882994;0.054412884971161174
120001650740;5588;LEANDRO PERES DE MATOS;LÉO MATOS;MS;PSD;Partido Social Democrático;NÃO ELEITO;2321;150600.0;2756700;64.88582507539853;0.05463053651104582
120001650738;5577;MARLUCE BRUNO DA SILVA BUENO;MARLUCE BUENO;MS;PSD;Partido Social Democrático;NÃO ELEITO;1167;100000.0;2756700;85.6898029134533;0.03627525664744078
70001611403;7011;ELIED BARBOSA DE OLIVEIRA;ELIED DA CABS;DF;AVANTE;AVANTE;NÃO ELEITO;591;33318.8;2817068;56.376988155668364;0.011827474523156701
70001611398;7090;MARIA CLARETE PEREIRA DOS SANTOS BARBOSA;PROFESSORA CLARETE;DF;AVANTE;AVANTE;NÃO ELEITO;439;30000.0;2817068;68.3371298405467;0.010649370196246594
70001611402;7033;GISELLE RHAYLLA ANDRADE DE OLIVEIRA;GISELLE RHAYLLA ESTRUTURAL;DF;AVANTE;AVANTE;NÃO ELEITO;667;33593.0;2817068;50.36431784107946;0.011924809766750394
70001747344;7040;AMANDA CHRISTINA CABRAL BERTIN;AMANDA CHRISTINA;DF;AVANTE;AVANTE;NÃO ELEITO;1580;0.0;2817068;0.0;0.0
70001611397;7010;PAULO SERGIO BARBOSA DE SÁ;PAULINHO SÁ  CANTOR CATÓLICO;DF;AVANTE;AVANTE;NÃO ELEITO;3081;4900.0;2817068;1.5903927296332359;0.0017393971320536104
70001611396;7022;CARLOS SHIGUEO KOBAYASHI;JAPONÊS É FEDERAL;DF;AVANTE;AVANTE;NÃO ELEITO;493;3332.65;2817068;6.759939148073022;0.0011830207861507072
70001611399;7026;LUIZ CARLOS ROCHA DA SILVA;LUIZ VINTE SEIS DE SETEMBRO;DF;AVANTE;AVANTE;NÃO ELEITO;2352;3663.2200000000003;2817068;1.5574914965986395;0.0013003661963431484
70001716538;7070;ELIZEU DE SOUZA;ELIZEU SOUZA;DF;AVANTE;AVANTE;NÃO ELEITO;2111;16858.33;2817068;7.985945049739461;0.005984353235349662
70001611401;7007;HEMERSON DOS SANTOS LUZ;DR HEMERSON LUZ;DF;AVANTE;AVANTE;NÃO ELEITO;1256;3333.33;2817068;2.6539251592356687;0.0011832621718751552
20001719170;5117;ERICLES WAGNER DA SILVA;ERICLES SILVA;AL;PATRIOTA;Patriota;NÃO ELEITO;93;20203.23;3127511;217.2390322580645;0.006459842986963115
20001719177;5111;ADEMARIO DE OLIVEIRA;ADEMARIO JACÓ;AL;PATRIOTA;Patriota;NÃO ELEITO;284;54997.32;3127511;193.6525352112676;0.01758501249076342
20001719169;5151;VALGETAN FERREIRA DE OLIVEIRA;VALGETAN FERREIRA;AL;PATRIOTA;Patriota;NÃO ELEITO;642;90000.0;3127511;140.18691588785046;0.02877687720362934
20001719174;5122;CARLOS SANDRO FERREIRA FREIRE;SANDRO FREIRE;AL;PATRIOTA;Patriota;NÃO ELEITO;548;40000.0;3127511;72.99270072992701;0.01278972320161304
20001738286;5177;REGINA CELIA DE OLIVEIRA;REGINA OLIVEIRA;AL;PATRIOTA;Patriota;NÃO ELEITO;118;49900.0;3127511;422.8813559322034;0.015955179694012268
20001719175;5120;CÍCERO EDINALDO DE MENEZES;CÍCERO MENEZES;AL;PATRIOTA;Patriota;NÃO ELEITO;110;29812.0;3127511;271.0181818181818;0.0095321807021622
20001738740;5144;APOLONIA GOMES DA SILVA;APOLONIA;AL;PATRIOTA;Patriota;NÃO ELEITO;44;9980.0;3127511;226.8181818181818;0.0031910359388024534
20001719172;5100;SANDRO OLIVEIRA DA SILVA;SOS SANDRO OLIVEIRA DA SILVA;AL;PATRIOTA;Patriota;NÃO ELEITO;251;39950.0;3127511;159.16334661354583;0.012773736047611024
20001719173;5123;ARIELLE FERNANDES DUARTE;ARIELLE FERNANDES;AL;PATRIOTA;Patriota;NÃO ELEITO;544;134993.0;3127511;248.14889705882354;0.04316307760388373
250001602048;4433;KIM PATROCA KATAGUIRI;KIM KATAGUIRI;SP;UNIÃO;UNIÃO BRASIL;ELEITO POR QP;295460;1623079.14;44420459;5.49339721112841;0.03653899974333898
250001602056;4411;DAVID BEZERRA RIBEIRO SOARES;DAVID SOARES;SP;UNIÃO;UNIÃO BRASIL;ELEITO POR QP;93831;2524139.12;44420459;26.900908228623802;0.05682379644028442
250001602030;4400;ROSANGELA MARIA WOLFF DE QUADROS MORO;ROSÂNGELA MORO;SP;UNIÃO;UNIÃO BRASIL;ELEITO POR QP;217170;2797609.6;44420459;12.882118156283097;0.06298020468451261
250001602037;4407;FELIPE BECARI COMENALE;FELIPE BECARI;SP;UNIÃO;UNIÃO BRASIL;ELEITO POR QP;178777;2918890.43;44420459;16.32699077621842;0.06571049682309676
250001602036;4425;ALEXANDRE LEITE DA SILVA;ALEXANDRE LEITE;SP;UNIÃO;UNIÃO BRASIL;ELEITO POR QP;192806;2311221.97;44420459;11.987292770971859;0.0520305737948363
250001610672;1313;RUI GOETHE DA COSTA FALCÃO;RUI FALCÃO;SP;PT;Partido dos Trabalhadores;ELEITO POR QP;193990;1988317.55;44420459;10.249587865353885;0.044761301318385745
250001610654;1380;JILMAR AUGUSTINHO TATTO;JILMAR TATTO;SP;PT;Partido dos Trabalhadores;ELEITO POR QP;157843;1989624.35;44420459;12.605084482682159;0.04479072019494441
250001610663;1358;ALENCAR SANTANA BRAGA;ALENCAR SANTANA;SP;PT;Partido dos Trabalhadores;ELEITO POR QP;139223;1880852.62;44420459;13.509640073838375;0.042342034781765764
250001610705;1301;FRANCISCO DANIEL CELEGUIM DE MORAIS;KIKO CELEGUIM;SP;PT;Partido dos Trabalhadores;ELEITO POR QP;167438;1699703.97;44420459;10.151243863400184;0.038263989347791294
250001610710;1354;ALEXANDRE ROCHA SANTOS PADILHA;ALEXANDRE PADILHA;SP;PT;Partido dos Trabalhadores;ELEITO POR QP;140037;2191676.79;44420459;15.65069795839671;0.049339354867989994
250001610712;1322;ARLINDO CHIGNALIA JUNIOR;ARLINDO CHINAGLIA;SP;PT;Partido dos Trabalhadores;ELEITO POR QP;144108;2212230.4;44420459;15.35119771282649;0.04980206080265852
250001610678;1355;LUIZ MARINHO;LUIZ MARINHO;SP;PT;Partido dos Trabalhadores;ELEITO POR QP;156202;1861915.83;44420459;11.919923112380124;0.041915726940147106
250001610674;1370;CARLOS ALBERTO ROLIM ZARATTINI;CARLOS ZARATTINI;SP;PT;Partido dos Trabalhadores;ELEITO POR QP;147349;2179690.32;44420459;14.79270521007947;0.04906951366711451
250001610688;1353;NILTO IGNÁCIO TATTO;NILTO TATTO;SP;PT;Partido dos Trabalhadores;ELEITO POR QP;151861;1823105.29;44420459;12.005092090793555;0.04104201827360676
150001619538;1312;LUIZ ALBUQUERQUE COUTO;LUIZ COUTO;PB;PT;Partido dos Trabalhadores;ELEITO POR QP;54851;1314183.84;3974495;23.95915917667864;0.33065429444495464
90001675152;1855;MORIELIO VIDAL DA SILVA;MORIELIO VIDAL;GO;REDE;Rede Sustentabilidade;NÃO ELEITO;44;11170.0;7055228;253.86363636363637;0.0015832231077436477
90001675155;1813;ADALBERTO PEREIRA DA SILVA;ADALBERTO SADRAK;GO;REDE;Rede Sustentabilidade;NÃO ELEITO;65;6166.0;7055228;94.86153846153846;0.0008739618336926886
90001675158;1818;PEDRO DAMIÃO PEREIRA;PEDRO DAMIÃO;GO;REDE;Rede Sustentabilidade;NÃO ELEITO;223;11712.0;7055228;52.52017937219731;0.001660045571879463
90001675157;1800;CYNTHIA CRISTINA RIBEIRO DE OLIVEIRA CAMARGO;CYNTHIA OLIVEIRA;GO;REDE;Rede Sustentabilidade;NÃO ELEITO;300;23787.84;7055228;79.2928;0.0033716614119345257
90001675151;1888;MARTA HELENA MENDES DE QUEIROZ;MARTA QUEIROZ;GO;REDE;Rede Sustentabilidade;NÃO ELEITO;137;23787.84;7055228;173.63386861313867;0.0033716614119345257
90001675153;1822;GERALDO HENRIQUE FERREIRA ESPÍNDOLA;GERALDO ESPÍNDOLA;GO;REDE;Rede Sustentabilidade;NÃO ELEITO;1764;62684.28;7055228;35.53530612244898;0.008884798620257204
90001675150;1810;LILIA DE FATIMA PENA MONTEIRO;LILIA MONTEIRO;GO;REDE;Rede Sustentabilidade;NÃO ELEITO;264;23739.27;7055228;89.92147727272727;0.0033647771553236834
170001609025;4333;CLODOALDO MAGALHÃES OLIVEIRA LYRA;CLODOALDO MAGALHÃES;PE;PV;Partido Verde;ELEITO POR QP;110620;879734.7;9058155;7.952763514735129;0.09712073816356642
170001609028;1314;JOSÉ CARLOS VERAS DOS SANTOS;CARLOS VERAS;PE;PT;Partido dos Trabalhadores;ELEITO POR QP;127482;1802500.0;9058155;14.139251031518175;0.19899195807534759
230001595281;4444;ANTONIO CARLOS NICOLETTI;NICOLETTI;RR;UNIÃO;UNIÃO BRASIL;ELEITO POR QP;10969;1769081.0;636303;161.28006199288905;2.7802493466163134
50001605367;6565;DANIEL GOMES DE ALMEIDA;DANIEL;BA;PC do B;Partido Comunista do Brasil;ELEITO POR QP;125374;2934620.35;14136417;23.40692926763125;0.20759293886138191
50001605368;6522;ALICE MAZZUCO PORTUGAL;ALICE PORTUGAL;BA;PC do B;Partido Comunista do Brasil;ELEITO POR QP;124358;3049964.0;14136417;24.525675871274867;0.2157522659383916
180001725216;1456;MARIA RITA DE CÁSSIA SAMPAIO VELOSO ALVES SILVA;MARIA RITA SAMPAIO;PI;PTB;Partido Trabalhista Brasileiro;NÃO ELEITO;123;14821.0;3269200;120.4959349593496;0.004533525021411966
180001605302;1414;HALLYSON MARTINS DA MATA E SILVA;HALLYSON MATA;PI;PTB;Partido Trabalhista Brasileiro;NÃO ELEITO;767;45574.6;3269200;59.41929595827901;0.013940597087972592
180001605310;1420;EDELTRUDES MENDES PESSOA;MENDES;PI;PTB;Partido Trabalhista Brasileiro;NÃO ELEITO;546;48350.2;3269200;88.55347985347984;0.014789612137526
180001605300;1444;ÉRTIMA MARIA FONTES DE MORAIS;ÉRTIMA DE MORAIS;PI;PTB;Partido Trabalhista Brasileiro;NÃO ELEITO;434;14837.74;3269200;34.18834101382488;0.00453864554019332
180001605306;1422;FERNANDA BOAVISTA RAMALHO GONDIM;FERNANDA GONDIM;PI;PTB;Partido Trabalhista Brasileiro;NÃO ELEITO;206;14837.74;3269200;72.0278640776699;0.00453864554019332
180001605304;1455;VALDIVINO RODRIGUES DA SILVA;VALDIVINO FOFÃO;PI;PTB;Partido Trabalhista Brasileiro;NÃO ELEITO;349;43578.1;3269200;124.86561604584527;0.013329897222562094
180001605303;1424;ROBERTO MARQUES DE ARAUJO;ROBERTO MARQUES;PI;PTB;Partido Trabalhista Brasileiro;NÃO ELEITO;142;43578.1;3269200;306.8880281690141;0.013329897222562094
180001605309;1418;ANDRESSA KAREN MARIA MOREIRA DA SILVA;ANDRESSA MOREIRA;PI;PTB;Partido Trabalhista Brasileiro;NÃO ELEITO;76;14837.74;3269200;195.23342105263157;0.00453864554019332
180001605308;1410;CARINA AMORIM LIMA VERDE SANTOS;CARINA LIMA VERDE;PI;PTB;Partido Trabalhista Brasileiro;NÃO ELEITO;288;67089.06;3269200;232.948125;0.020521552673436926
180001605301;1433;MANOEL LOPES CORREIA LIMA;NEL LOPES;PI;PTB;Partido Trabalhista Brasileiro;NÃO ELEITO;567;95000.0;3269200;167.5485008818342;0.029059097026795547
50001605351;4343;JOÃO CARLOS BACELAR BATISTA;BACELAR;BA;PV;Partido Verde;ELEITO POR QP;110787;2283416.8;14136417;20.610873116881944;0.1615272667748836
50001605353;1300;IVONEIDE SOUZA CAETANO;IVONEIDE CAETANO;BA;PT;Partido dos Trabalhadores;ELEITO POR QP;105885;1616047.44;14136417;15.26228870944893;0.11431803688303761
50001605365;1323;JOSÉ CERQUEIRA DE SANTANA NETO;ZÉ NETO;BA;PT;Partido dos Trabalhadores;ELEITO POR QP;128439;1832247.3800000001;14136417;14.265506427175547;0.12961186558093188
50001605359;1313;JORGE JOSE SANTOS PEREIRA SOLLA;JORGE SOLLA;BA;PT;Partido dos Trabalhadores;ELEITO POR QP;128968;1922864.89;14136417;14.90962789219031;0.13602208324782722
50001605378;1301;AFONSO BANDEIRA FLORENCE;AFONSO FLORENCE;BA;PT;Partido dos Trabalhadores;ELEITO POR QP;118021;1897158.03;14136417;16.074749663195533;0.13420359840828125
50001605361;1322;WALDENOR ALVES PEREIRA FILHO;WALDENOR PEREIRA;BA;PT;Partido dos Trabalhadores;ELEITO POR QP;113110;1835733.1;14136417;16.229626911855718;0.12985844291378784
250001604960;5551;EDSON MOURA;EDSON MOURA;SP;PSD;Partido Social Democrático;NÃO ELEITO;9866;404572.89;44420459;41.00677984998987;0.009107805257032576
170001721979;3535;PAULA FERNANDA CARNEIRO TOSCANO BRAINER;PAULA FERNANDA;PE;PMB;Partido da Mulher Brasileira;NÃO ELEITO;27;0.0;9058155;0.0;0.0
250001613808;5060;ANTONIO FRANCISCO DA SILVA ARAUJO;FRANCISCO MARANHÃO E CIA;SP;PSOL;Partido Socialismo e Liberdade;NÃO ELEITO;946;150150.2;44420459;158.72114164904863;0.0033802037029828985
260001632571;8008;JENNIFER KEURREM MONTEIRO BOMFIM;JENNIFER BOMFIM;SE;UP;Unidade Popular;NÃO ELEITO;643;0.0;2209558;0.0;0.0
260001632572;8080;VAGNER DANTAS RODRIGUES;VAGNER GASTÃO;SE;UP;Unidade Popular;NÃO ELEITO;1445;2610.0;2209558;1.806228373702422;0.0011812317214574136
250001650566;4590;ERIKA FERNANDA MATOS DOS SANTOS;ERIKA MATOS;SP;PSDB;Partido da Social Democracia Brasileira;NÃO ELEITO;229;0.0;44420459;0.0;0.0
140001611658;1114;ROSANA SOCORRO VAZ AZULAY;ROSANA AZULAY;PA;PP;PROGRESSISTAS;NÃO ELEITO;355;150000.0;8116132;422.53521126760563;0.01848171025311072
140001611652;1199;DEONILDO SENA DE VILHENA PINHEIRO;SENA;PA;PP;PROGRESSISTAS;NÃO ELEITO;4057;150000.0;8116132;36.973132856790734;0.01848171025311072
140001611656;1101;GUILHERME HENRIQUE OLIVEIRA DE BARROS;TIBÉRIO;PA;PP;PROGRESSISTAS;NÃO ELEITO;1299;70000.0;8116132;53.88760585065435;0.008624798118118336
140001611649;1137;BRASELINO CARLOS DA ASSUNCAO SOUSA DA SILVA;BRASELINO ASSUNÇÃO;PA;PP;PROGRESSISTAS;NÃO ELEITO;8662;325000.0;8116132;37.5202031863311;0.040043705548406555
140001611659;1100;EDUARDA DE NAZARE PENA GRAIM;EDUARDA BONANZA;PA;PP;PROGRESSISTAS;NÃO ELEITO;6972;339670.92;8116132;48.71929432013769;0.04185133016565033
140001611660;1122;HESIO MOREIRA FILHO;HESIO MOREIRA;PA;PP;PROGRESSISTAS;NÃO ELEITO;15533;224230.54;8116132;14.435752269362004;0.02762775913452369
140001611645;1188;STEFANY DA COSTA GOMES DE OLIVEIRA;JORNALISTA STEFANY GOMES;PA;PP;PROGRESSISTAS;NÃO ELEITO;158;149994.82;8116132;949.3343037974684;0.01848107201804998
140001611646;1111;CRISTIANO DUTRA VALE;CRISTIANO VALE;PA;PP;PROGRESSISTAS;NÃO ELEITO;100345;988001.13;8116132;9.846042453535302;0.12173300409603983
140001611655;1190;FRANCISCO DO PRADO VIEIRA NETO;SARGENTO NETO;PA;PP;PROGRESSISTAS;NÃO ELEITO;445;22995.0;8116132;51.674157303370784;0.0028332461818018732
140001611654;1133;CELSO GONCALVES DO VALE FILHO;DR. CELSO;PA;PP;PROGRESSISTAS;NÃO ELEITO;2441;83500.0;8116132;34.20729209340434;0.0102881520408983
140001611653;1155;NOELLE MARIA DE ARAUJO LOPES;NOELLE ARAUJO;PA;PP;PROGRESSISTAS;NÃO ELEITO;13772;0.0;8116132;0.0;0.0
140001611648;1113;JOSE RAIMUNDO CARDOSO FERREIRA;ZEZINHO DO SANEAMENTO;PA;PP;PROGRESSISTAS;NÃO ELEITO;745;70000.0;8116132;93.95973154362416;0.008624798118118336
140001611651;1110;JOÃO NAZARENO NASCIMENTO MORAES;POLICIAL DELEGADO MORAES;PA;PP;PROGRESSISTAS;NÃO ELEITO;1972;66382.98;8116132;33.66276876267748;0.008179140013986957
140001611647;1177;FLÁVIO RIBEIRO VERAS;FLAVIO VERAS;PA;PP;PROGRESSISTAS;NÃO ELEITO;3110;200001.3;8116132;64.30909967845659;0.02464244051230315
140001611650;1115;JOSE MIGUEL SILVA DA ROCHA;ZE MIGUEL;PA;PP;PROGRESSISTAS;NÃO ELEITO;10239;257520.0;8116132;25.15089364195722;0.03172940016254048
140001611657;1144;ELDA CARLOTA DA SILVA FERREIRA;ELDA;PA;PP;PROGRESSISTAS;NÃO ELEITO;2988;200000.0;8116132;66.93440428380187;0.02464228033748096
140001611644;1112;IRISMAR NASCIMENTO ARAÚJO MELO;IRISMAR;PA;PP;PROGRESSISTAS;NÃO ELEITO;5192;349915.24;8116132;67.39507704160246;0.04311354719218465
130001615168;5088;CÉLIA NUNES CORREA;CÉLIA XAKRIABÁ;MG;PSOL;Partido Socialismo e Liberdade;ELEITO POR QP;101154;1420418.93;20538718;14.04214297012476;0.0691581105500353
140001611710;1221;ERALDO FERREIRA MACIEL;ERALDO MACIEL;PA;PDT;Partido Democrático Trabalhista;NÃO ELEITO;632;14866.0;8116132;23.522151898734176;0.0018316606974849597
140001611711;1211;GABRIELLY PEREIRA ALVES;GABY ALVES;PA;PDT;Partido Democrático Trabalhista;NÃO ELEITO;2914;106650.0;8116132;36.59917638984214;0.01314049598996172
140001611714;1200;LUIS PAULO DOS REMÉDIOS CARVALHO;NETO DO TAUÁ;PA;PDT;Partido Democrático Trabalhista;NÃO ELEITO;4062;69974.0;8116132;17.226489414081733;0.008621594621674463
140001611707;1277;CARLOS AUGUSTO FERNANDES PINHEIRO;CORONEL FERNANDES;PA;PDT;Partido Democrático Trabalhista;NÃO ELEITO;807;20000.0;8116132;24.783147459727385;0.0024642280337480956
140001611708;1269;DANIEL VILHENA FARIAS FILHO;PROFESSOR DANIEL;PA;PDT;Partido Democrático Trabalhista;NÃO ELEITO;341;14871.95;8116132;43.61275659824047;0.0018323938053249997
140001611719;1234;WALDEMIRO EDUARDO DE ASSIS SANOVA NASCIMENTO;MIRO SANOVA;PA;PDT;Partido Democrático Trabalhista;NÃO ELEITO;57928;1046124.4;8116132;18.059045711918245;0.12889445366339533
140001611717;1207;MARILEIDE SILVA REIS;MARY REIS;PA;PDT;Partido Democrático Trabalhista;NÃO ELEITO;1031;104668.94;8116132;101.52176527643066;0.012896406810534871
140001611705;1233;JOÃO CARLOS BERINA MELO;BERINA MELO;PA;PDT;Partido Democrático Trabalhista;NÃO ELEITO;2668;70000.0;8116132;26.23688155922039;0.008624798118118336
140001611702;1210;ADEMIR CAMPELO DE ABREU;ADEMIR CAMPELO;PA;PDT;Partido Democrático Trabalhista;NÃO ELEITO;2769;69995.0;8116132;25.278078728782955;0.008624182061109898
140001611704;1212;GIOVANNI CORRÊA QUEIROZ;GIOVANNI QUEIROZ;PA;PDT;Partido Democrático Trabalhista;NÃO ELEITO;38478;1009900.4;8116132;26.246177036228495;0.12443124384867077
140001611703;1215;EVANY SILVA SILVA;ÉVANY SILVA;PA;PDT;Partido Democrático Trabalhista;NÃO ELEITO;1672;14997.470000000001;8116132;8.969778708133973;0.0018478593004648029
140001611709;1224;ELAINE TEIXEIRA QUEMEL;ELAINE DA PEDREIRA;PA;PDT;Partido Democrático Trabalhista;NÃO ELEITO;225;55000.0;8116132;244.44444444444446;0.006776627092807263
140001611718;1213;SUSANY VIEIRA DUARTE;SUSY DUARTE;PA;PDT;Partido Democrático Trabalhista;NÃO ELEITO;1230;10000.0;8116132;8.130081300813009;0.0012321140168740478
140001611712;1244;JORDAO MARTINS CUNHA;JORDÃO MARTINS;PA;PDT;Partido Democrático Trabalhista;NÃO ELEITO;2649;100000.0;8116132;37.75009437523594;0.01232114016874048
140001611716;1255;MARIA DE LOURDES PEREIRA DE FARIAS;LOURDES FARIAS;PA;PDT;Partido Democrático Trabalhista;NÃO ELEITO;363;15000.0;8116132;41.32231404958678;0.0018481710253110718
140001611706;1299;LEONISIO LOPES TRINDADE;LÉO DO MANO VELHO;PA;PDT;Partido Democrático Trabalhista;NÃO ELEITO;147;0.0;8116132;0.0;0.0
140001611713;1266;LUCICLEIDE DOS SANTOS PEREIRA;PROFESSORA CLEIDE;PA;PDT;Partido Democrático Trabalhista;NÃO ELEITO;301;14999.8;8116132;49.83322259136212;0.0018481463830307342
140001611715;1222;MANOEL CLAUDIO FURTADO VELOSO;DR MANOEL VELOSO;PA;PDT;Partido Democrático Trabalhista;NÃO ELEITO;19595;596850.78;8116132;30.459340648124524;0.07353882120202086
60001643110;1533;EUNÍCIO LOPES DE OLIVEIRA;EUNÍCIO;CE;MDB;Movimento Democrático Brasileiro;ELEITO POR QP;188289;2928808.93;8791688;15.55485944478966;0.33313385666097345
210001621272;1212;DARCI POMPEO DE MATTOS;POMPEO DE MATTOS;RS;PDT;Partido Democrático Trabalhista;ELEITO POR QP;100113;1545000.0;10880506;15.432561205837404;0.14199707256261795
250001715889;2893;JOSÉ ALFREDO GARCIA DOS SANTOS;JOSÉ ALFREDO GARCIA;SP;PRTB;Partido Renovador Trabalhista Brasileiro;NÃO ELEITO;53;0.0;44420459;0.0;0.0
250001715839;2868;ROSEMEIRE SANTIAGO;ROSE DO CERVI - A PRÓ VIDA DE;SP;PRTB;Partido Renovador Trabalhista Brasileiro;NÃO ELEITO;683;450.0;44420459;0.6588579795021962;1.0130467134524657e-05
250001715885;2825;WILSON KEIITI HAYASHIDA;WILSON KEIITI JAPA;SP;PRTB;Partido Renovador Trabalhista Brasileiro;NÃO ELEITO;203;552.0;44420459;2.7192118226600983;1.2426706351683579e-05
250001715856;2800;MARIA EMILIA GADELHA SERRA;DRA. MARIA EMILIA GADELHA;SP;PRTB;Partido Renovador Trabalhista Brasileiro;NÃO ELEITO;14131;77495.67;44420459;5.484089590262543;0.001744594084451041
250001715904;2844;MARCOS ROBERTO DIAS DE OLIVEIRA;MARCOS OLIVEIRA;SP;PRTB;Partido Renovador Trabalhista Brasileiro;NÃO ELEITO;265;0.0;44420459;0.0;0.0
250001715847;2898;JOSÉ AZEVEDO PIRES;ZÉ DO BODE;SP;PRTB;Partido Renovador Trabalhista Brasileiro;NÃO ELEITO;362;0.0;44420459;0.0;0.0
250001715890;2873;ALEXANDRE MARTINS RICCI;ALEXANDRE BOSCHINI;SP;PRTB;Partido Renovador Trabalhista Brasileiro;NÃO ELEITO;308;0.0;44420459;0.0;0.0
250001715874;2832;MARA LUCIA GARCIA;MARA GARCIA;SP;PRTB;Partido Renovador Trabalhista Brasileiro;NÃO ELEITO;166;0.0;44420459;0.0;0.0
250001715894;2809;MARCOS RODRIGUES;MAQUITA;SP;PRTB;Partido Renovador Trabalhista Brasileiro;NÃO ELEITO;104;0.0;44420459;0.0;0.0
250001715838;2817;ELIZA MURATORI DE SOUZA;ELIZA MURATORI;SP;PRTB;Partido Renovador Trabalhista Brasileiro;NÃO ELEITO;131;850.0;44420459;6.488549618320611;1.9135326809657684e-05
250001715840;2827;ELTON HUGO NEGRINI;DELEGADO ELTON NEGRINI;SP;PRTB;Partido Renovador Trabalhista Brasileiro;NÃO ELEITO;2382;1210.0;44420459;0.5079764903442485;2.723970051727741e-05
250001715842;2835;EZEQUIEL SOUZA DE SÁ;EZEQUIEL DE SÁ;SP;PRTB;Partido Renovador Trabalhista Brasileiro;NÃO ELEITO;666;0.0;44420459;0.0;0.0
250001715843;2820;FLAVIUS COTAIT RUGGIERO;FLAVIUS;SP;PRTB;Partido Renovador Trabalhista Brasileiro;NÃO ELEITO;229;23000.0;44420459;100.43668122270742;0.0005177794313201491
250001715844;2878;GIOVANI FALCONE DE CRISTO ALVES;GIOVANI FALCONE;SP;PRTB;Partido Renovador Trabalhista Brasileiro;NÃO ELEITO;391;0.0;44420459;0.0;0.0
250001715845;2880;HERMES RODRIGUES NERY;DR. HERMES NERY;SP;PRTB;Partido Renovador Trabalhista Brasileiro;NÃO ELEITO;6481;0.0;44420459;0.0;0.0
250001715846;2806;JOÃO ROBERTO TRINDADE;ROBERTO BUJUTSU;SP;PRTB;Partido Renovador Trabalhista Brasileiro;NÃO ELEITO;92;1800.0;44420459;19.565217391304348;4.052186853809863e-05
250001715848;2863;LEANDRO RUIVO;LEANDRO RUIVO;SP;PRTB;Partido Renovador Trabalhista Brasileiro;NÃO ELEITO;140;3040.0;44420459;21.714285714285715;6.843693353101102e-05
250001715850;2879;LUIZ EDUARDO DAMASCENO;SARGENTO DAMASCENO;SP;PRTB;Partido Renovador Trabalhista Brasileiro;NÃO ELEITO;176;0.0;44420459;0.0;0.0
250001715851;2851;MARCELO CESAR TORRES RUBI;MARCELO RUBI;SP;PRTB;Partido Renovador Trabalhista Brasileiro;NÃO ELEITO;652;200.0;44420459;0.3067484662576687;4.502429837566514e-06
250001715854;2850;ELIANA GALVÃO DIAS;DRA ELIANA GALVÃO;SP;PRTB;Partido Renovador Trabalhista Brasileiro;NÃO ELEITO;800;16742.35;44420459;20.9279375;0.00037690628095490863
250001715858;2886;ANDERSON GOMES DE CAMPOS;ANDERSON AMEM;SP;PRTB;Partido Renovador Trabalhista Brasileiro;NÃO ELEITO;251;0.0;44420459;0.0;0.0
250001715859;2877;RODRIGO TAVARES DA SILVA;RODRIGO TAVARES;SP;PRTB;Partido Renovador Trabalhista Brasileiro;NÃO ELEITO;1168;0.0;44420459;0.0;0.0
250001715860;2882;LEONARDO DE ASSIS FERREIRA;LEO PLENO;SP;PRTB;Partido Renovador Trabalhista Brasileiro;NÃO ELEITO;2349;84941.0;44420459;36.160493827160494;0.0019122044641636865
250001715861;2865;MARIA AUXILIADORA DE SOUSA;DRA LIA SOUSA;SP;PRTB;Partido Renovador Trabalhista Brasileiro;NÃO ELEITO;197;3892.38;44420459;19.758274111675128;8.762583925573574e-05
250001715862;2833;VILMA MARQUES RIBEIRO;VILMA MARQUES;SP;PRTB;Partido Renovador Trabalhista Brasileiro;NÃO ELEITO;307;3042.38;44420459;9.910032573289902;6.849051244607806e-05
250001715863;2841;LAUDERICO SARTORATTO;LAU SARTORATTO;SP;PRTB;Partido Renovador Trabalhista Brasileiro;NÃO ELEITO;159;0.0;44420459;0.0;0.0
250001715864;2814;SANDERSON RIBEIRO CORREIA DE LIMA;PROF. SANDERSON RIBEIRO;SP;PRTB;Partido Renovador Trabalhista Brasileiro;NÃO ELEITO;141;0.0;44420459;0.0;0.0
250001715865;2899;LEILSON CASTRO DOS SANTOS;LEILSON CASTRO;SP;PRTB;Partido Renovador Trabalhista Brasileiro;NÃO ELEITO;183;0.0;44420459;0.0;0.0
60001669687;2929;LINO ALVES DE ALMEIDA;LINO ALVES ;CE;PCO;Partido da Causa Operária;NÃO ELEITO;128;0.0;8791688;0.0;0.0
250001715866;2890;APARECIDO RODRIGUES DE SIQUEIRA;SIQUEIRA JUNIOR;SP;PRTB;Partido Renovador Trabalhista Brasileiro;NÃO ELEITO;132;1540.0;44420459;11.666666666666666;3.466870974926216e-05
250001715867;2837;ELISANGELA MARIA FERREIRA;ELISANGELA FERREIRA;SP;PRTB;Partido Renovador Trabalhista Brasileiro;NÃO ELEITO;216;0.0;44420459;0.0;0.0
250001715871;2842;BEATRIZ CAROLINA REIS;BEATRIZ REIS;SP;PRTB;Partido Renovador Trabalhista Brasileiro;NÃO ELEITO;87;0.0;44420459;0.0;0.0
250001715872;2822;ROGERIO STRACIALANO PARADA;ROGERIO PARADA;SP;PRTB;Partido Renovador Trabalhista Brasileiro;NÃO ELEITO;2560;13954.130000000001;44420459;5.45083203125;0.00031413745634641013
250001715873;2818;DANILO ANDRÉ MOSER;CAPITÃO MOSER;SP;PRTB;Partido Renovador Trabalhista Brasileiro;NÃO ELEITO;443;20000.0;44420459;45.146726862302486;0.0004502429837566514
250001715876;2807;ADEMIR CREPALDI;O ATALAIA;SP;PRTB;Partido Renovador Trabalhista Brasileiro;NÃO ELEITO;244;0.0;44420459;0.0;0.0
250001715877;2815;REGINALDO BELARMINO DA SILVA;BELARMINO;SP;PRTB;Partido Renovador Trabalhista Brasileiro;NÃO ELEITO;324;3042.38;44420459;9.390061728395063;6.849051244607806e-05
250001715878;2810;PRISCILA FERNANDES HOLANDA;PRISCILA HOLANDA;SP;PRTB;Partido Renovador Trabalhista Brasileiro;NÃO ELEITO;276;3035.0;44420459;10.996376811594203;6.832437278507185e-05
250001715879;2843;ANGELA ISABEL RODRIGUES;ANGELA RODRIGUES;SP;PRTB;Partido Renovador Trabalhista Brasileiro;NÃO ELEITO;42;0.0;44420459;0.0;0.0
250001715883;2846;ALLAN ARONI;ALLAN ARONI;SP;PRTB;Partido Renovador Trabalhista Brasileiro;NÃO ELEITO;46;3340.0;44420459;72.6086956521739;7.519057828736079e-05
250001715886;2839;RENATA CARVALHO RIBEIRO GIMENEZ;RENATA RIBEIRO;SP;PRTB;Partido Renovador Trabalhista Brasileiro;NÃO ELEITO;18;0.0;44420459;0.0;0.0
250001715891;2897;THAIS ALBERTINA DA CRUZ;THAIS CRUZ;SP;PRTB;Partido Renovador Trabalhista Brasileiro;NÃO ELEITO;7;0.0;44420459;0.0;0.0
250001715892;2808;BRUNO MARINHO BARCELLOS;BRUNO MARINHO NETO;SP;PRTB;Partido Renovador Trabalhista Brasileiro;NÃO ELEITO;185;0.0;44420459;0.0;0.0
250001715893;2874;ADEMIR DA PENHA CLEMENTE;ADEMIR CLEMENTE;SP;PRTB;Partido Renovador Trabalhista Brasileiro;NÃO ELEITO;392;0.0;44420459;0.0;0.0
250001715895;2838;MARIO VIGGIANI NETO;INSTRUTOR DR. MARIO VIGGIANI;SP;PRTB;Partido Renovador Trabalhista Brasileiro;NÃO ELEITO;4253;11860.269999999999;44420459;2.788683282388902;0.00026700016764797497
250001715896;2826;RAIMUNDO NONATO PEREIRA DOS SANTOS;RAIMUNDO NONATO;SP;PRTB;Partido Renovador Trabalhista Brasileiro;NÃO ELEITO;139;0.0;44420459;0.0;0.0
250001715897;2855;RENATO DO NASCIMENTO;CORINGA REAÇA;SP;PRTB;Partido Renovador Trabalhista Brasileiro;NÃO ELEITO;327;13000.0;44420459;39.75535168195719;0.0002926579394418234
250001715898;2840;TIAGO SOUZA GUEDES;TIAGO GUEDES;SP;PRTB;Partido Renovador Trabalhista Brasileiro;NÃO ELEITO;584;0.0;44420459;0.0;0.0
250001715899;2824;JESSICA PASCOAL ALVES;JESSICA PASCOAL;SP;PRTB;Partido Renovador Trabalhista Brasileiro;NÃO ELEITO;128;0.0;44420459;0.0;0.0
250001715900;2866;JANAÍNA VALÉRIA BUCKER RIEDO;JANAINA BUCKER RIEDO;SP;PRTB;Partido Renovador Trabalhista Brasileiro;NÃO ELEITO;101;0.0;44420459;0.0;0.0
250001715902;2836;MARCIONILIO CAMARGO DOS SANTOS;MARCIONILIO CAMARGO;SP;PRTB;Partido Renovador Trabalhista Brasileiro;NÃO ELEITO;224;0.0;44420459;0.0;0.0
250001715903;2885;MARCOS PARAÍSO DA SILVA;MESTRE PARAÍSO;SP;PRTB;Partido Renovador Trabalhista Brasileiro;NÃO ELEITO;1512;0.0;44420459;0.0;0.0
250001715905;2870;RENATO KOGA CERQUEIRA;DR. RENATO KOGA;SP;PRTB;Partido Renovador Trabalhista Brasileiro;NÃO ELEITO;539;4000.0;44420459;7.421150278293135;9.004859675133028e-05
250001715907;2812;SILAS ALVES FEITOSA;SILAS FEITOSA;SP;PRTB;Partido Renovador Trabalhista Brasileiro;NÃO ELEITO;3799;68988.3;44420459;18.159594630165834;0.0015530749018149497
250001715852;2823;KERIN DA ROCHA SILVA PEREIRA;KERIN SILVA;SP;PRTB;Partido Renovador Trabalhista Brasileiro;NÃO ELEITO;92;3042.38;44420459;33.06934782608696;6.849051244607806e-05
250001715888;2816;SILVIA HELENA BUENDIA;DRA. SILVIA DENTISTA;SP;PRTB;Partido Renovador Trabalhista Brasileiro;NÃO ELEITO;273;3642.38;44420459;13.342051282051283;8.19978019587776e-05
250001715880;2891;LEANDRO VITOR AFONSO DA SILVA VERONEZ;LEANDRO VERONEZ;SP;PRTB;Partido Renovador Trabalhista Brasileiro;NÃO ELEITO;92;0.0;44420459;0.0;0.0
250001715868;2852;PAULO ROBERTO ROSENO JUNIOR;SARGENTO ROSENO;SP;PRTB;Partido Renovador Trabalhista Brasileiro;NÃO ELEITO;559;15000.0;44420459;26.833631484794275;0.0003376822378174886
250001715869;2801;WASHINGTON LUIZ BEZERRA DA SILVA;SARGENTO WASHINGTON;SP;PRTB;Partido Renovador Trabalhista Brasileiro;NÃO ELEITO;736;0.0;44420459;0.0;0.0
250001610258;1919;RENATA HELLMEISTER DE ABREU MELO;RENATA ABREU;SP;PODE;Podemos;ELEITO POR QP;180247;2908610.02;44420459;16.13680127824596;0.06547906269946467
250001610270;1910;BRUNO AREVALO GANEM;BRUNO GANEM;SP;PODE;Podemos;ELEITO POR QP;141595;799866.1799999999;44420459;5.648971926974822;0.01800670677446174
250001715855;2888;ANETE MARIA PIZZIMENTI;ANETE PIZZIMENTI;SP;PRTB;Partido Renovador Trabalhista Brasileiro;NÃO ELEITO;478;2062.38;44420459;4.314602510460252;4.642860624200214e-05
250001715901;2811;DIENES PEREIRA DE SOUZA;PIERO;SP;PRTB;Partido Renovador Trabalhista Brasileiro;NÃO ELEITO;1340;10400.0;44420459;7.7611940298507465;0.00023412635155345874
250001611251;1515;LUIZ FELIPE BALEIA TENUTO ROSSI;BALEIA ROSSI;SP;MDB;Movimento Democrático Brasileiro;ELEITO POR QP;236463;2930734.05;44420459;12.394049174712322;0.06597712216346076
250001611254;1580;FÁBIO EDUARDO DE OLIVEIRA TERUEL;FABIO TERUEL;SP;MDB;Movimento Democrático Brasileiro;ELEITO POR QP;235165;986700.12;44420459;4.195777943146301;0.0222127403050923
250001611244;1599;ALBERTO PEREIRA MOURÃO;ALBERTO MOURÃO;SP;MDB;Movimento Democrático Brasileiro;ELEITO POR QP;114234;2807494.92;44420459;24.576701507432112;0.06320274448312206
250001611227;1500;MARIO PALUMBO JUNIOR;DELEGADO PALUMBO;SP;MDB;Movimento Democrático Brasileiro;ELEITO POR QP;254898;505971.32999999996;44420459;1.9849952922345406;0.011390502065726064
250001604835;1428;NILSON JESPERSEN DE OLIVEIRA FRANCO;CORONEL NILSON JESPERSEN;SP;PTB;Partido Trabalhista Brasileiro;NÃO ELEITO;826;99902.28;44420459;120.94707021791767;0.002249015031564622
250001604875;1442;WELLINGTON MACEDO DE SOUZA;JORNALISTA WELLINGTON MACEDO;SP;PTB;Partido Trabalhista Brasileiro;NÃO ELEITO;1118;225000.0;44420459;201.25223613595708;0.005065233567262328
250001604844;1411;JURANDIR PEREIRA ALENCAR;JURANDYR ALENCAR;SP;PTB;Partido Trabalhista Brasileiro;NÃO ELEITO;740;25000.0;44420459;33.78378378378378;0.0005628037296958143
250001604878;1400;PAULO SUSSUMU KOBAYASHI;TENENTE PAULO KOBAYASHI;SP;PTB;Partido Trabalhista Brasileiro;NÃO ELEITO;3393;60000.0;44420459;17.68346595932803;0.0013507289512699543
250001604851;1478;JUNIA CRISTINA LEME MACEDO;DELEGADA JUNIA;SP;PTB;Partido Trabalhista Brasileiro;NÃO ELEITO;1311;80000.0;44420459;61.02212051868803;0.0018009719350266056
250001604858;1402;LUCIANA RIBEIRO CASTELLAN;LUCIANA CASTELLAN;SP;PTB;Partido Trabalhista Brasileiro;NÃO ELEITO;896;80920.68;44420459;90.31325892857141;0.0018216984205408591
250001604860;1436;MARIA CELESTE JUSTA;BISPA JUSTA;SP;PTB;Partido Trabalhista Brasileiro;NÃO ELEITO;289;32530.629999999997;44420459;112.56273356401383;0.0007323343957341818
250001604861;1474;BOLIVAR FUNDÃO FILHO;COMANDANTE BOLIVAR;SP;PTB;Partido Trabalhista Brasileiro;NÃO ELEITO;402;19920.0;44420459;49.55223880597015;0.0004484420118216248
250001604862;1435;ALESSANDRA SOUZA VALIM;ALESSANDRA VALIN;SP;PTB;Partido Trabalhista Brasileiro;NÃO ELEITO;254;19395.77;44420459;76.36129921259842;0.00043664046785288737
250001604866;1423;RODRIGO PIERNAS ANDOLFATO;RODRIGO ANDOLFATO;SP;PTB;Partido Trabalhista Brasileiro;NÃO ELEITO;6644;71752.38;44420459;10.799575556893439;0.0016153002831420541
250001604873;1456;GUILHERME SORICILLO BUNGER;GUILHERME BUNGER;SP;PTB;Partido Trabalhista Brasileiro;NÃO ELEITO;1486;36710.0;44420459;24.703903095558548;0.0008264209966853337
250001604868;1489;VERA LUCIA SERVONE PINTO;VERA SERVONE;SP;PTB;Partido Trabalhista Brasileiro;NÃO ELEITO;179;10000.0;44420459;55.865921787709496;0.0002251214918783257
250001604869;1426;MARIA JOSE DE SOUZA;MARIA JOSE;SP;PTB;Partido Trabalhista Brasileiro;NÃO ELEITO;380;35000.0;44420459;92.10526315789474;0.00078792522157414
250001604871;1471;ALTAIR CAMPANA;ALTAIR CAMPANA;SP;PTB;Partido Trabalhista Brasileiro;NÃO ELEITO;297;26000.0;44420459;87.54208754208754;0.0005853158788836468
250001604874;1449;VAGNER BERTI;VAGNER BERTI;SP;PTB;Partido Trabalhista Brasileiro;NÃO ELEITO;557;0.0;44420459;0.0;0.0
250001604876;1475;JAIR GOMES DA SILVA;JAIR GOMES;SP;PTB;Partido Trabalhista Brasileiro;NÃO ELEITO;488;20500.0;44420459;42.00819672131148;0.0004614990583505677
250001604877;1460;SYLVIO MALHEIRO JUNIOR;SYLVIO MALHEIRO;SP;PTB;Partido Trabalhista Brasileiro;NÃO ELEITO;2691;190100.0;44420459;70.64288368636194;0.004279559560606972
250001604865;1464;HUGO GOMES PAIVA;HUGO PAIVA;SP;PTB;Partido Trabalhista Brasileiro;NÃO ELEITO;186;0.0;44420459;0.0;0.0
250001604867;1414;ADRILLES REIS JORGE;ADRILLES JORGE;SP;PTB;Partido Trabalhista Brasileiro;NÃO ELEITO;91485;1621938.77;44420459;17.72901317155818;0.03651332756376966
50001607229;5510;ANTONIO LUIZ PARANHOS RIBEIRO LEITE DE BRITO;ANTONIO BRITO;BA;PSD;Partido Social Democrático;ELEITO POR QP;165386;1999726.78;14136417;12.091269998669778;0.14145923822139655
250001604852;1480;ROSEMEIRE MARTINS DE CARVALHO;ROSEMEIRE MARTINS;SP;PTB;Partido Trabalhista Brasileiro;NÃO ELEITO;1187;106653.06;44420459;89.85093513058129;0.002400989598058858
250001604863;1405;LUIZ FRANCISCO TEIXEIRA;LUIZ TEIXEIRA;SP;PTB;Partido Trabalhista Brasileiro;NÃO ELEITO;555;19819.86;44420459;35.71145945945946;0.00044618764520195525
250001604881;1409;JOEL ANTONIO DE MELLO;JOEL ANTONIO DE MELLO;SP;PTB;Partido Trabalhista Brasileiro;NÃO ELEITO;186;10000.0;44420459;53.763440860215056;0.0002251214918783257
250001604821;1455;OSMAR BENEDITO PRIANTE;PRIANTE;SP;PTB;Partido Trabalhista Brasileiro;NÃO ELEITO;1316;19495.2;44420459;14.813981762917933;0.00043887885084663357
250001604879;1433;RAFAEL ALBANEZ;ALBANEZ CERATOCONE;SP;PTB;Partido Trabalhista Brasileiro;NÃO ELEITO;1429;25865.66;44420459;18.100531840447864;0.0005822915967617534
250001604859;1490;JULIANA PINTO GONÇALVES;CAPITÃ MÉDICA JULIANA;SP;PTB;Partido Trabalhista Brasileiro;NÃO ELEITO;1301;110965.84;44420459;85.29272867025365;0.002498079544833159
250001604827;1477;EDUARDO COSENTINO DA CUNHA;EDUARDO CUNHA;SP;PTB;Partido Trabalhista Brasileiro;NÃO ELEITO;5044;2170841.34;44420459;430.38091593973036;0.048870304109194365
50001607226;5577;GABRIEL JOSE MOURA NUNES SOARES;GABRIEL NUNES;BA;PSD;Partido Social Democrático;ELEITO POR QP;138448;2221206.7600000002;14136417;16.04361753149197;0.15712657316206788
50001607221;5500;DIEGO HENRIQUE SILVA CERQUEIRA MARTINS;DIEGO CORONEL;BA;PSD;Partido Social Democrático;ELEITO POR QP;171684;2174353.91;14136417;12.66486049952238;0.15381223615573877
50001607228;5588;OTTO ROBERTO MENDONCA DE ALENCAR FILHO;OTTO FILHO;BA;PSD;Partido Social Democrático;ELEITO POR QP;200909;1668602.53;14136417;8.305265219577022;0.11803574625734371
50001607223;5580;SÉRGIO LUÍS LACERDA BRITO;SÉRGIO BRITO;BA;PSD;Partido Social Democrático;ELEITO POR QP;116960;2003079.55;14136417;17.126193142954858;0.14169641076660372
250001604817;1410;DANILA CINTIA AZEVEDO DE OLIVEIRA;DANILA AZEVEDO;SP;PTB;Partido Trabalhista Brasileiro;NÃO ELEITO;2676;31550.0;44420459;11.78998505231689;0.0007102583068761176
250001723638;1444;CRISTIANE BRASIL FRANCISCO;CRIS BRASIL;SP;PTB;Partido Trabalhista Brasileiro;NÃO ELEITO;6730;2875877.85;44420459;427.322117384844;0.06474219120518318
250001604841;1470;RENATO TAMAIO DE SOUZA;RENATO TAMAIO;SP;PTB;Partido Trabalhista Brasileiro;NÃO ELEITO;347;0.0;44420459;0.0;0.0
250001731880;1446;MARCOS ROBERTO DOS SANTOS;MARCÃO DO POVO;SP;PTB;Partido Trabalhista Brasileiro;NÃO ELEITO;98;0.0;44420459;0.0;0.0
250001731887;1488;ORLANDO GALATI;ORLANDO GALATI;SP;PTB;Partido Trabalhista Brasileiro;NÃO ELEITO;923;18130.0;44420459;19.642470205850486;0.0004081452647754045
250001738807;1473;JOSE CARLOS FERREIRA BARBOSA;CARLINHOS BARBOSA;SP;PTB;Partido Trabalhista Brasileiro;NÃO ELEITO;62;5000.0;44420459;80.64516129032258;0.00011256074593916285
250001604828;1451;ANTONIO RAIMUNDO FEDOSSI;FEDOSSI;SP;PTB;Partido Trabalhista Brasileiro;NÃO ELEITO;2295;42000.0;44420459;18.30065359477124;0.000945510265888968
250001604813;1427;MARCIA REGINA ALVES GONCALVES;MARCIA PARA;SP;PTB;Partido Trabalhista Brasileiro;NÃO ELEITO;1408;99999.0;44420459;71.02201704545455;0.0022511924066340692
250001604857;1499;MICHAEL DELLA TORRE NETO;DELLA TORRE;SP;PTB;Partido Trabalhista Brasileiro;NÃO ELEITO;975;51790.0;44420459;53.11794871794872;0.0011659042064378487
250001604812;1466;DENILSON MIOTTO;DOUTOR MIOTTO;SP;PTB;Partido Trabalhista Brasileiro;NÃO ELEITO;575;50021.95;44420459;86.9946956521739;0.0011261016010663013
250001604864;1468;MARCELO ROSSI DOS SANTOS;MARCELO ROSSI;SP;PTB;Partido Trabalhista Brasileiro;NÃO ELEITO;7612;15721.95;44420459;2.0654164477141355;0.0003539348839236443
250001604843;1430;SILVANA MENK PINTO;SIL MENK;SP;PTB;Partido Trabalhista Brasileiro;NÃO ELEITO;318;20000.0;44420459;62.893081761006286;0.0004502429837566514
250001604839;1441;WAGNER TADEU SILVA PRADO;CORONEL PRADO;SP;PTB;Partido Trabalhista Brasileiro;NÃO ELEITO;9009;106500.0;44420459;11.821511821511821;0.002397543888504169
250001604846;1472;MIGUEL ANDERSON HEREDIA DE SÁ;HEREDIA;SP;PTB;Partido Trabalhista Brasileiro;NÃO ELEITO;614;15619.36;44420459;25.43869706840391;0.0003516253625384646
250001604833;1450;RUBENS NUSQUE JUNIOR;CORONEL NUSQUE;SP;PTB;Partido Trabalhista Brasileiro;NÃO ELEITO;3750;76399.78;44420459;20.373274666666667;0.001719923245277587
130001671754;2015;EUCLYDES MARCOS PETTERSEN NETO;EUCLYDES PETTERSEN;MG;PSC;Partido Social Cristão;ELEITO POR QP;101892;3186823.46;20538718;31.27648353158246;0.15516175157573125
250001604811;1415;VALDEMAR SILVA;VAVA DO TRANSPORTE;SP;PTB;Partido Trabalhista Brasileiro;NÃO ELEITO;2656;78473.0;44420459;29.545557228915662;0.0017665958832167852
250001738894;1437;SONIA MARIA GUERREIRO PAZINI;SONIA GUERREIRO;SP;PTB;Partido Trabalhista Brasileiro;NÃO ELEITO;63;0.0;44420459;0.0;0.0
250001738806;1479;FRANCISCO DE ASSIS DA SILVA;CHICÃO DA SILVA;SP;PTB;Partido Trabalhista Brasileiro;NÃO ELEITO;587;6000.0;44420459;10.221465076660989;0.00013507289512699542
250001604829;1406;JOARLEY MOISES ALVES DOS SANTOS;MOISES PATRIA E DEFESA;SP;PTB;Partido Trabalhista Brasileiro;NÃO ELEITO;5605;3.3;44420459;0.0005887600356824263;7.429009231984748e-08
60001712974;3640;EDVAN NOGUEIRA BERNARDINO;VANDIM CALÇADOS;CE;AGIR;AGIR;NÃO ELEITO;103;2187.5;8791688;21.237864077669904;0.0002488145621182189
60001712975;3622;ELANIO PEREIRA DE SOUZA;ELANIO PEREIRA;CE;AGIR;AGIR;NÃO ELEITO;115;2187.5;8791688;19.02173913043478;0.0002488145621182189
60001712977;3660;FRANCISCA OZILENE PEREIRA NOGUEIRA CARVALHO;OZYLENE;CE;AGIR;AGIR;NÃO ELEITO;68;5000.0;8791688;73.52941176470588;0.0005687189991273575
130001613202;4071;LAURA LUIZA COSTA;LAURA COSTA;MG;PSB;Partido Socialista Brasileiro;NÃO ELEITO;2146;233314.0;20538718;108.72041006523766;0.011359715830364875
130001613205;4060;WEVERTON LEANDRO SANTOS ANDRADE;WEVERTON VETÃO;MG;PSB;Partido Socialista Brasileiro;NÃO ELEITO;8548;272910.23;20538718;31.92679340196537;0.013287598086696549
130001613206;4075;ANA PAULA DE MOURA;ANA PAULA MOURA;MG;PSB;Partido Socialista Brasileiro;NÃO ELEITO;423;29997.7;20538718;70.91654846335697;0.0014605439346311684
60001712968;3620;MARIA ZULEIDE ALMEIDA DE SOUSA;ZULEIDE;CE;AGIR;AGIR;NÃO ELEITO;81;6450.0;8791688;79.62962962962963;0.0007336475088742913
60001712970;3690;VICENTE CLAUDIO DE MOURA;CLAUDIO MOURA;CE;AGIR;AGIR;NÃO ELEITO;245;0.0;8791688;0.0;0.0
60001712964;3696;JOSÉ IRAPUAN DE MEDEIROS;IRAPUAN MEDEIROS;CE;AGIR;AGIR;NÃO ELEITO;212;2187.5;8791688;10.318396226415095;0.0002488145621182189
60001712965;3612;JOSÉ IVAN CARNEIRO;IVAN CARNEIRO;CE;AGIR;AGIR;NÃO ELEITO;281;2187.5;8791688;7.784697508896797;0.0002488145621182189
60001712966;3680;LEONARDO MÁRCIO SANTOS DE MESQUITA;SGT LEONARDO MÁRCIO;CE;AGIR;AGIR;NÃO ELEITO;119;2187.5;8791688;18.38235294117647;0.0002488145621182189
60001712967;3610;MARIA DE FÁTIMA BEZERRA SILVA;FÁTIMA MARA;CE;AGIR;AGIR;NÃO ELEITO;95;5000.0;8791688;52.63157894736842;0.0005687189991273575
60001712973;3615;CARLOS ANDRÉ SOARES FERNANDES;CARLOS DJ;CE;AGIR;AGIR;NÃO ELEITO;378;2187.5;8791688;5.787037037037037;0.0002488145621182189
60001712978;3633;FRANCISCO JOZIVAN FELIPE;JOZIVAN FELIPE;CE;AGIR;AGIR;NÃO ELEITO;137;0.0;8791688;0.0;0.0
60001712969;3636;RAIMUNDO FLÁVIO FERREIRA FRANÇA;VELHO DO RIO;CE;AGIR;AGIR;NÃO ELEITO;341;4187.5;8791688;12.280058651026392;0.000476302161769162
130001613225;4057;VILSON LUIZ DA SILVA;VILSON DA FETAEMG;MG;PSB;Partido Socialista Brasileiro;NÃO ELEITO;54280;2501641.22;20538718;46.087715917465;0.12180123511116907
60001712971;3600;CAMILLA RAQUEL LEITE DE OLIVEIRA GARCIA;CAMILLA LEITE;CE;AGIR;AGIR;NÃO ELEITO;157;5000.0;8791688;31.84713375796178;0.0005687189991273575
130001613245;4008;SONIA MARIA SIMAO;SÔNIA KID BAIANA;MG;PSB;Partido Socialista Brasileiro;NÃO ELEITO;48;29999.26;20538718;624.9845833333333;0.0014606198887389173
60001712972;3688;ADRIANA DE ARAÚJO FERREIRA;ADRIANA ARAÚJO;CE;AGIR;AGIR;NÃO ELEITO;54;5000.0;8791688;92.5925925925926;0.0005687189991273575
130001613227;4002;RICARDO FERNANDES MOREIRA;RICARDO SURURU;MG;PSB;Partido Socialista Brasileiro;NÃO ELEITO;382;35000.270000000004;20538718;91.62374345549739;0.00170411171719676
130001613223;4021;ODAIR SANTOS JUNIOR;ODAIR SANTOS JUNIOR;MG;PSB;Partido Socialista Brasileiro;NÃO ELEITO;192;12022.0;20538718;62.614583333333336;0.0005853335149740115
210001601887;4420;MARIA MIRACY DOS SANTOS RIBEIRO;MIRACY;RS;UNIÃO;UNIÃO BRASIL;NÃO ELEITO;901;18956.88;10880506;21.039822419533852;0.0017422792653209328
260001644379;1515;CRISTÓVÃO JOSÉ FONTES DE SOUSA JUNIOR;TITÓ;SE;MDB;Movimento Democrático Brasileiro;NÃO ELEITO;899;0.0;2209558;0.0;0.0
260001644387;1513;REBECA MORAES BRUNO DOS REIS ALVES;REBECA MORAES;SE;MDB;Movimento Democrático Brasileiro;NÃO ELEITO;529;860.0;2209558;1.6257088846880907;0.0003892181151162359
260001644382;1520;EDER MATOS MARTINS;EDER MATOS;SE;MDB;Movimento Democrático Brasileiro;NÃO ELEITO;765;1000.0;2209558;1.3071895424836601;0.00045257920362353014
260001644381;1599;JOSÉ PAZ DA SILVA;PAZ;SE;MDB;Movimento Democrático Brasileiro;NÃO ELEITO;88;1000.0;2209558;11.363636363636363;0.00045257920362353014
260001644384;1511;ENEIDE BARBOSA DE MATOS;NEIDE BARBOSA;SE;MDB;Movimento Democrático Brasileiro;NÃO ELEITO;364;0.0;2209558;0.0;0.0
260001644385;1555;RONALD VIEIRA DAMASCENO;DR. RONALD VIEIRA;SE;MDB;Movimento Democrático Brasileiro;NÃO ELEITO;473;1241.0;2209558;2.623678646934461;0.0005616507916968009
260001644383;1533;EUGENE MENDES FERREIRA;EUGENE MENDES BACANA;SE;MDB;Movimento Democrático Brasileiro;NÃO ELEITO;24;0.0;2209558;0.0;0.0
260001644380;1567;ROSEMARY CASSEMIRO HORA;MÃE MARY DE XANGÔ;SE;MDB;Movimento Democrático Brasileiro;NÃO ELEITO;175;1000.0;2209558;5.714285714285714;0.00045257920362353014
260001644386;1577;JOSÉ ANDRE DE JESUS;ANDRÉ   MEU NEGUINHO  ;SE;MDB;Movimento Democrático Brasileiro;NÃO ELEITO;347;0.0;2209558;0.0;0.0
200001603000;2222;JOÃO DA SILVA MAIA;JOÃO MAIA;RN;PL;Partido Liberal;ELEITO POR QP;104254;1910487.78;3302729;18.32531874076774;0.5784573242309617
110001593944;3010;JOSE SIRLEI ROZA DE LIMA;JOSE SIRLEI;MT;NOVO;Partido Novo;NÃO ELEITO;459;1721.84;3658813;3.7512854030501086;0.0004706007112142654
110001593945;3030;GILBERTO ROQUE GEREMIA;GILBERTO GEREMIA;MT;NOVO;Partido Novo;NÃO ELEITO;522;4665.88;3658813;8.938467432950192;0.001275244184384389
110001593943;3014;IRISMAR ALLEN DA SILVA;IRIS ALLEN;MT;NOVO;Partido Novo;NÃO ELEITO;269;4380.78;3658813;16.28542750929368;0.0011973227382760473
110001593946;3016;ALINE DE JESUS OLIVEIRA;ALINE DE JESUS;MT;NOVO;Partido Novo;NÃO ELEITO;865;3044.98;3658813;3.5202080924855492;0.000832231655457658
110001593947;3000;ARTHUR BOSCO OLIVEIRA LOPES;ARTHUR DO NOVO;MT;NOVO;Partido Novo;NÃO ELEITO;1945;16014.0;3658813;8.233419023136246;0.004376829315955748
100001602275;5511;JOSIVALDO DOS SANTOS MELO;JOSIVALDO JP;MA;PSD;Partido Social Democrático;ELEITO POR QP;79699;1348033.4;6775152;16.914056638100853;0.19896725564238263
170001619597;1818;TÚLIO GADELHA SALES DE MELO;TÚLIO GADELHA;PE;REDE;Rede Sustentabilidade;ELEITO POR QP;134391;2683372.4899999998;9058155;19.966906191634855;0.29623830570353454
170001609080;2222;ANDRÉ FERREIRA RODRIGUES;ANDRÉ FERREIRA;PE;PL;Partido Liberal;ELEITO POR QP;273267;2717292.18;9058155;9.943726026194163;0.2999829634180471
170001609087;2200;FRANCISCO EURICO DA SILVA;PASTOR EURICO;PE;PL;Partido Liberal;ELEITO POR QP;100811;2498612.94;9058155;24.785122060092647;0.2758412656882113
170001609070;2210;LUIZ DE FRANÇA E SILVA MEIRA;CORONEL MEIRA;PE;PL;Partido Liberal;ELEITO POR QP;78941;186406.28;9058155;2.361336694493356;0.020578835314697088
130001607606;9050;WANDERSON SILVA GANDRA;WANDERSON GANDRA;MG;PROS;Partido Republicano da Ordem Social;NÃO ELEITO;1805;454523.33;20538718;251.81347922437675;0.022130073064930342
130001607576;9018;CRISTIANE MENDES EUZÉBIO;CRISTIANE MENDES ACS;MG;PROS;Partido Republicano da Ordem Social;NÃO ELEITO;322;134856.0;20538718;418.8074534161491;0.006565940483724447
130001607569;9045;JACQUELINE MARIA VERDE DE OLIVEIRA;JACQUELINE VERDE;MG;PROS;Partido Republicano da Ordem Social;NÃO ELEITO;286;149966.0;20538718;524.3566433566433;0.007301624181217153
130001724715;9011;WANDERSON FERREIRA;WANDERSON FERREIRA FERRUGEM;MG;PROS;Partido Republicano da Ordem Social;NÃO ELEITO;839;40405.0;20538718;48.158522050059595;0.0019672600792318196
60001608864;1090;FRANCISCO WAGNER LOBO PEREIRA;PROF WAGNER LOBO;CE;REPUBLICANOS;REPUBLICANOS;NÃO ELEITO;3012;49987.0;8791688;16.595949535192563;0.005685711321875845
60001608847;1033;RODRIGO DOS SANTOS BESERRA;RODRIGO BESERRA;CE;REPUBLICANOS;REPUBLICANOS;NÃO ELEITO;1598;0.0;8791688;0.0;0.0
60001608850;1000;VANESSA FALCÃO DE SOUZA CASTELO LIMA;BISPA VANESSA LIMA;CE;REPUBLICANOS;REPUBLICANOS;NÃO ELEITO;29390;998388.5;8791688;33.97034705682205;0.11356050169205277
60001608860;1020;ERLAN MARTINS DOS SANTOS;ERLAN BASTOS;CE;REPUBLICANOS;REPUBLICANOS;NÃO ELEITO;17177;803100.0;8791688;46.754380858124236;0.09134764563983618
60001608854;1016;FRANCISCO RODRIGO DE MATOS DE SOUZA;PR RODRIGO MATOS;CE;REPUBLICANOS;REPUBLICANOS;NÃO ELEITO;6028;508762.69;8791688;84.39991539482415;0.05786860157002842
60001608856;1044;GABRIELLA PAIVA DOS SANTOS;PROFESSORA GABRIELLA;CE;REPUBLICANOS;REPUBLICANOS;NÃO ELEITO;1082;204835.0;8791688;189.31146025878004;0.02329871123725046
60001608858;1023;ABRAÃO GOMES DA SILVA;PASTOR ABRAÃO;CE;REPUBLICANOS;REPUBLICANOS;NÃO ELEITO;3974;269677.0;8791688;67.86034222445899;0.03067408670553368
60001608863;1012;FELIPE MONTEIRO ANDRADE ARAÚJO;DR FELIPE MONTEIRO;CE;REPUBLICANOS;REPUBLICANOS;NÃO ELEITO;2357;64945.020000000004;8791688;27.554102672889268;0.007387093354541244
60001608861;1011;ROSA STEFANIA MARINHO GOMES RODRIGUES;STEFANI RODRIGUES;CE;REPUBLICANOS;REPUBLICANOS;NÃO ELEITO;888;229804.9;8791688;258.7893018018018;0.026138882544512496
60001608853;1010;RONALDO MANCHADO MARTINS;RONALDO MARTINS;CE;REPUBLICANOS;REPUBLICANOS;NÃO ELEITO;104502;819363.35;8791688;7.84064754741536;0.09319750086672775
60001608848;1093;NAPOLEÃO DE VASCONCELOS MONTE;TENENTE NAPOLEÃO;CE;REPUBLICANOS;REPUBLICANOS;NÃO ELEITO;828;49968.0;8791688;60.34782608695652;0.00568355018967916
60001608857;1055;EMANUELLE SANTOS CARNEIRO SILVA;MANUH SILVA;CE;REPUBLICANOS;REPUBLICANOS;NÃO ELEITO;2401;266264.0;8791688;110.89712619741775;0.030285879116729347
60001608849;1099;RAMSÉS SERRA;RAMSÉS SERRA;CE;REPUBLICANOS;REPUBLICANOS;NÃO ELEITO;598;49912.85;8791688;83.46630434782608;0.005677277219118785
60001608855;1013;CRISTIANE COLARES MUNIZ;ENFERMEIRA CRISTIANE COLARES;CE;REPUBLICANOS;REPUBLICANOS;NÃO ELEITO;504;50000.0;8791688;99.2063492063492;0.005687189991273576
60001608862;1030;VERISSIMO DOS SANTOS FREITAS;VERISSIMO FREITAS;CE;REPUBLICANOS;REPUBLICANOS;NÃO ELEITO;1892;129922.4;8791688;68.66934460887948;0.01477786745844484
60001608851;1002;FRANCISCA FATIMA DE OLIVEIRA MOTA SILVA;FÁTIMA SILVA;CE;REPUBLICANOS;REPUBLICANOS;NÃO ELEITO;708;99740.75;8791688;140.87676553672316;0.011344891902442398
140001721525;3677;ELTON ASSIS DE QUEIROZ;ELTON QUEIROZ;PA;AGIR;AGIR;NÃO ELEITO;665;30000.0;8116132;45.11278195488722;0.0036963420506221437
140001721520;3600;CARLOS REUTMAN SANTOS DA SILVA;REUTEMAN DA FAVELA;PA;AGIR;AGIR;NÃO ELEITO;272;10000.0;8116132;36.76470588235294;0.0012321140168740478
140001721523;3615;CLEIDE REGINA CASTRO DA SILVA;CLEIDE SACRAMENTO;PA;AGIR;AGIR;NÃO ELEITO;141;1800.0;8116132;12.76595744680851;0.00022178052303732863
140001721522;3684;SÍDINE CORRÊA VIÉGAS;SÍDNEY BRASIL;PA;AGIR;AGIR;NÃO ELEITO;303;15000.0;8116132;49.504950495049506;0.0018481710253110718
140001721526;3636;MARIA DO SOCORRO DOS SANTOS PINHEIRO;DRA. SOCORRO PINHEIRO;PA;AGIR;AGIR;NÃO ELEITO;374;0.0;8116132;0.0;0.0
140001721519;3664;AUGUSTO ILSON PEDROSA;AUGUSTO PEDROSA;PA;AGIR;AGIR;NÃO ELEITO;44;6000.0;8116132;136.36363636363637;0.0007392684101244287
140001721532;3610;ANTONIO CARLOS PALHA COELHO;ANTONIO CARLOS;PA;AGIR;AGIR;NÃO ELEITO;28;5000.0;8116132;178.57142857142858;0.0006160570084370239
140001721517;3607;ALVARO DE JESUS AMARAL SOUZA;ALVARO AMARAL;PA;AGIR;AGIR;NÃO ELEITO;78;3500.0;8116132;44.87179487179487;0.0004312399059059168
140001721521;3611;FABIANO DOS SANTOS PINHO;FABIANO PINHO;PA;AGIR;AGIR;NÃO ELEITO;52;0.0;8116132;0.0;0.0
140001721518;3699;ANTONIO CARLOS LUCENA DE OLIVEIRA;ANTÔNIO LUCENA;PA;AGIR;AGIR;NÃO ELEITO;41;0.0;8116132;0.0;0.0
140001721528;3623;PATRÍCIA NATALINA MORAES GOMES ALMEIDA;PATRÍCIA MORAES;PA;AGIR;AGIR;NÃO ELEITO;64;3000.0;8116132;46.875;0.00036963420506221437
140001721529;3617;ELENARA DE SOUZA ARAUJO;ELENARA ARAUJO;PA;AGIR;AGIR;NÃO ELEITO;238;15000.0;8116132;63.02521008403362;0.0018481710253110718
140001721531;3620;ANGELA MARIA MORAES DA SILVA;ANGELA SILVA;PA;AGIR;AGIR;NÃO ELEITO;238;7000.0;8116132;29.41176470588235;0.0008624798118118336
130001596021;5193;PEDRO DOSHIKAZU PIANCHAO AIHARA;PEDRO AIHARA;MG;PATRIOTA;Patriota;ELEITO POR QP;89404;1204806.33;20538718;13.475977920450987;0.05866024987538171
130001596009;5133;FREDERICO BORGES DA COSTA;FRED COSTA;MG;PATRIOTA;Patriota;ELEITO POR QP;158453;2650550.73;20538718;16.727677797201693;0.12905142034668377
80001604529;1044;MANOEL MESSIAS DONATO BEZERRA;MESSIAS DONATO;ES;REPUBLICANOS;REPUBLICANOS;ELEITO POR MÉDIA;42640;988051.2;3833486;23.171932457786117;0.2577422220923723
80001604531;1010;AMARO ROCHA NASCIMENTO NETO;AMARO NETO;ES;REPUBLICANOS;REPUBLICANOS;ELEITO POR MÉDIA;52375;2673843.36;3833486;51.051901861575175;0.6974965762233121
250001611407;1602;GABRIELA GUERRERO ARIONE;PROFESSORA GRABRIELA;SP;PSTU;Partido Socialista dos Trabalhadores Unificado;NÃO ELEITO;218;5050.0;44420459;23.165137614678898;0.00011368635339855447
250001611411;1610;THAIS RABELLO SILVA;THAÍS RABELLO;SP;PSTU;Partido Socialista dos Trabalhadores Unificado;NÃO ELEITO;245;4200.0;44420459;17.142857142857142;9.45510265888968e-05
250001611410;1611;RENATO BENEDUCI ASSAD;RENATO BANCADA ANTICAPITALISTA;SP;PSTU;Partido Socialista dos Trabalhadores Unificado;NÃO ELEITO;477;5211.2;44420459;10.924947589098531;0.00011731531184763308
250001611408;1655;MARCELLO FERREIRA DOS SANTOS;MARCELLO PABLITO;SP;PSTU;Partido Socialista dos Trabalhadores Unificado;NÃO ELEITO;1256;20526.88;44420459;16.343057324840764;0.0004621041849207367
250001611405;1630;ANTONIO RIBEIRO DUARTE;DUARTE DA BRASILÂNDIA;SP;PSTU;Partido Socialista dos Trabalhadores Unificado;NÃO ELEITO;488;5901.3;44420459;12.09282786885246;0.00013285094600215636
250001611413;1616;WELLER PEREIRA GONÇALVES;WELLER GONÇALVES;SP;PSTU;Partido Socialista dos Trabalhadores Unificado;NÃO ELEITO;1995;63417.3;44420459;31.78812030075188;0.0014276597186895345
250001611406;1600;CLAUDIO DONIZETE DOS REIS;CLAUDIO DONIZETE;SP;PSTU;Partido Socialista dos Trabalhadores Unificado;NÃO ELEITO;667;54378.200000000004;44420459;81.5265367316342;0.0012241701509657973
250001611409;1612;MARIANA FRAGOSO WATANABE;MARIANA FRAGOSO;SP;PSTU;Partido Socialista dos Trabalhadores Unificado;NÃO ELEITO;132;5050.0;44420459;38.25757575757576;0.00011368635339855447
250001611412;1606;WALDEMIR APARECIDO SOARES JUNIOR;WALDEMIR SOARES JUNIOR;SP;PSTU;Partido Socialista dos Trabalhadores Unificado;NÃO ELEITO;744;6213.0;44420459;8.350806451612904;0.00013986798290400377
120001596065;4077;LILIAN OLIVIA APARECIDA FERNANDES;LILIAN FERNANDES;MS;PSB;Partido Socialista Brasileiro;NÃO ELEITO;2533;38916.0;2756700;15.363600473746546;0.014116878876918055
120001596064;4040;DAGMAR CARPEZANI LOPES;DAGMAR CARPEZANI;MS;PSB;Partido Socialista Brasileiro;NÃO ELEITO;1338;15629.97;2756700;11.681591928251121;0.005669811731417999
120001596062;4022;RICARDO ALVES DA SILVA;RICARDO CORNETA;MS;PSB;Partido Socialista Brasileiro;NÃO ELEITO;1476;0.0;2756700;0.0;0.0
120001596061;4088;PATRÍCIA DE CASSIA RUELA PALMIERI;PATRÍCIA PALMIERI;MS;PSB;Partido Socialista Brasileiro;NÃO ELEITO;191;4000.0;2756700;20.94240837696335;0.0014510102658976311
120001596063;4011;MAURICIO ROBERTO LEMES SOARES;MAURICIO LEMES;MS;PSB;Partido Socialista Brasileiro;NÃO ELEITO;1946;10000.45;2756700;5.138977389516958;0.003627688903398992
160001614506;1316;IVAN BRIBIS RODRIGUES;IVAN COLETIVO PODER POPULAR;PR;PT;Partido dos Trabalhadores;NÃO ELEITO;1469;47182.1;11443208;32.11851599727706;0.004123153227661334
40001609377;1010;SILAS CÂMARA;SILAS CÂMARA;AM;REPUBLICANOS;REPUBLICANOS;ELEITO POR QP;125068;3058073.2;3941175;24.451284101448813;0.7759293104213846
20001614180;1199;MARX BELTRÃO LIMA SIQUEIRA;MARX BELTRÃO;AL;PP;PROGRESSISTAS;ELEITO POR QP;88512;2547854.4;3127511;28.785412147505422;0.8146588133502968
20001614175;1111;ARTHUR CESAR PEREIRA DE LIRA;ARTHUR LIRA;AL;PP;PROGRESSISTAS;ELEITO POR QP;219452;3147977.12;3127511;14.344718298306692;1.006543900245275
230001602806;1515;MARIA HELENA TEIXEIRA LIMA;HELENA DA ASATUR;RR;MDB;Movimento Democrático Brasileiro;ELEITO POR QP;15848;1092705.13;636303;68.94908695103483;1.7172716928884508
190001619499;4452;MURILLO GOUVÊA RODRIGUES;MURILLO GOUVEA;RJ;UNIÃO;UNIÃO BRASIL;ELEITO POR QP;49921;1718532.7;16054524;34.42504557200377;0.1070435162076434
190001619517;4400;ROGÉRIO TEIXEIRA JUNIOR;JUNINHO DO PNEU;RJ;UNIÃO;UNIÃO BRASIL;ELEITO POR QP;70660;2973196.87;16054524;42.077510189640535;0.1851937105080163
190001619522;4412;DANIELA MOTÉ DE SOUZA CARNEIRO;DANIELA DO WAGUINHO;RJ;UNIÃO;UNIÃO BRASIL;ELEITO POR QP;213706;3080522.0;16054524;14.41476608050312;0.1918787501890433
190001619502;4401;JOÃO FRANCISCO INÁCIO BRAZÃO;CHIQUINHO BRAZÃO;RJ;UNIÃO;UNIÃO BRASIL;ELEITO POR QP;77367;3153066.72;16054524;40.754672147039436;0.19639739677115312
190001619524;4477;DANIELLE DYTZ DA CUNHA;DANI CUNHA;RJ;UNIÃO;UNIÃO BRASIL;ELEITO POR QP;75810;3205558.61;16054524;42.28411304577232;0.19966699791286244
50001613575;4545;ADOLFO VIANA DE CASTRO NETO;ADOLFO VIANA;BA;PSDB;Partido da Social Democracia Brasileira;ELEITO POR QP;123199;2249833.31;14136417;18.261782238492195;0.15915159477822421
150001612086;2011;ROMERO RODRIGUES VEIGA;ROMERO RODRIGUES;PB;PSC;Partido Social Cristão;ELEITO POR QP;114573;2643231.13;3974495;23.070279472476063;0.6650482967018451
100001613708;6513;MARCIO JERRY SARAIVA BARROSO;MARCIO JERRY;MA;PC do B;Partido Comunista do Brasil;ELEITO POR QP;106143;2951430.32;6775152;27.806170166661953;0.43562569813931845
120001652595;1331;VANDER LUIZ DOS SANTOS LOUBET;VANDER LOUBET;MS;PT;Partido dos Trabalhadores;ELEITO POR QP;76571;2159949.2;2756700;28.208449674158626;0.7835271157543441
180001602553;5555;JULIO CÉSAR DE CARVALHO LIMA;JULIO CÉSAR;PI;PSD;Partido Social Democrático;ELEITO POR QP;134863;2017260.03;3269200;14.957846332945286;0.6170500520004895
180001602552;5510;JOSÉ DIAS DE CASTRO NETO;CASTRO NETO;PI;PSD;Partido Social Democrático;ELEITO POR QP;127753;1844415.45;3269200;14.437355287155683;0.5641794475712713
80001719429;1350;HELDER IGNÁCIO SALOMÃO;HELDER SALOMÃO;ES;PT;Partido dos Trabalhadores;ELEITO POR QP;120337;1806264.88;3833486;15.010054098074573;0.4711807686267799
230001600111;1011;JOHNATHAN PEREIRA DE JESUS;JHONATAN DE JESUS;RR;REPUBLICANOS;REPUBLICANOS;ELEITO POR QP;19881;1487721.65;636303;74.83132890699663;2.338071091916901
160001603306;1199;SEBASTIÃO HENRIQUE DE MEDEIROS;TIÃO MEDEIROS;PR;PP;PROGRESSISTAS;ELEITO POR QP;109344;3159984.56;11443208;28.899478343576238;0.2761449901111646
160001603317;1151;RICARDO JOSÉ MAGALHÃES BARROS;RICARDO BARROS;PR;PP;PROGRESSISTAS;ELEITO POR QP;107022;2284503.79;11443208;21.3461137896881;0.199638404720075
160001603295;1111;PEDRO DEBONI LUPION MELLO;PEDRO LUPION;PR;PP;PROGRESSISTAS;ELEITO POR QP;109043;2923421.49;11443208;26.80980429738727;0.25547219713213287
210001601877;4444;LUIZ CARLOS GHIORZZI BUSATO;BUSATO;RS;UNIÃO;UNIÃO BRASIL;ELEITO POR QP;57610;2515299.61;10880506;43.660816004165945;0.23117487458763405
210001620037;2323;ANY MACHADO ORTIZ;ANY ORTIZ;RS;CIDADANIA;Cidadania;ELEITO POR QP;119039;2348329.86;10880506;19.727399087693946;0.2158291039038074
100001599599;9024;NARLIENE CORREA DOS SANTOS;LENNY DINIZ;MA;PROS;Partido Republicano da Ordem Social;NÃO ELEITO;104;30000.0;6775152;288.46153846153845;0.004427944937619111
100001599598;9032;EUDIVAN CARVALHO COSTA;EUDIVAN DA MANGABA;MA;PROS;Partido Republicano da Ordem Social;NÃO ELEITO;247;28820.0;6775152;116.68016194331983;0.004253779103406094
100001599595;9007;ALEYGNAN LEAL COSTA;ALEYGNAN LEAL;MA;PROS;Partido Republicano da Ordem Social;NÃO ELEITO;295;20000.0;6775152;67.79661016949153;0.0029519632917460745
100001599597;9022;ELMARENE SOUZA MAIA;ELMARENE;MA;PROS;Partido Republicano da Ordem Social;NÃO ELEITO;490;241500.0;6775152;492.85714285714283;0.03564495674783385
100001599600;9090;ANTONIO FLAVIO MOTA CANDIDO;DANILO LIMA;MA;PROS;Partido Republicano da Ordem Social;NÃO ELEITO;2664;105400.0;6775152;39.56456456456456;0.015556846547501812
100001599607;9077;VASTY FRANCISCA DE MENESES;VASTY MENESES;MA;PROS;Partido Republicano da Ordem Social;NÃO ELEITO;306;245527.3;6775152;802.3767973856209;0.036239378836076294
100001599605;9023;KALEL AMADOR PEREIRA;PR. KALEL AMADOR ;MA;PROS;Partido Republicano da Ordem Social;NÃO ELEITO;228;19973.25;6775152;87.60197368421052;0.0029480150408433643
100001599602;9099;JOSE ALDI MACENA LICAR;PACA;MA;PROS;Partido Republicano da Ordem Social;NÃO ELEITO;706;100000.0;6775152;141.643059490085;0.014759816458730372
100001599606;9009;WYNDSON CARLOS GOMES CARVALHO;WYNDSON CARVALHO ;MA;PROS;Partido Republicano da Ordem Social;NÃO ELEITO;297;19991.95;6775152;67.31296296296297;0.002950775126521147
100001599601;9040;PAULO PEREIRA DA SILVA FILHO;PAULO SILVA;MA;PROS;Partido Republicano da Ordem Social;NÃO ELEITO;195;20000.0;6775152;102.56410256410257;0.0029519632917460745
100001599609;9010;ELAINE CRISTINA MARQUES CORTEZ;ELAINE CORTEZ;MA;PROS;Partido Republicano da Ordem Social;NÃO ELEITO;22;0.0;6775152;0.0;0.0
100001599603;9000;RAFAEL AVELLAR DE CARVALHO NUNES;DR. RAFAEL NUNES;MA;PROS;Partido Republicano da Ordem Social;NÃO ELEITO;1856;200000.0;6775152;107.75862068965517;0.029519632917460743
100001599604;9033;JOSE EDILSON DE SOUSA SILVA;EDILSON DOS COLCHÕES;MA;PROS;Partido Republicano da Ordem Social;NÃO ELEITO;701;0.0;6775152;0.0;0.0
100001599594;9087;EDÉSIO ARAÚJO DO NASCIMENTO;EDÉSIO NASCIMENTO;MA;PROS;Partido Republicano da Ordem Social;NÃO ELEITO;152;0.0;6775152;0.0;0.0
210001620059;4511;LUCAS BELLO REDECKER;LUCAS REDECKER;RS;PSDB;Partido da Social Democracia Brasileira;ELEITO POR QP;119069;1692561.6;10880506;14.214964432387944;0.15555908888796166
200001598458;5588;ALEXSANDRO DA COSTA TOMAZ;ALEX TOMAZ;RN;PSD;Partido Social Democrático;NÃO ELEITO;424;0.0;3302729;0.0;0.0
200001598463;5540;SARA MARY BEZERRA BULHÕES DE SÁ;SARA BULHÕES;RN;PSD;Partido Social Democrático;NÃO ELEITO;96;8000.0;3302729;83.33333333333333;0.0024222393057377702
200001598459;5533;FELINTO GADELHA SEGUNDO;FELINTO GADELHA;RN;PSD;Partido Social Democrático;NÃO ELEITO;799;200.0;3302729;0.2503128911138924;6.0555982643444253e-05
200001598460;5566;ISLENE DE LIMA CÂNDIDO;ISLENE CÂNDIDO;RN;PSD;Partido Social Democrático;NÃO ELEITO;402;8000.0;3302729;19.90049751243781;0.0024222393057377702
200001598465;5522;OZEIAS MOURA DE PAULA;OZEIAS DE PAULA;RN;PSD;Partido Social Democrático;NÃO ELEITO;713;0.0;3302729;0.0;0.0
200001598462;5564;LUCIANO GOMES CAVALCANTI;ENFERMEIRO LUCIANO;RN;PSD;Partido Social Democrático;NÃO ELEITO;2795;500.0;3302729;0.17889087656529518;0.00015138995660861064
200001598457;5555;JACOB HELDER GUEDES DE OLIVEIRA JACOME;JACÓ JÁCOME;RN;PSD;Partido Social Democrático;NÃO ELEITO;19456;39931.83;3302729;2.0524172491776316;0.012090556022004834
200001598461;5577;JEAN CARLOS DE FRANÇA FREITAS;JEAN CARLOS;RN;PSD;Partido Social Democrático;NÃO ELEITO;656;0.0;3302729;0.0;0.0
200001598464;5544;ADELMA FELIX SOARES;ADELMA FELIX;RN;PSD;Partido Social Democrático;NÃO ELEITO;343;8466.0;3302729;24.682215743440235;0.002563334745296995
250001597671;3030;ADRIANA MIGUEL VENTURA;ADRIANA VENTURA;SP;NOVO;Partido Novo;ELEITO POR QP;109474;958057.59;44420459;8.751462356358587;0.02156793539661533
160001654655;4444;LUIS FELIPE BONATTO FRANCISCHINI;FELIPE FRANCISCHINI;PR;UNIÃO;UNIÃO BRASIL;ELEITO POR QP;164342;2983969.43;11443208;18.15707141205535;0.26076336548282614
160001654671;4411;MATHEUS ARAUJO LAIOLA;DELEGADO MATHEUS LAIOLA;PR;UNIÃO;UNIÃO BRASIL;ELEITO POR QP;132759;1507265.79;11443208;11.35339818769349;0.13171706657783377
160001654677;4455;GERALDO GABRIEL MENDES;GERALDO MENDES;PR;UNIÃO;UNIÃO BRASIL;ELEITO POR QP;71990;1135606.02;11443208;15.774496735657731;0.09923843209002231
190001638627;5108;MARIZETE KUHN;MARIZETE JORNALISTA;RJ;PATRIOTA;Patriota;NÃO ELEITO;47;3000.0;16054524;63.829787234042556;0.00018686321687270204
190001638587;5136;FLÁVIO JULIO NUNES PAIM;BILICO PAIM;RJ;PATRIOTA;Patriota;NÃO ELEITO;1079;38011.66;16054524;35.22860055607044;0.0023676603554238047
190001638625;5170;JOSÉ GUILHERME DE MORAES NETO;CORONEL GUILHERME;RJ;PATRIOTA;Patriota;NÃO ELEITO;790;151339.92;16054524;191.56951898734178;0.009426621430819127
190001638611;5156;CARLOS ALBERTO DE MACEDO;CARLOS MACEDO;RJ;PATRIOTA;Patriota;NÃO ELEITO;1108;36300.0;16054524;32.761732851985556;0.0022610449241596948
190001638591;5112;JEAN FABIO PASSOS DOS ANJOS;SARGENTO PASSOS;RJ;PATRIOTA;Patriota;NÃO ELEITO;1420;29722.989999999998;16054524;20.93168309859155;0.0018513778421583847
190001638599;5120;PAULO CEZAR VIEIRA DE ALMEIDA FILHO;CEZINHA DO MERCADO;RJ;PATRIOTA;Patriota;NÃO ELEITO;4490;74870.0;16054524;16.674832962138083;0.004663483015753068
190001638604;5118;RONALDO CARTAXO TEIXEIRA;RONALDO RUSSO;RJ;PATRIOTA;Patriota;NÃO ELEITO;495;29963.08;16054524;60.53147474747475;0.0018663325054047073
190001638630;5110;RICARDO BARBIERI;RICARDO BARBIERI;RJ;PATRIOTA;Patriota;NÃO ELEITO;1265;30016.72;16054524;23.728632411067196;0.001869673619722391
190001638617;5189;CLÓVIS JOSÉ DOS PASSOS FILHO;CLOVINHO;RJ;PATRIOTA;Patriota;NÃO ELEITO;2097;74989.25;16054524;35.7602527420124;0.004670910828623758
190001638590;5178;JAIR DA SILVA ROCHA;JAIR PRODUÇÕES;RJ;PATRIOTA;Patriota;NÃO ELEITO;4360;64500.0;16054524;14.793577981651376;0.004017559162763094
190001638598;5161;PAULO ANTONIO DA SILVA;CAPITÃO PAULO SILVA;RJ;PATRIOTA;Patriota;NÃO ELEITO;936;19992.760000000002;16054524;21.359786324786327;0.0012453038159212944
190001638616;5165;CLAUDIA SIMONE DOS SANTOS;CLAUDIA SANTOS;RJ;PATRIOTA;Patriota;NÃO ELEITO;257;42253.0;16054524;164.40856031128405;0.002631843834174093
190001638586;5198;EVERALDO ANSELMO DE ARAUJO;ANSELMO FOTÓGRAFO;RJ;PATRIOTA;Patriota;NÃO ELEITO;187;10000.0;16054524;53.475935828877006;0.0006228773895756735
190001638626;5116;JOZIEL FERREIRA CARLOS;PROFESSOR JOZIEL;RJ;PATRIOTA;Patriota;NÃO ELEITO;10040;770840.0;16054524;76.77689243027888;0.048013880698051216
190001638584;5150;ALEXANDRE RODRIGUES METELLO;ALEXANDRE METELLO OIPAZ;RJ;PATRIOTA;Patriota;NÃO ELEITO;792;11001.0;16054524;13.890151515151516;0.0006852274162721984
190001638628;5152;MAX COSME BRANDÃO DE SOUZA;MAX BRANDÃO;RJ;PATRIOTA;Patriota;NÃO ELEITO;901;39999.65;16054524;44.39472807991121;0.002491487757594059
190001638596;5160;MARIO LUCIO DE SOUZA AGUIAR;LUCIO AGUIAR;RJ;PATRIOTA;Patriota;NÃO ELEITO;615;46450.09;16054524;75.52860162601625;0.0028932710804755093
190001638597;5159;PAULO ANDERSON LIMA E SILVA;PAULO ANDERSON;RJ;PATRIOTA;Patriota;NÃO ELEITO;2041;20000.0;16054524;9.799118079372857;0.001245754779151347
190001638618;5151;CRISTOVÃO DOS SANTOS MOREIRA;CRISTOVÃO;RJ;PATRIOTA;Patriota;NÃO ELEITO;4226;74771.9;16054524;17.693303360151443;0.00465737258856133
190001638623;5107;JORGE LEANDRO MIEIRO SARQUIS DA HORA;JORGE DA HORA;RJ;PATRIOTA;Patriota;NÃO ELEITO;721;0.0;16054524;0.0;0.0
190001638605;5111;VANESSA BASONI PACHECO;VANESSA BASONI;RJ;PATRIOTA;Patriota;NÃO ELEITO;1853;126286.95;16054524;68.15269832703723;0.00786612857534736
190001638594;5177;MARCELO DOS SANTOS LEMOS;MARCELO LEMOS;RJ;PATRIOTA;Patriota;NÃO ELEITO;279;9900.0;16054524;35.483870967741936;0.0006166486156799168
190001638609;5101;ANA CLAUDIA PORTO PAES;ANA CLAUDIA;RJ;PATRIOTA;Patriota;NÃO ELEITO;691;19670.9;16054524;28.46729377713459;0.0012252558842604116
190001727998;5127;MARCELO HENRIQUE FERNANDES DE OLIVEIRA;MARCELO HENRIQUE;RJ;PATRIOTA;Patriota;NÃO ELEITO;135;12800.0;16054524;94.81481481481481;0.0007972830586568621
190001638612;5140;CARLOS ALBERTO LOPES DE MAGALHÃES;CARLÃO DA AGRICULTURA;RJ;PATRIOTA;Patriota;NÃO ELEITO;2582;48248.0;16054524;18.6862896979086;0.0030052588292247095
190001638610;5148;ANTONIO JOSÉ DE LIMA MESQUITA;GAVIÃO;RJ;PATRIOTA;Patriota;NÃO ELEITO;216;30000.0;16054524;138.88888888888889;0.0018686321687270205
200001608805;4444;LUIZ BENES LEOCÁDIO DE ARAÚJO;BENES LEOCÁDIO;RN;UNIÃO;UNIÃO BRASIL;ELEITO POR QP;100693;2974717.66;3302729;29.542447439246025;0.9006847549405356
190001638588;5183;GILMAR CARNEIRO DOS SANTOS;PROF GILMAR CARNEIRO;RJ;PATRIOTA;Patriota;NÃO ELEITO;2344;30000.0;16054524;12.79863481228669;0.0018686321687270205
190001638619;5102;DEBORAH FARAH;DEBORAH FARAH;RJ;PATRIOTA;Patriota;NÃO ELEITO;557;31500.0;16054524;56.552962298025136;0.0019620637771633714
190001638621;5121;ERCILIA MARIA SILVEIRA;ERCILIA SILVEIRA;RJ;PATRIOTA;Patriota;NÃO ELEITO;164;14987.8;16054524;91.3890243902439;0.0009335561739482279
190001638629;5125;PATRICIA LADEIRA MOREIRA;PATRICIA LADEIRA;RJ;PATRIOTA;Patriota;NÃO ELEITO;246;19836.039999999997;16054524;80.63430894308942;0.001235542081471864
190001638601;5100;RAQUEL GOMES DA SILVA DOS SANTOS;RAQUEL GOMES;RJ;PATRIOTA;Patriota;NÃO ELEITO;1265;192707.9;16054524;152.3382608695652;0.012003339370260992
190001638620;5169;ELISÂNGELA DA COSTA SILVA;ELISA SANCHES;RJ;PATRIOTA;Patriota;NÃO ELEITO;4997;60000.0;16054524;12.007204322593557;0.003737264337454041
190001638624;5122;JOSÉ BONIFÁCIO BEZERRA JUNIOR;SUBOFICIAL BONIFÁCIO;RJ;PATRIOTA;Patriota;NÃO ELEITO;4414;53870.0;16054524;12.204349796103308;0.003355440497644153
190001638613;5144;CARLOS ANTONIO RIBEIRO PEREIRA;CARLOS FAREH;RJ;PATRIOTA;Patriota;NÃO ELEITO;372;53000.0;16054524;142.4731182795699;0.0033012501647510695
190001638585;5180;ALMIR OLIVEIRA MOURA;ALMIR MOURA;RJ;PATRIOTA;Patriota;NÃO ELEITO;192;19780.77;16054524;103.02484375;0.0012320994381396794
190001638603;5106;ROLAN DE MELO NASCIMENTO;ROLAN MELO;RJ;PATRIOTA;Patriota;NÃO ELEITO;557;53452.2;16054524;95.96445242369838;0.0033294166803076813
190001638607;5103;ALEXANDRE DE OLIVEIRA BRAGA;SUBTENENTE BRAGA;RJ;PATRIOTA;Patriota;NÃO ELEITO;276;11216.5;16054524;40.63949275362319;0.0006986504240175541
190001638615;5133;CHRISTIANE BATISTA NERI;CHRIS NERI;RJ;PATRIOTA;Patriota;NÃO ELEITO;7328;454615.09;16054524;62.038085425764194;0.028316946052090987
190001638622;5105;ERIVELTO COSTA FIGUEIREDO;ERIVELTO COSTA;RJ;PATRIOTA;Patriota;NÃO ELEITO;2635;14652.97;16054524;5.5608994307400375;0.0009127003703130656
190001638602;5167;ROBSON LUIZ SANTANA VIEIRA;DR ROBSON SANTANA;RJ;PATRIOTA;Patriota;NÃO ELEITO;314;10018.960000000001;16054524;31.907515923566883;0.000624058365106309
190001638608;5199;ALZEMIRA DE LIMA MARINS;MIRIA DA AGRICULTURA;RJ;PATRIOTA;Patriota;NÃO ELEITO;284;19860.0;16054524;69.92957746478874;0.0012370344956972876
190001638589;5123;HUGO PEREIRA DO CANTO JUNIOR;HUGUINHO;RJ;PATRIOTA;Patriota;NÃO ELEITO;16670;217791.24;16054524;13.064861427714456;0.0135657239043649
190001638592;5175;LÍDIA SACRAMENTO COSTA;LÍDIA COSTA;RJ;PATRIOTA;Patriota;NÃO ELEITO;482;24531.05;16054524;50.89429460580913;0.0015279836387550325
190001638614;5132;CATIA REGINA BATISTA DO NASCIMENTO;CATIA NASCIMENTO;RJ;PATRIOTA;Patriota;NÃO ELEITO;369;15575.65;16054524;42.21043360433604;0.0009701720212944338
190001638606;5128;WELDERSON SIDNEY DA SILVA TEIXEIRA;SIDNEY DINHO;RJ;PATRIOTA;Patriota;NÃO ELEITO;5540;111000.0;16054524;20.03610108303249;0.0069139390242899754
190001638595;5155;MARIA GORETTI PINHEIRO MAIA GRIN PAULA;PASTORA GORETTI MAIA;RJ;PATRIOTA;Patriota;NÃO ELEITO;791;20074.6;16054524;25.3787610619469;0.0012504014444775814
190001638593;5131;LUCIA HELENA OLIVEIRA;LUCIA HELENA;RJ;PATRIOTA;Patriota;NÃO ELEITO;463;44850.0;16054524;96.8682505399568;0.0027936050922468957
260001619673;5555;FABIO DE ALMEIDA REIS;FABIO REIS;SE;PSD;Partido Social Democrático;ELEITO POR QP;75848;1926034.1199999999;2209558;25.393340892310935;0.8716829881813466
130001668912;1515;HERCILIO ARAUJO DINIZ FILHO;HERCILIO COELHO DINIZ;MG;MDB;Movimento Democrático Brasileiro;ELEITO POR QP;122819;3109992.96;20538718;25.32175770849787;0.15142098742482368
130001607654;4444;MARCELO EDUARDO FREITAS;DELEGADO MARCELO FREITAS;MG;UNIÃO;UNIÃO BRASIL;ELEITO POR QP;82894;2945487.6;20538718;35.533182136222166;0.1434114631692202
130001607620;4450;RODRIGO BATISTA DE CASTRO;RODRIGO DE CASTRO;MG;UNIÃO;UNIÃO BRASIL;ELEITO POR QP;122571;2682846.53;20538718;21.888101834854897;0.13062385539350604
130001607619;4445;RAFAEL TADEU SIMÕES;RAFAEL SIMOES;MG;UNIÃO;UNIÃO BRASIL;ELEITO POR QP;144924;2989264.99;20538718;20.62643171593387;0.14554291996219046
240001611938;2323;CARMEN EMÍLIA BONFÁ ZANOTTO;CARMEN ZANOTTO;SC;CIDADANIA;Cidadania;ELEITO POR QP;130138;2516027.52;7609601;19.333534555625565;0.330638560418608
40001718572;3622;SILVIO JOSÉ CINTRA MAIA;SILVIO MAIA;AM;AGIR;AGIR;NÃO ELEITO;910;0.0;3941175;0.0;0.0
40001718568;3600;EDSON DO NASCIMENTO PEREIRA;EDINHO;AM;AGIR;AGIR;NÃO ELEITO;344;6000.0;3941175;17.441860465116278;0.0015223886277569508
40001718567;3633;GILMAR DA SILVA RIBEIRO;IRMÃO RIBEIRO;AM;AGIR;AGIR;NÃO ELEITO;283;0.0;3941175;0.0;0.0
40001718569;3672;FÁTIMA VITÓRIA DE JESUS SPENER XAVIER;FÁTIMA SPENER;AM;AGIR;AGIR;NÃO ELEITO;25;3000.0;3941175;120.0;0.0007611943138784754
40001718564;3636;MARCOS OLIVEIRA GAZEL;DANIEL OLIVEIRA;AM;AGIR;AGIR;NÃO ELEITO;370;0.0;3941175;0.0;0.0
40001718566;3612;JONIA MUNIZ DA SILVA;JONIA MUNIZ;AM;AGIR;AGIR;NÃO ELEITO;210;0.0;3941175;0.0;0.0
40001718571;3655;ANTÔNIO ERIVELTON FERNANDES DA SILVA;ERIVELTO SILVA;AM;AGIR;AGIR;NÃO ELEITO;45;0.0;3941175;0.0;0.0
40001609382;1012;EDSON CARLOS DE DEUS CASTILHO;PROF. EDSON CARLOS;AM;REPUBLICANOS;REPUBLICANOS;NÃO ELEITO;2582;25000.0;3941175;9.682416731216112;0.006343285948987295
150001718239;2210;GILBERTO GOMES DA SILVA;CABO GILBERTO SILVA;PB;PL;Partido Liberal;ELEITO POR QP;126876;561475.91;3974495;4.42539101169646;0.14126974873537393
190001640612;1216;MARCOS PAULO BARBOSA TAVARES;MARCOS TAVARES;RJ;PDT;Partido Democrático Trabalhista;ELEITO POR QP;62086;1209946.35;16054524;19.488231646425927;0.07536482240146143
250001611851;1085;VINICIUS RAPOZO DE CARVALHO;VINICIUS CARVALHO;SP;REPUBLICANOS;REPUBLICANOS;ELEITO POR QP;113009;1605942.21;44420459;14.210746135263562;0.036153210618557544
250001611882;1000;CELSO UBIRAJARA RUSSOMANNO;CELSO RUSSOMANNO;SP;REPUBLICANOS;REPUBLICANOS;ELEITO POR QP;305520;2493079.86;44420459;8.16011999214454;0.056124585745500735
250001611872;1055;MILTON VIEIRA PINTO;MILTON VIEIRA;SP;REPUBLICANOS;REPUBLICANOS;ELEITO POR QP;98557;1082363.21;44420459;10.982103858680762;0.024366322058941355
250001611863;1010;MARCOS ANTONIO PEREIRA;MARCOS PEREIRA;SP;REPUBLICANOS;REPUBLICANOS;ELEITO POR QP;231626;2722396.27;44420459;11.753413994974657;0.06128699097863892
160001621909;9090;ANTONIO WANDSCHEER;TONINHO WANDSCHEER;PR;PROS;Partido Republicano da Ordem Social;ELEITO POR QP;74263;2928076.07;11443208;39.42846464592058;0.25587895195123606
130001645103;3666;ILTON SARAIVA DA SILVA FILHO;DR. ILTON SARAIVA;MG;AGIR;AGIR;NÃO ELEITO;124;0.0;20538718;0.0;0.0
130001645098;3655;JONAS CLEMENTE DE PAIVA;JONAS PAIVA;MG;AGIR;AGIR;NÃO ELEITO;96;5000.0;20538718;52.083333333333336;0.00024344265304192793
130001645108;3617;SILVANA ALVES DA SILVA DE OLIVEIRA;SILVANA ALVES;MG;AGIR;AGIR;NÃO ELEITO;28;3000.0;20538718;107.14285714285714;0.00014606559182515677
130001645099;3612;JONATAN DOS SANTOS CARVALHO;JONATAN DO ESCOLAR;MG;AGIR;AGIR;NÃO ELEITO;272;0.0;20538718;0.0;0.0
130001645101;3611;JESUS DIAS DE ALMEIDA;PASTOR JESUS DIAS;MG;AGIR;AGIR;NÃO ELEITO;267;3000.0;20538718;11.235955056179776;0.00014606559182515677
130001645104;3699;BRASIL DA SILVA TORRES;BRASIL TORRES;MG;AGIR;AGIR;NÃO ELEITO;420;11349.39;20538718;27.022357142857143;0.0005525851224015052
130001645109;3600;VALDEIR GERALDO BATISTA;VALDEIR DO ESCOLAR;MG;AGIR;AGIR;NÃO ELEITO;945;10300.0;20538718;10.899470899470899;0.0005014918652663715
130001645100;3628;MARILDA RAFAEL DA SILVA CORDEIRO;MARILDA DA REPRESA;MG;AGIR;AGIR;NÃO ELEITO;1031;3125.0;20538718;3.0310378273520855;0.00015215165815120495
130001645102;3633;ARMANDO LIMA DE CARVALHO;ARMANDO LIMA DE CARVALHO;MG;AGIR;AGIR;NÃO ELEITO;185;1682.6299999999999;20538718;9.095297297297297;8.192478225758783e-05
130001645092;3632;ELIZABETH CRISTINA GOMES;PASTORA BETH;MG;AGIR;AGIR;NÃO ELEITO;259;3000.0;20538718;11.583011583011583;0.00014606559182515677
130001645105;3627;MARLY DE LOURDES MENDES OLIVEIRA;LOURDES MARLY;MG;AGIR;AGIR;NÃO ELEITO;18;0.0;20538718;0.0;0.0
130001645107;3636;OSAIR JOSE FERNANDES SANTIAGO;DR OSAIR PE DE FERRO;MG;AGIR;AGIR;NÃO ELEITO;270;4625.0;20538718;17.12962962962963;0.00022518445406378334
130001645110;3653;SAULO DE TARSO SILVA;SAULO SILVA SAULO SILVA;MG;AGIR;AGIR;NÃO ELEITO;451;5000.0;20538718;11.086474501108647;0.00024344265304192793
130001645093;3656;ARLEI ARAUJO FONSECA;ARLEI DA VAN;MG;AGIR;AGIR;NÃO ELEITO;136;0.0;20538718;0.0;0.0
130001645106;3644;NILDA APARECIDA DA SILVA;PASTORA NILDA;MG;AGIR;AGIR;NÃO ELEITO;92;0.0;20538718;0.0;0.0
130001645096;3610;NELSON JOSÉ DA COSTA;NELSON MECANICO;MG;AGIR;AGIR;NÃO ELEITO;480;5000.0;20538718;10.416666666666666;0.00024344265304192793
130001645097;3601;GLEICE MARA PIRES DIAS;KAKAU MORENA;MG;AGIR;AGIR;NÃO ELEITO;41;4000.0;20538718;97.5609756097561;0.00019475412243354233
130001645091;3650;ELIAS NUNES MOREIRA;ELIAS NUNES;MG;AGIR;AGIR;NÃO ELEITO;230;5728.0;20538718;24.904347826086955;0.00027888790332483265
130001645094;3622;FERNANDO FERREIRA DOS SANTOS;JUDEU BRASILEIRO - B NEI ANUSS;MG;AGIR;AGIR;NÃO ELEITO;77;6000.0;20538718;77.92207792207792;0.00029213118365031354
100001599082;1515;ROSEANA SARNEY MURAD;ROSEANA SARNEY;MA;MDB;Movimento Democrático Brasileiro;ELEITO POR QP;97008;3017362.44;6775152;31.104263978228598;0.4453571580386684
220001635968;1977;JAIR SILVA GOMES;JAIR TOP CAR;RO;PODE;Podemos;NÃO ELEITO;4363;367386.9;1581016;84.20511116204447;0.2323739291695973
220001635970;1919;ELLIS REGINA BATISTA LEAL OLIVEIRA;ELLIS REGINA DO SINDEPROF;RO;PODE;Podemos;NÃO ELEITO;12906;828154.0;1581016;64.16813885014722;0.5238112707271779
220001635973;1900;MARCILIO SEVERINO DA SILVA;DR. MARCÍLIO;RO;PODE;Podemos;NÃO ELEITO;7837;250448.7;1581016;31.957215771341076;0.158409971815592
220001635966;1912;MILITINO FEDER JUNIOR;DR. JUNIOR QUEIROZ;RO;PODE;Podemos;NÃO ELEITO;5319;449529.87;1581016;84.51398195149464;0.2843297411284895
220001635972;1933;LUZENIR DA MOTA ALVES;PROFESSORA LUZENIR MOTA;RO;PODE;Podemos;NÃO ELEITO;735;350000.0;1581016;476.1904761904762;0.22137663375955716
220001635967;1910;MARIA KLIVIANNY MEIRELES DA COSTA BENJAMIN;KLIVIA MEIRELES;RO;PODE;Podemos;NÃO ELEITO;1867;701422.01;1581016;375.69470273165507;0.4436526954818927
220001635971;1999;FLORI CORDEIRO DE MIRANDA JUNIOR;DELEGADO FLORI;RO;PODE;Podemos;NÃO ELEITO;15343;407455.6;1581016;26.55644919507267;0.2577175689556589
220001635969;1911;CLEVER CUSTODIO DE ALMEIDA FILHO;DR CLEVER;RO;PODE;Podemos;NÃO ELEITO;3858;227841.97;1581016;59.05701658890617;0.1441111095649886
220001635974;1990;RAFAEL BENTO PEREIRA;RAFAEL FERA O FISCAL DO POVO;RO;PODE;Podemos;NÃO ELEITO;24286;96625.62;1581016;3.978655192291855;0.06111615568722897
240001610965;2200;CAROLINE RODRIGUES DE TONI;CAROL DE TONI;SC;PL;Partido Liberal;ELEITO POR QP;227632;441359.52999999997;7609601;1.9389168921768467;0.058000351135361755
240001610974;2233;JULIA PEDROSO ZANATTA;JULIA ZANATTA;SC;PL;Partido Liberal;ELEITO POR QP;111588;1069803.1;7609601;9.587080151987669;0.14058596501971654
240001610977;2222;JORGE GOETTEN DE LIMA;JORGE GOETTEN;SC;PL;Partido Liberal;ELEITO POR QP;159339;1062812.09;7609601;6.670131543438832;0.13966725587846196
230001640625;2333;ISNEIDE PEREIRA NUNES;ISNEIDE NUNES;RR;CIDADANIA;Cidadania;NÃO ELEITO;82;10000.0;636303;121.95121951219512;0.01571578320391386
230001640627;2300;KATIANE ALVES REIS;KATIANE ALVES;RR;CIDADANIA;Cidadania;NÃO ELEITO;46;10000.0;636303;217.3913043478261;0.01571578320391386
230001640621;2307;FÁBIO ROGÉRIO VIEIRA DE OLIVEIRA;FÁBIO VIEIRA;RR;CIDADANIA;Cidadania;NÃO ELEITO;135;6400.0;636303;47.407407407407405;0.01005810125050487
230001640626;2323;JOSÉ RODRIGUES DOS SANTOS;ZÉ RODRIGUES;RR;CIDADANIA;Cidadania;NÃO ELEITO;252;6416.0;636303;25.46031746031746;0.010083246503631132
230001640624;2310;GIVONALDO SANTIAGO;SANTIAGO;RR;CIDADANIA;Cidadania;NÃO ELEITO;74;6416.67;636303;86.71175675675676;0.010084299461105794
230001640622;2311;JOSÉ VALENTINO PERES DA SILVA;ZÉ SILVA;RR;CIDADANIA;Cidadania;NÃO ELEITO;60;6416.67;636303;106.9445;0.010084299461105794
30001600177;1122;LEDA MARIA SADALA BRITO;LEDA SADALA;AP;PP;PROGRESSISTAS;NÃO ELEITO;4110;2266962.8;733508;551.5724574209245;3.0905767898918617
30001600172;1112;JURACI PICANÇO DE ALMEIDA;TENENTE JURACI;AP;PP;PROGRESSISTAS;NÃO ELEITO;342;97478.6;733508;285.02514619883044;0.13289371077070736
30001600175;1155;MICHEL DE OLIVEIRA LIMA;MICHEL DA SANAUTO;AP;PP;PROGRESSISTAS;NÃO ELEITO;358;149874.3;733508;418.64329608938544;0.20432537886430685
30001600174;1144;FRANCINETE SILVA DE OLIVEIRA;NETE DA PESCA;AP;PP;PROGRESSISTAS;NÃO ELEITO;1283;149902.6;733508;116.83756819953236;0.20436396058393366
30001600173;1111;ANDRÉ DOS SANTOS ABDON;ANDRÉ ABDON;AP;PP;PROGRESSISTAS;NÃO ELEITO;11380;2499901.0;733508;219.6749560632689;3.4081441511203696
30001600169;1190;KLEBER LUIS MONTEIRO DA SILVA;TENENTE CORONEL KLEBER;AP;PP;PROGRESSISTAS;NÃO ELEITO;4052;346584.19;733508;85.53410414610069;0.472502263097335
30001600171;1177;SILVANA VEDOVELLI;SILVANA VEDOVELLI;AP;PP;PROGRESSISTAS;NÃO ELEITO;10647;514462.21;733508;48.3199220437682;0.70137232313758
30001600176;1115;GIODILSON PINHEIRO BORGES;DILSON BORGES;AP;PP;PROGRESSISTAS;NÃO ELEITO;4059;549448.9;733508;135.36558265582656;0.7490700851251793
30001600170;1123;EDUARDO JACINTHO FLEURY;EDUARDO FLEURY;AP;PP;PROGRESSISTAS;NÃO ELEITO;2212;419998.7;733508;189.8728300180832;0.5725891196824029
230001640623;4523;THALIA PEREIRA RIBEIRO;THALIA RIBEIRO;RR;PSDB;Partido da Social Democracia Brasileira;NÃO ELEITO;39;0.0;636303;0.0;0.0
50001614047;1555;RICARDO MAIA CHAVES DE SOUZA;RICARDO MAIA;BA;MDB;Movimento Democrático Brasileiro;ELEITO POR QP;136834;1063259.27;14136417;7.770431837116506;0.07521419819463447
90001650665;7012;RAQUEL LIMA DE SANTANA;APÓSTOLA RAQUEL;GO;AVANTE;AVANTE;NÃO ELEITO;744;61999.75;7055228;83.33299731182795;0.00878777411587549
110001612770;4400;FÁBIO PAULINO GARCIA;FÁBIO GARCIA;MT;UNIÃO;UNIÃO BRASIL;ELEITO POR QP;98704;3324446.73;3658813;33.6809727062733;0.90861345742458
170001718029;3326;CLAUDIA CRISTINA AVELINA DE ARAUJO;CLAUDIA ARAUJO;PE;PMN;Partido da Mobilização Nacional;NÃO ELEITO;755;580000.0;9058155;768.2119205298013;0.06403069940843362
170001718008;3355;BRENO GABRIEL DA COSTA SOTERO;BIEL COSTA;PE;PMN;Partido da Mobilização Nacional;NÃO ELEITO;241;8210.0;9058155;34.066390041493776;0.0009063655899021379
170001718011;3344;ALESSANDRA LOPES DA SILVA;ALESSANDRA DO POVO;PE;PMN;Partido da Mobilização Nacional;NÃO ELEITO;1388;448916.2;9058155;323.4266570605187;0.04955934183064874
170001718013;3300;DARIO ALVES DA SILVA;DARIO ALVES;PE;PMN;Partido da Mobilização Nacional;NÃO ELEITO;628;40000.0;9058155;63.69426751592356;0.004415910304029905
170001718027;3369;SAMUEL JOSE OBAMA DE ARAUJO;OBAMA;PE;PMN;Partido da Mobilização Nacional;NÃO ELEITO;675;70000.0;9058155;103.70370370370371;0.007727843032052333
170001718020;3332;CARLOS ANDRE DO NASCIMENTO;ANDRE NASCIMENTO;PE;PMN;Partido da Mobilização Nacional;NÃO ELEITO;153;35000.0;9058155;228.75816993464053;0.0038639215160261664
170001718012;3303;AMANDA MARIA QUEIROZ DE OLIVEIRA;AMANDA DAS COMUNIDADS;PE;PMN;Partido da Mobilização Nacional;NÃO ELEITO;481;50000.0;9058155;103.95010395010395;0.005519887880037381
170001718024;3365;CLAUDENICE SUELI DA COSTA;TIA NICE;PE;PMN;Partido da Mobilização Nacional;NÃO ELEITO;206;40000.0;9058155;194.1747572815534;0.004415910304029905
170001718010;3366;YEDA MARIA DE BRITO LIMA;YEDA DE PEIXINHOS;PE;PMN;Partido da Mobilização Nacional;NÃO ELEITO;56;10000.0;9058155;178.57142857142858;0.0011039775760074762
170001718030;3345;CICERO RICARDO DE OLIVEIRA;RICARDO OLIVEIRA;PE;PMN;Partido da Mobilização Nacional;NÃO ELEITO;325;32948.0;9058155;101.37846153846154;0.0036373853174294325
170001718009;3333;EDVAN FRANCISCO DE OLIVEIRA;EDVAN OLIVEIRA;PE;PMN;Partido da Mobilização Nacional;NÃO ELEITO;721;179990.6;9058155;249.64022191400832;0.019870558629213123
170001718025;3350;ANA LUCIA JERONIMO DA SILVA;ANA LUCIA JERONIMO;PE;PMN;Partido da Mobilização Nacional;NÃO ELEITO;43;20000.0;9058155;465.1162790697674;0.0022079551520149524
170001718026;3388;CLAUDIA DE SÁ LEITÃO CORREIA;CLAUDIA CORREIA;PE;PMN;Partido da Mobilização Nacional;NÃO ELEITO;58;5190.0;9058155;89.48275862068965;0.0005729643619478801
170001718014;3310;CARLOS SOARES BARBOSA;CARLOS SOARES;PE;PMN;Partido da Mobilização Nacional;NÃO ELEITO;47;0.0;9058155;0.0;0.0
170001718005;3319;MAIARA CRISTINA NASCIMENTO GOUVEIA;MISSIONARIA MAIARA CRISTINA;PE;PMN;Partido da Mobilização Nacional;NÃO ELEITO;96;19956.0;9058155;207.875;0.0022030976506805192
170001718015;3312;CAMILA INGRID DOS SANTOS;CAMILA SANTOS;PE;PMN;Partido da Mobilização Nacional;NÃO ELEITO;191;69315.0;9058155;362.90575916230364;0.007652220568095821
170001718017;3367;LUCIA MARIA SILVA DE OLIVEIRA;LUCIA DAS COMIDINHAS;PE;PMN;Partido da Mobilização Nacional;NÃO ELEITO;102;20000.0;9058155;196.07843137254903;0.0022079551520149524
170001718021;3377;JAIR FELIX DA SILVA;JAIR FELIX;PE;PMN;Partido da Mobilização Nacional;NÃO ELEITO;1059;20000.0;9058155;18.885741265344663;0.0022079551520149524
170001718022;3311;EDILSON IZIDIO DE SOUZA;PASTOR EDILSON SOUZA;PE;PMN;Partido da Mobilização Nacional;NÃO ELEITO;709;100000.0;9058155;141.04372355430183;0.011039775760074762
170001718006;3322;JOSE DINIZ FERREIRA;IRMAO DINIZ;PE;PMN;Partido da Mobilização Nacional;NÃO ELEITO;1260;39489.0;9058155;31.340476190476192;0.004359497049895923
170001718018;3313;DIOGENES DIONISIO DO NASCIMENTO LIMA;DIOGENES LIMA;PE;PMN;Partido da Mobilização Nacional;NÃO ELEITO;189;0.0;9058155;0.0;0.0
100001607052;4010;HILDELIS SILVA DUARTE JUNIOR;DUARTE;MA;PSB;Partido Socialista Brasileiro;ELEITO POR QP;111019;2114829.23;6775152;19.04925490231402;0.3121449127635808
210001604668;1307;PAULO ROBERTO SEVERO PIMENTA;PAULO PIMENTA;RS;PT;Partido dos Trabalhadores;ELEITO POR QP;223109;2092580.74;10880506;9.379185689506027;0.19232384413004322
210001604656;1311;ALEXANDRE DUARTE LINDENMEYER;ALEXANDRE LINDENMEYER;RS;PT;Partido dos Trabalhadores;ELEITO POR QP;93768;1408285.98;10880506;15.018833503967238;0.1294320300912476
210001604650;1370;MARIA DO ROSÁRIO NUNES;MARIA DO ROSÁRIO;RS;PT;Partido dos Trabalhadores;ELEITO POR QP;151050;2332723.66;10880506;15.443387355180406;0.21439477722819142
210001604645;1320;ELVINO JOSÉ BOHN GASS;BOHN GASS;RS;PT;Partido dos Trabalhadores;ELEITO POR QP;131881;1916607.28;10880506;14.532853709025561;0.1761505650564413
210001604643;1355;DIONILSO MATEUS MARCON;MARCON;RS;PT;Partido dos Trabalhadores;ELEITO POR QP;129352;1806599.49;10880506;13.966536968891088;0.16604002516059455
270001713235;2828;EUDES RIBEIRO DOS SANTOS;EUDES RIBEIRO;TO;PRTB;Partido Renovador Trabalhista Brasileiro;NÃO ELEITO;455;0.0;1511459;0.0;0.0
270001713239;2877;ROMUALDO VIEIRA LIMA;ROMUALDO VIEIRA;TO;PRTB;Partido Renovador Trabalhista Brasileiro;NÃO ELEITO;1;0.0;1511459;0.0;0.0
270001726081;2822;ELENA SIRINO DOS SANTOS;ELENA SANTOS;TO;PRTB;Partido Renovador Trabalhista Brasileiro;NÃO ELEITO;55;0.0;1511459;0.0;0.0
270001726080;2890;JEFERSON COELHO DE OLIVEIRA;TENENTE JEFERSON;TO;PRTB;Partido Renovador Trabalhista Brasileiro;NÃO ELEITO;123;31500.0;1511459;256.0975609756098;0.020840790256302023
70001729066;3669;RIVANE LUCENA MELO PEDRA;PEDRA;DF;AGIR;AGIR;NÃO ELEITO;53;0.0;2817068;0.0;0.0
70001729186;3633;HEWERT RITCHARD DE MELO;DR DENTE;DF;AGIR;AGIR;NÃO ELEITO;353;0.0;2817068;0.0;0.0
70001613184;3699;ATILA MAIA DA ROCHA;BRIGADEIRO ATILA MAIA;DF;AGIR;AGIR;NÃO ELEITO;377;6350.0;2817068;16.843501326259947;0.0022541166915388622
70001613186;3600;RAFAEL LOBO DANTAS;RAFAEL LOBO;DF;AGIR;AGIR;NÃO ELEITO;1869;204130.0;2817068;109.21883360085607;0.07246186460532725
70001613187;3677;SELMA APARECIDA DA COSTA DOS SANTOS;SELMA DA CRIANÇA;DF;AGIR;AGIR;NÃO ELEITO;1085;97536.32;2817068;89.89522580645162;0.03462334597531902
70001613189;3622;EMY APARECIDA DA SILVA LEITÃO;EMY LEITÃO;DF;AGIR;AGIR;NÃO ELEITO;859;224540.0;2817068;261.39697322467987;0.07970698612884033
70001613188;3688;ALEX ALVES NEVES;ALEX DA SAÚDE;DF;AGIR;AGIR;NÃO ELEITO;866;155096.0;2817068;179.09468822170902;0.055055823998568724
70001613183;3636;ADELSON FELIZARDO DA SILVA;TENENTE FELIZARDO;DF;AGIR;AGIR;NÃO ELEITO;627;172000.0;2817068;274.3221690590112;0.06105638912514714
180001608999;2121;FRANCISCA EDILENE PINHO GOMES BARBOSA;EDILENE PINHO;PI;PCB;Partido Comunista Brasileiro;NÃO ELEITO;248;14000.0;3269200;56.45161290322581;0.0042823932460540805
180001609000;2100;FRANCISCO ANTONIO DA SILVA FILHO;FRANCISCO FILHO;PI;PCB;Partido Comunista Brasileiro;NÃO ELEITO;522;14000.0;3269200;26.81992337164751;0.0042823932460540805
80001652002;1255;LUCIANA BOM JESUS;LUCIANA BOM JESUS;ES;PDT;Partido Democrático Trabalhista;NÃO ELEITO;518;100066.34999999999;3833486;193.17828185328185;0.026103225628057593
80001651994;1234;PHILIPE ANDRE CORREIA LEMOS;PHILIPE LEMOS;ES;PDT;Partido Democrático Trabalhista;NÃO ELEITO;45260;450441.17;3833486;9.952301590808661;0.11750171254049187
80001652001;1221;ROSA JULIA GANDINI AMANCIO;ROSA JULIA GANDINI ;ES;PDT;Partido Democrático Trabalhista;NÃO ELEITO;258;47520.93;3833486;184.1896511627907;0.01239627065287313
80001651999;1244;ROGERIO PINHEIRO;ROGERINHO PINHEIRO;ES;PDT;Partido Democrático Trabalhista;NÃO ELEITO;1236;199951.44;3833486;161.77300970873787;0.05215916792183407
80001651998;1200;HELIOSANDRO MATTOS SILVA;PROFESSOR HELIOSANDRO MATTOS;ES;PDT;Partido Democrático Trabalhista;NÃO ELEITO;1367;200000.0;3833486;146.3057790782736;0.05217183524343118
80001651996;1222;SERGIO DE SA FREITAS;SERGIO SÁ;ES;PDT;Partido Democrático Trabalhista;NÃO ELEITO;6842;201484.47;3833486;29.448183279742764;0.052559072864750256
80001652003;1268;MARIA APARECIDA TEIXEIRA;CIDA TEIXEIRA;ES;PDT;Partido Democrático Trabalhista;NÃO ELEITO;1377;99881.0;3833486;72.5352214960058;0.026054875379745747
80001651995;1212;SUELI RANGEL SILVA VIDIGAL;SUELI VIDIGAL;ES;PDT;Partido Democrático Trabalhista;NÃO ELEITO;58251;1785249.49;3833486;30.647533776244185;0.46569871130349766
80001651997;1213;GABRIEL CAJUEIRO SILVA GAVA;GABRIEL GAVA;ES;PDT;Partido Democrático Trabalhista;NÃO ELEITO;1947;200000.0;3833486;102.7221366204417;0.05217183524343118
80001652000;1233;NILTON BASILIO TEIXEIRA;NILTON BASILIO;ES;PDT;Partido Democrático Trabalhista;NÃO ELEITO;2122;101382.06;3833486;47.77665409990575;0.02644644065479827
80001652004;1210;ADALTO BASTOS DAS NEVES;DALTO NEVES ;ES;PDT;Partido Democrático Trabalhista;NÃO ELEITO;1395;99892.0;3833486;71.60716845878136;0.026057744830684133
70001713400;2300;MARCILENE LIMA DE SOUZA;MARCILENE LIMA;DF;CIDADANIA;Cidadania;NÃO ELEITO;251;60000.0;2817068;239.0438247011952;0.021298740392493187
70001713403;2323;FRANCISCO DE SOUSA ANDRADE;CHICO ANDRADE;DF;CIDADANIA;Cidadania;NÃO ELEITO;916;216689.2;2817068;236.56026200873364;0.07692011694428393
70001713402;2311;LEANDRO DE LIMA LIRA;LEANDRO LIRA;DF;CIDADANIA;Cidadania;NÃO ELEITO;382;46977.04;2817068;122.9765445026178;0.016675862989462803
70001713404;2325;LIDIANE DIAS DE MORAES DOS SANTOS;LIDIANE MORAES;DF;CIDADANIA;Cidadania;NÃO ELEITO;277;85000.0;2817068;306.85920577617327;0.030173215556032015
70001713405;2324;MARIANA VALENTIM DE OLIVEIRA SILVA;MARI VALENTIM;DF;CIDADANIA;Cidadania;NÃO ELEITO;1058;570849.84;2817068;539.5556143667296;0.20263970908760454
70001713401;2322;HOSANA DO NASCIMENTO CARDOSO;HOSANA DA HORTA GIRASSOL;DF;CIDADANIA;Cidadania;NÃO ELEITO;430;86430.0;2817068;201.0;0.030680835535386437
70001651836;4555;LEANDRO NARDY DE ALMEIDA;LEANDRO NARDY;DF;PSDB;Partido da Social Democracia Brasileira;NÃO ELEITO;671;0.0;2817068;0.0;0.0
70001730137;4500;KARLA VINHAS DE JESUS;KARLA VINHAS;DF;PSDB;Partido da Social Democracia Brasileira;NÃO ELEITO;1436;100028.4;2817068;69.65766016713091;0.03550798205794109
70001651837;4545;ANDRÉIA MOURA ZEMUNER;ANDRÉIA MOURA;DF;PSDB;Partido da Social Democracia Brasileira;NÃO ELEITO;2398;1804521.4200000002;2817068;752.5110175145956;0.6405672209545528
240001610853;1969;ROSINEI DE SOUZA HORÁCIO;ROSINEY HORACIO;SC;PODE;Podemos;NÃO ELEITO;22265;1144000.3;7609601;51.38110487311925;0.1503364368250057
240001610854;1987;ODILMAR DE SOUZA;NEGO SOUZA;SC;PODE;Podemos;NÃO ELEITO;2296;200000.0;7609601;87.10801393728222;0.026282586958238676
240001610841;1991;CLAUDETE GHELLER MATHIAS;CLAUDETE GHELLER MATHIAS;SC;PODE;Podemos;NÃO ELEITO;13359;550000.0;7609601;41.170746313346804;0.07227711413515636
240001610843;1919;MARCOS AUGUSTO KURTZ;MARQUINHO KURTZ;SC;PODE;Podemos;NÃO ELEITO;10733;466974.61;7609601;43.50830243175254;0.061366503973072965
240001610847;1999;SAMUEL FRANK CHANG;SAMUCA CHANG;SC;PODE;Podemos;NÃO ELEITO;9665;23585.510000000002;7609601;2.4403010863942063;0.00309944108764704
240001610849;1915;MARIEL DE CARVALHO COELHO GRANDO;MARIEL GRANDO;SC;PODE;Podemos;NÃO ELEITO;267;74630.94;7609601;279.51662921348316;0.009807470851625467
240001610850;1911;ADRIANO PIVOTTO;ADRIANO PIVOTTO;SC;PODE;Podemos;NÃO ELEITO;8414;210483.74;7609601;25.015894937009744;0.027660285999226503
240001610851;1980;ANDRE ROSS ESPEZIM DA SILVA;ANDRE ESPEZIM;SC;PODE;Podemos;NÃO ELEITO;15345;1106834.37;7609601;72.12996871945259;0.14545235288946162
240001610852;1955;SANDRA LÚCIA AMORIM;SANDRA AMORIM;SC;PODE;Podemos;NÃO ELEITO;745;100000.0;7609601;134.2281879194631;0.013141293479119338
240001610845;1910;NATHAN BUSNELLO MOREIRA;NATHAN MOREIRA;SC;PODE;Podemos;NÃO ELEITO;2123;79493.9;7609601;37.44413565708902;0.010446526696997646
240001610846;1988;NORMA PETERMANN PEREIRA;NORMA PEREIRA;SC;PODE;Podemos;NÃO ELEITO;18557;820804.2;7609601;44.23151371450126;0.10786428881093765
240001610842;1900;PAULO RODRIGO SESTREM;PAULINHO SESTREM;SC;PODE;Podemos;NÃO ELEITO;7697;299995.94;7609601;38.97569702481486;0.039423346900842766
240001610848;1995;KARINE RAFAEL DA ROSA;KARINE;SC;PODE;Podemos;NÃO ELEITO;329;80000.0;7609601;243.161094224924;0.010513034783295471
240001610840;1933;CARLOS ALBERTO KITA XAVIER;KITA XAVIER;SC;PODE;Podemos;NÃO ELEITO;7097;393714.0;7609601;55.47611666901508;0.051739112208379914
240001610855;1922;RODRIGO COELHO;RODRIGO COELHO;SC;PODE;Podemos;NÃO ELEITO;57779;2152506.71;7609601;37.25413575866664;0.28286722391883623
240001610844;1977;CLAYTON LUIS BATSCHAUER;CLAYTON BATSCHAUER;SC;PODE;Podemos;NÃO ELEITO;5000;157573.38;7609601;31.514676;0.020707180310767938
70001621235;1920;PAULO CHAGAS;GENERAL PAULO CHAGAS;DF;PODE;Podemos;NÃO ELEITO;2572;217778.53;2817068;84.67283437013997;0.07730680622547982
70001621230;1921;ADALBERTO MONTEIRO;ADALBERTO MONTEIRO;DF;PODE;Podemos;NÃO ELEITO;962;80000.0;2817068;83.16008316008316;0.02839832052332425
70001621231;1991;CAROLINE DIAS RIBEIRO;CAROL RIBEIRO;DF;PODE;Podemos;NÃO ELEITO;285;34990.87;2817068;122.77498245614036;0.012421024270624637
70001621233;1919;GERALDO ANTÔNIO DE CASTRO;GERA DE CASTRO;DF;PODE;Podemos;NÃO ELEITO;375;41889.0;2817068;111.704;0.014869715605019119
70001732347;1979;PAULO RODRIGUES LIMA;PAULO LIMA;DF;PODE;Podemos;NÃO ELEITO;130;24477.0;2817068;188.2846153846154;0.008688821143117595
70001621234;1999;MANOEL WAGNER ALVINO ALVES;WAGNER ALVES;DF;PODE;Podemos;NÃO ELEITO;3038;54987.19;2817068;18.099799210006584;0.019519298078711625
70001621237;1988;REGIS SOARES MACHADO;REGIS MACHADO (FPC);DF;PODE;Podemos;NÃO ELEITO;829;55915.0;2817068;67.44873341375151;0.019848651150770943
70001621232;1900;CRISTIANE MARY OTAVIANO DE ALMEIDA DOS SANTOS;CRIS OTAVIANO;DF;PODE;Podemos;NÃO ELEITO;490;39132.99;2817068;79.86324489795918;0.013891389913200533
70001621236;1973;VALDIVINA PEREIRA DA CONCEIÇÃO ALMEIDA;VAL RADIALISTA;DF;PODE;Podemos;NÃO ELEITO;201;29953.9;2817068;149.02437810945275;0.010633005664045028
80001611838;5001;ELICIANE HALAMA;ANE HALAMA;ES;PSOL;Partido Socialismo e Liberdade;NÃO ELEITO;2017;92192.14;3833486;45.70755577590481;0.024049165694096705
80001611840;5013;ANA PAULA SILVA DA ROCHA;ANA PAULA ROCHA;ES;PSOL;Partido Socialismo e Liberdade;NÃO ELEITO;9153;98936.13;3833486;10.809147820386759;0.025808397369913444
80001611835;5050;HUDSON VALENTIM VASSOLER;HUDSON VASSOLER;ES;PSOL;Partido Socialismo e Liberdade;NÃO ELEITO;1331;44642.86;3833486;33.54084147257701;0.01164549968357782
80001722142;2877;HUDSON DOS SANTOS;CANTOR HUDSON SANTOS;ES;PRTB;Partido Renovador Trabalhista Brasileiro;NÃO ELEITO;42;4000.0;3833486;95.23809523809524;0.0010434367048686236
80001722145;2810;JULIO CESAR BUNGENSTAB DE LIMA;JULIO BUNGENSTAB;ES;PRTB;Partido Renovador Trabalhista Brasileiro;NÃO ELEITO;302;4000.0;3833486;13.245033112582782;0.0010434367048686236
80001722146;2838;FABIO ALMEIDA RIOS;FABIO RIOS ;ES;PRTB;Partido Renovador Trabalhista Brasileiro;NÃO ELEITO;435;0.0;3833486;0.0;0.0
80001722143;2807;JOSUE AUGUSTO PEREIRA;PASTOR PEREIRA;ES;PRTB;Partido Renovador Trabalhista Brasileiro;NÃO ELEITO;215;4000.0;3833486;18.6046511627907;0.0010434367048686236
80001722150;2806;ELIANE MATOS PIRES;DRA. ELIANE PIRES;ES;PRTB;Partido Renovador Trabalhista Brasileiro;NÃO ELEITO;74;4000.0;3833486;54.054054054054056;0.0010434367048686236
80001722144;2828;CLAUDIA APARECIDA MENDES DA SILVA;CLAUDIA MENDES;ES;PRTB;Partido Renovador Trabalhista Brasileiro;NÃO ELEITO;181;4000.0;3833486;22.099447513812155;0.0010434367048686236
80001722149;2800;OSMARA CRISTINA BRAGA SCHWARTZ;MARA SCHWARTZ;ES;PRTB;Partido Renovador Trabalhista Brasileiro;NÃO ELEITO;117;4000.0;3833486;34.18803418803419;0.0010434367048686236
80001722147;2822;ARTUR CANDIDO PEREIRA;ARTUR PEREIRA;ES;PRTB;Partido Renovador Trabalhista Brasileiro;NÃO ELEITO;496;0.0;3833486;0.0;0.0
80001611836;1899;OZEIAS DE PAULA EVANGELISTA DE FARIAS;OZEIAS FARIAS;ES;REDE;Rede Sustentabilidade;NÃO ELEITO;2828;110906.25;3833486;39.21720297029703;0.028930913012333942
80001611830;1818;RAPHAELA MARIA DE OLIVEIRA MORAES VASQUES;RAPHAELA MORAES;ES;REDE;Rede Sustentabilidade;NÃO ELEITO;8788;628931.83;3833486;71.56711766044606;0.1640626390705483
80001611833;1880;ROGÉRIO MELLO ZANON ALVES;DR ROGÉRIO;ES;REDE;Rede Sustentabilidade;NÃO ELEITO;2622;130000.0;3833486;49.58047292143402;0.03391169290823026
80001611834;1801;CRISLAYNE ZEFERINO PEREIRA;CRISLAYNE ZEFERINA;ES;REDE;Rede Sustentabilidade;NÃO ELEITO;1512;119539.36;3833486;79.06042328042328;0.031182938975126036
80001611831;1810;ANCELMA DA PENHA BERNARDOS;ANCELMA  BERNARDOS;ES;REDE;Rede Sustentabilidade;NÃO ELEITO;1050;132815.0;3833486;126.49047619047619;0.03464601148928156
80001611837;1888;JEAN CARLOS WALCHER MODOLO;JEAN WALCHER ;ES;REDE;Rede Sustentabilidade;NÃO ELEITO;1228;108000.0;3833486;87.94788273615636;0.028172791031452836
80001611832;1800;MOISES MORAES VITAL;MOISES VITAL;ES;REDE;Rede Sustentabilidade;NÃO ELEITO;1609;146212.5;3833486;90.8716594157862;0.038140872302650904
80001730126;1848;JUAREZ JOSÉ VEIGA;JUAREZ VEIGA;ES;REDE;Rede Sustentabilidade;NÃO ELEITO;768;20000.0;3833486;26.041666666666668;0.005217183524343118
150001621541;5013;TARCIO HOLANDA TEIXEIRA;TARCIO TEIXEIRA;PB;PSOL;Partido Socialismo e Liberdade;NÃO ELEITO;4806;240107.84;3974495;49.96001664585934;0.060412163054677386
150001621542;5050;BRUNA MARIA DOS SANTOS NEPOMUCENO;BRUNA SANTOS;PB;PSOL;Partido Socialismo e Liberdade;NÃO ELEITO;613;89849.9;3974495;146.57406199021207;0.02260662046373187
150001621543;1811;CÉLIA VIRGINIO DOS SANTOS BONFIM;CÉLIA DAS MULHERES;PB;REDE;Rede Sustentabilidade;NÃO ELEITO;300;19990.0;3974495;66.63333333333334;0.005029569794401553
150001621548;1888;MARIA EVANGERLÂNIA DANTAS;LANA DANTAS;PB;REDE;Rede Sustentabilidade;NÃO ELEITO;5710;149841.7;3974495;26.24197898423818;0.03770081482049921
150001621546;1899;FELIPE ANDERSON FERNANDES;BOCA;PB;REDE;Rede Sustentabilidade;NÃO ELEITO;347;15000.0;3974495;43.22766570605187;0.0037740643779901597
150001621536;1800;ECICLEIDE GOMES DE LIMA;POETA AZIEL LIMA;PB;REDE;Rede Sustentabilidade;NÃO ELEITO;828;33600.0;3974495;40.57971014492754;0.008453904206697957
150001621538;1818;EUDO JANSEN NETO;PROFESSOR EUDO JANSEN;PB;REDE;Rede Sustentabilidade;NÃO ELEITO;416;29687.85;3974495;71.36502403846154;0.007469590476274344
150001621539;1819;MARCELA KELLY DE VASCONCELOS;MARCELA;PB;REDE;Rede Sustentabilidade;NÃO ELEITO;402;86200.0;3974495;214.4278606965174;0.021688289958850117
150001621545;1881;LUIZ ALBERTO DE SOUZA ARAÚJO;ARAÚJO;PB;REDE;Rede Sustentabilidade;NÃO ELEITO;228;20150.0;3974495;88.37719298245614;0.005069826481100115
150001621547;1890;CATIER FERREIRA DE LIMA;PROFESSOR CATIER;PB;REDE;Rede Sustentabilidade;NÃO ELEITO;659;30000.0;3974495;45.52352048558422;0.0075481287559803194
150001621540;1813;MARIA DE FÁTIMA ARAÚJO SOARES;PRETA;PB;REDE;Rede Sustentabilidade;NÃO ELEITO;1062;49974.68;3974495;47.05713747645951;0.012573843972630486
150001621544;1870;MARCOS ANTÔNIO NASCIMENTO DINIZ;MARCOS DINIZ;PB;REDE;Rede Sustentabilidade;NÃO ELEITO;593;15000.0;3974495;25.29510961214165;0.0037740643779901597
150001621537;1840;DALMO OLIVEIRA DA SILVA;DALMO;PB;REDE;Rede Sustentabilidade;NÃO ELEITO;172;22581.16;3974495;131.28581395348837;0.005681516771313085
230001604291;2299;TALITA LAILA CANAL;TALITA CANAL;RR;PL;Partido Liberal;NÃO ELEITO;11;155726.0;636303;14156.90909090909;0.24473560552126897
230001604289;2200;EDIO VIEIRA LOPES JUNIOR;EDIO JUNIOR;RR;PL;Partido Liberal;NÃO ELEITO;10563;149686.18;636303;14.170801855533465;0.23524355535020264
230001604287;2223;JONAS DE SOUZA MARCOLINO;JONAS MARCOLINO;RR;PL;Partido Liberal;NÃO ELEITO;916;199993.61;636303;218.333635371179;0.31430562169280984
230001604285;2215;GLEYCE MORAES BEZERRA MOTA;GLEYCE MOTA;RR;PL;Partido Liberal;NÃO ELEITO;1756;200000.0;636303;113.89521640091117;0.31431566407827716
230001604283;2277;DANIELA ADRIANE SEVERO;MAJ ADRIANE;RR;PL;Partido Liberal;NÃO ELEITO;2760;399660.0;636303;144.80434782608697;0.6280969915276213
230001604284;2211;MARIA DE LOURDES  PINHEIRO;LOURDINHA PINHEIRO;RR;PL;Partido Liberal;NÃO ELEITO;1186;300811.3;636303;253.63516020236088;0.47274851760874925
230001604290;2222;RODRIGO MARTINS DE MELLO;RODRIGO CATARATAS;RR;PL;Partido Liberal;NÃO ELEITO;9095;616799.05;636303;67.81737768004399;0.9693480150180025
230001604288;2244;WILLIAN OLIVEIRA DA SILVA;WILLIAN OLIVEIRA;RR;PL;Partido Liberal;NÃO ELEITO;289;197292.0;636303;682.6712802768166;0.3100598299866573
240001601841;8000;JÚLIA ANDRADE EW;JÚLIA ANDRADE EW;SC;UP;Unidade Popular;NÃO ELEITO;3370;45917.48;7609601;13.625364985163205;0.006034150805015927
70001636644;4067;FRANCISCO CRISTIANO LOPES;PROFESSOR CRISTIANO;DF;PSB;Partido Socialista Brasileiro;NÃO ELEITO;595;198936.37;2817068;334.34684033613445;0.07061823498758284
70001636640;4050;LARISSA SCHMIDT;LARISSA SCHMIDT;DF;PSB;Partido Socialista Brasileiro;NÃO ELEITO;611;103577.86;2817068;169.52186579378068;0.036767965842500076
70001636647;4040;RODRIGO SOBRAL ROLLEMBERG;RODRIGO ROLLEMBERG;DF;PSB;Partido Socialista Brasileiro;NÃO ELEITO;51926;2549854.44;2817068;49.10554327311944;0.9051447959367683
70001636648;4022;MARCOS WESLEY DE SOUSA FEITOSA;MARCOS WESLEY;DF;PSB;Partido Socialista Brasileiro;NÃO ELEITO;29870;397425.2;2817068;13.305162370271175;0.14107760267057806
70001636646;4017;MARCOS VINICIOS DE JESUS MORAIS;JAPÃO VIELA;DF;PSB;Partido Socialista Brasileiro;NÃO ELEITO;5239;206634.61;2817068;39.4416129032258;0.07335094857490128
70001636641;4055;ADNA SANTOS DE ARAÚJO;MÃE BAIANA;DF;PSB;Partido Socialista Brasileiro;NÃO ELEITO;3050;390418.03;2817068;128.00591147540985;0.1385902044253103
70001636643;4044;ESTEVÃO CARVALHO LOPES;ESTEVÃO LOPES;DF;PSB;Partido Socialista Brasileiro;NÃO ELEITO;1492;213751.90000000002;2817068;143.2653485254692;0.07587743710836942
70001636642;4000;ANA PAULA BENETE CROZUÉ;PAULA BENETT;DF;PSB;Partido Socialista Brasileiro;NÃO ELEITO;1589;219666.96;2817068;138.24226557583384;0.07797715923080309
70001636645;4077;ISRAEL MATOS BATISTA;PROFESSOR ISRAEL;DF;PSB;Partido Socialista Brasileiro;NÃO ELEITO;40885;2554768.78;2817068;62.48670123517182;0.9068892834677756
60001723403;2313;CLÁUDIA CRISTINA DOS SANTOS SANO;PÉROLA DE OYÁ;CE;CIDADANIA;Cidadania;NÃO ELEITO;436;99852.75;8791688;229.02006880733944;0.01135763120802285
60001723397;2323;MORONI BING TORGAN;MORONI;CE;CIDADANIA;Cidadania;NÃO ELEITO;17582;2176493.64;8791688;123.79101581162553;0.24756265690957188
60001723390;2300;ANDERSON PEROBA GOMES;DOUTOR ANDERSON PEROBA;CE;CIDADANIA;Cidadania;NÃO ELEITO;1495;70000.0;8791688;46.82274247491639;0.007962065987783006
210001597514;8080;PRISCILA VOIGT SEVERIANO;PRISCILA VOIGT;RS;UP;Unidade Popular;NÃO ELEITO;1081;41455.21;10880506;38.34894542090657;0.0038100443122773887
210001597513;8000;CARLOS HENRIQUE VIEIRA DA SILVA JUNIOR;CARLOS VIEIRA;RS;UP;Unidade Popular;NÃO ELEITO;829;40046.65;10880506;48.30717732207479;0.0036805870976956406
90001712415;3325;MARIA JOSÉ COSTA DA SILVA;MAJÚ;GO;PMN;Partido da Mobilização Nacional;NÃO ELEITO;158;19978.0;7055228;126.44303797468355;0.0028316590193825063
90001712407;3300;DIONI JOSÉ CORREA;DR. DIONI;GO;PMN;Partido da Mobilização Nacional;NÃO ELEITO;1211;15000.0;7055228;12.386457473162675;0.002126082955788247
90001712414;3344;MARIA  ILCA DE ALMEIDA OLIVEIRA;MARIA ILCA;GO;PMN;Partido da Mobilização Nacional;NÃO ELEITO;308;20000.0;7055228;64.93506493506493;0.0028347772743843288
90001712408;3330;CARLOS AUGUSTO DE BASTOS RIOS;DR CARLOS RIOS;GO;PMN;Partido da Mobilização Nacional;NÃO ELEITO;916;15000.0;7055228;16.375545851528383;0.002126082955788247
90001712416;3351;CLARETE APARECIDA DE ASSIS;MARIA BONITA DE GOIÁS;GO;PMN;Partido da Mobilização Nacional;NÃO ELEITO;228;20000.0;7055228;87.71929824561404;0.0028347772743843288
90001712417;3340;RENATO RODRIGUES DA MATA;SUBTENENTE DA MATA;GO;PMN;Partido da Mobilização Nacional;NÃO ELEITO;675;70016.0;7055228;103.72740740740741;0.009923988282164658
90001712411;3333;CEZAR GONÇALVES GOMES;DR.  CEZAR;GO;PMN;Partido da Mobilização Nacional;NÃO ELEITO;561;150000.0;7055228;267.379679144385;0.021260829557882468
90001712423;3303;JOSÉ INÁCIO RODRIGUES DA SILVA;INACINHO DA FAZENDINHA;GO;PMN;Partido da Mobilização Nacional;NÃO ELEITO;195;14995.0;7055228;76.8974358974359;0.002125374261469651
90001712418;3322;MARUZAN MARQUES DE JESUS RIBEIRO;SGT MARUZAN;GO;PMN;Partido da Mobilização Nacional;NÃO ELEITO;556;14966.0;7055228;26.91726618705036;0.0021212638344217933
90001712412;3311;ANDRÉ LUIZ DE SOUZA;ANDREZÃO DO POVO;GO;PMN;Partido da Mobilização Nacional;NÃO ELEITO;377;15000.0;7055228;39.787798408488065;0.002126082955788247
90001712409;3307;DALGER BATISTA JUNQUEIRA JUNIOR;DALGER JUNQUEIRA;GO;PMN;Partido da Mobilização Nacional;NÃO ELEITO;434;15000.0;7055228;34.56221198156682;0.002126082955788247
90001712413;3377;THALITA CHRISTINA LOPES DE OLIVEIRA;THALITA OLIVEIRA;GO;PMN;Partido da Mobilização Nacional;NÃO ELEITO;80;20000.0;7055228;250.0;0.0028347772743843288
90001712422;3370;MONICA SANTOS PENTEADO DAHER;MÔNICA NASSER DAHER;GO;PMN;Partido da Mobilização Nacional;NÃO ELEITO;244;300000.0;7055228;1229.5081967213114;0.042521659115764936
90001712410;3320;ALEX ANTONIO DOS REIS;ALEX ANTÔNIO;GO;PMN;Partido da Mobilização Nacional;NÃO ELEITO;598;15000.0;7055228;25.08361204013378;0.002126082955788247
200001601303;7777;KELPS DE OLIVEIRA LIMA;KELPS;RN;SOLIDARIEDADE;Solidariedade;NÃO ELEITO;79025;1126752.83;3302729;14.258181967731732;0.3411581240846585
200001601296;7722;BARBARA DE MEDEIROS DANTAS;BARBARA DANTAS;RN;SOLIDARIEDADE;Solidariedade;NÃO ELEITO;1879;99733.05;3302729;53.07772751463545;0.03019716422388879
200001601300;7755;RAIMUNDA NILDA DA SILVA CRUZ;PROFESSORA NILDA;RN;SOLIDARIEDADE;Solidariedade;NÃO ELEITO;12439;327027.79;3302729;26.290520942197926;0.09901744587581966
200001601298;7778;LAWRENCE CARLOS AMORIM DE ARAUJO;LAWRENCE;RN;SOLIDARIEDADE;Solidariedade;NÃO ELEITO;57598;1129871.51;3302729;19.616505955067886;0.34210239774441076
200001601302;7700;FRANCISCO DE ASSIS SOUTO;TÊ;RN;SOLIDARIEDADE;Solidariedade;NÃO ELEITO;2014;257692.11;3302729;127.95040218470704;0.07802399470256263
200001601297;7770;GARIBALDE LEITE DE OLIVEIRA;GARIBALDE LEITE;RN;SOLIDARIEDADE;Solidariedade;NÃO ELEITO;3734;32658.9;3302729;8.746357793251205;0.009888458907769909
200001601304;7788;ALESSANDRU EMMANUEL PINHEIRO E ALVES;DR ALESSANDRU;RN;SOLIDARIEDADE;Solidariedade;NÃO ELEITO;4467;250309.95;3302729;56.035359301544666;0.075788824938407
200001601301;7799;JOSE GILVAN ALVES;GILVAN ALVES;RN;SOLIDARIEDADE;Solidariedade;NÃO ELEITO;4087;200353.5;3302729;49.02214338145339;0.060663015342766545
200001601299;7701;ROSE FERREIRA DA SILVA GUERRA;ROSE DA ASPAN;RN;SOLIDARIEDADE;Solidariedade;NÃO ELEITO;638;92800.0;3302729;145.45454545454547;0.028097975946558135
60001723394;4522;ANTONIA JANE MARIA DO VALE MAIA;JANE DO VALE;CE;PSDB;Partido da Social Democracia Brasileira;NÃO ELEITO;155;9960.0;8791688;64.25806451612904;0.0011328882462616962
60001723395;4568;JOSE GERALDO ARAUJO CORREIA;GERALDO CORREIA;CE;PSDB;Partido da Social Democracia Brasileira;NÃO ELEITO;133;910.0;8791688;6.842105263157895;0.00010350685784117908
60001723392;4555;REGINA CLÁUDIA TABOSA FERREIRA GOMES;CLAUDIA GOMES;CE;PSDB;Partido da Social Democracia Brasileira;NÃO ELEITO;16110;1070000.0;8791688;66.41837368094352;0.12170586581325452
60001723389;4578;CARLOS EMANUEL ARAUJO MENDONÇA DE ALENCAR;EMANUEL XIMENES;CE;PSDB;Partido da Social Democracia Brasileira;NÃO ELEITO;483;12499.0;8791688;25.87784679089027;0.0014216837540185685
60001727596;4567;JOSÉ DENÍSIO PINHEIRO;DENÍSIO PINHEIRO;CE;PSDB;Partido da Social Democracia Brasileira;NÃO ELEITO;8085;1149746.86;8791688;142.207403834261;0.13077657669380444
60001723405;4510;EMANUELLA DE OLIVEIRA ALVES;MANU;CE;PSDB;Partido da Social Democracia Brasileira;NÃO ELEITO;219;19974.78;8791688;91.2090410958904;0.002272007377877832
60001723404;4530;EDSON BEZERRA DA COSTA;PASTOR EDSON BEZERRA;CE;PSDB;Partido da Social Democracia Brasileira;NÃO ELEITO;676;47200.0;8791688;69.8224852071006;0.005368707351762255
60001723388;4512;RAIMUNDO GERSON DOS SANTOS LIMA;SARGENTO GERSON;CE;PSDB;Partido da Social Democracia Brasileira;NÃO ELEITO;2296;40000.0;8791688;17.421602787456447;0.00454975199301886
60001727595;4564;ANA VALÉRIA ALMEIDA DE BRITO;ANA VALÉRIA;CE;PSDB;Partido da Social Democracia Brasileira;NÃO ELEITO;213;9874.0;8791688;46.35680751173709;0.0011231062794767057
60001723391;4554;ANTONIO AUGUSTO FIGUEIREDO LIMA FILHO;AUGUSTO LIMA;CE;PSDB;Partido da Social Democracia Brasileira;NÃO ELEITO;180;20400.0;8791688;113.33333333333333;0.002320373516439619
60001723387;4565;PAULO ROMERITO DE ARAUJO MONTENEGRO;PAULO MONTENEGRO;CE;PSDB;Partido da Social Democracia Brasileira;NÃO ELEITO;345;0.0;8791688;0.0;0.0
110001601574;4080;NEUMA DE MORAIS;DONA NEUMA;MT;PSB;Partido Socialista Brasileiro;NÃO ELEITO;44931;1460165.73;3658813;32.49795753488683;0.39908181423866157
110001601580;4011;TÚLIO AURÉLIO CAMPOS FONTES;TÚLIO FONTES;MT;PSB;Partido Socialista Brasileiro;NÃO ELEITO;17406;1631655.69;3658813;93.74099103757325;0.4459521954251283
110001601576;4038;GERALDO GEZONI FILHO;DELEGADO GERALDO;MT;PSB;Partido Socialista Brasileiro;NÃO ELEITO;6634;470016.31;3658813;70.84960958697619;0.12846141904491976
110001601577;4000;JOELSON FERNANDES DO AMARAL;SARGENTO JOELSON;MT;PSB;Partido Socialista Brasileiro;NÃO ELEITO;12193;490200.0;3658813;40.203395390798;0.1339778775247601
110001601579;4055;SERYS MARLY SLHESSARENKO;SERYS SLHESSARENKO;MT;PSB;Partido Socialista Brasileiro;NÃO ELEITO;3120;1114661.51;3658813;357.2633044871795;0.3046511286583928
110001724934;4040;THIAGO COSTA ALCARAZ;THIAGUINHO;MT;PSB;Partido Socialista Brasileiro;NÃO ELEITO;1564;255891.3;3658813;163.6133631713555;0.06993833792544193
110001601578;4022;KAREN PRISCILA ROCHA ANTUNES SANTOS;KAREN ROCHA;MT;PSB;Partido Socialista Brasileiro;NÃO ELEITO;10839;1223591.37;3658813;112.8878466648215;0.33442304102450715
110001601575;4010;ALLAN KARDEC PINTO ACOSTA BENITEZ;PROF ALLAN;MT;PSB;Partido Socialista Brasileiro;NÃO ELEITO;43309;1114183.8;3658813;25.726380198111247;0.3045205644562868
110001601573;4044;WELITON MARCOS RODRIGUES DE OLIVEIRA;WELITON MARCOS;MT;PSB;Partido Socialista Brasileiro;NÃO ELEITO;6290;427300.0;3658813;67.93322734499205;0.11678650972323537
190001598400;3012;CLAUDIO ALEXANDRE DA CRUZ WEISSHUHN;ALEXANDRE WEISSHUHN;RJ;NOVO;Partido Novo;NÃO ELEITO;506;1300.0;16054524;2.569169960474308;8.097406064483755e-05
190001598412;3003;JOÃO ALBERTO NEVES DOS SANTOS;CEL PROF JOÃO NEVES;RJ;NOVO;Partido Novo;NÃO ELEITO;2392;24719.550000000003;16054524;10.334260033444817;0.0015397248775485342
190001598407;3021;BERNARDO ABREU SAMPAIO;BERNARDO ABREU;RJ;NOVO;Partido Novo;NÃO ELEITO;5586;142824.86;16054524;25.56836018617973;0.008896237596331102
190001598399;3022;TIAGO FERNANDES COELHO;TIAGO FERNANDES;RJ;NOVO;Partido Novo;NÃO ELEITO;608;10869.9;16054524;17.878125;0.0006770614936948613
190001598416;3020;MARCOS EPHRAIN DE MARINS;EPHRAIN MARINS;RJ;NOVO;Partido Novo;NÃO ELEITO;426;0.0;16054524;0.0;0.0
190001598409;3078;FLAVIANA DE CARVALHO;FLAVIANA CARVALHO;RJ;NOVO;Partido Novo;NÃO ELEITO;971;8.06;16054524;0.008300720906282184;5.020391759979929e-07
190001598403;3040;MARCOS JULIANO PEREIRA;PROFESSOR MARCOS JULIANO;RJ;NOVO;Partido Novo;NÃO ELEITO;677;3816.8;16054524;5.63781388478582;0.00023773984205324307
190001598406;3001;ANA CAROLINA SPONZA BRAGA;CAROL SPONZA;RJ;NOVO;Partido Novo;NÃO ELEITO;24934;624709.44;16054524;25.0545215368573;0.03891173852304808
190001598401;3080;CÉLIA MARIA DE ARAÚJO SILVA;CÉLIA ARAÚJO;RJ;NOVO;Partido Novo;NÃO ELEITO;425;5300.0;16054524;12.470588235294118;0.00033012501647510694
190001598413;3010;KATHARYNE AMORIM CAIAFFA;KATH DO NOVO;RJ;NOVO;Partido Novo;NÃO ELEITO;3500;110515.81;16054524;31.575945714285712;0.006883779923964111
190001598408;3036;CLAUDIA KARINA WILBERG DE CASTRO COSTA;KARINA WILBERG;RJ;NOVO;Partido Novo;NÃO ELEITO;615;4830.0;16054524;7.853658536585366;0.0003008497791650503
190001598415;3023;LUIZ FERNANDO SILVA DA CUNHA;LUIZ FERNANDO;RJ;NOVO;Partido Novo;NÃO ELEITO;203;100.0;16054524;0.49261083743842365;6.228773895756735e-06
190001598417;3031;NIUSETE KOROBINSKI;NIU;RJ;NOVO;Partido Novo;NÃO ELEITO;357;1700.0;16054524;4.761904761904762;0.0001058891562278645
190001598414;3055;LEONARDO DE CARVALHO VIDAL;LEONARDO VIDAL;RJ;NOVO;Partido Novo;NÃO ELEITO;1119;17030.09;16054524;15.219025915996426;0.0010607658003438782
190001598411;3033;IVANO RODRIGUES DA SILVA;ÍVANO RODRIGUES;RJ;NOVO;Partido Novo;NÃO ELEITO;1215;3016.57;16054524;2.4827736625514403;0.00018789532470722895
190001598410;3013;IDA DELRIO FISHER;IDA DEL RIO;RJ;NOVO;Partido Novo;NÃO ELEITO;604;10311.82;16054524;17.07254966887417;0.0006422999523374222
190001598402;3015;HERMAN GUEDES RODRIGUES DA SILVA;HERMAN GUEDES;RJ;NOVO;Partido Novo;NÃO ELEITO;681;134.75;16054524;0.19787077826725405;8.393272824532201e-06
190001598404;3039;CHARBEL NICOLAU CAPAZ;CHARBEL CAPAZ;RJ;NOVO;Partido Novo;NÃO ELEITO;617;9565.720000000001;16054524;15.50359805510535;0.0005958270703011813
190001598419;3030;DAYVIANE FERNANDES GARCIA;DAYVIANE GARCIA;RJ;NOVO;Partido Novo;NÃO ELEITO;3128;70112.18000000001;16054524;22.41437979539642;0.004367129165585975
190001598418;3000;RENÊ DA SILVA FREITAS;RENÊ FREITAS;RJ;NOVO;Partido Novo;NÃO ELEITO;8143;127402.43000000001;16054524;15.645637971263662;0.007935609302399747
190001598405;3017;ABRAÃO RAMOS PEREIRA BRAZ;ABRAÃO BRAZ;RJ;NOVO;Partido Novo;NÃO ELEITO;3887;1405.85;16054524;0.36167995883714943;8.756721781349605e-05
20001614183;1133;JOAO VICTOR LOUREIRO PESSOA CATUNDA;JOAO CATUNDA;AL;PP;PROGRESSISTAS;NÃO ELEITO;24754;2326581.77;3127511;93.98811384018745;0.7439084211054733
160001716221;2727;PAULO MARCOS OROZIMBO;PAULO MARCOS OROZIMBO;PR;DC;Democracia Cristã;NÃO ELEITO;276;0.0;11443208;0.0;0.0
160001716197;2710;LEOVIR DE OLIVEIRA;LEOVIR DE OLIVEIRA;PR;DC;Democracia Cristã;NÃO ELEITO;132;7469.0;11443208;56.583333333333336;0.000652701585079988
160001716198;2757;NERI TAVARES DA SILVA;PASTOR NERI TAVARES;PR;DC;Democracia Cristã;NÃO ELEITO;120;7469.0;11443208;62.24166666666667;0.000652701585079988
160001716213;2772;EDNEIA MARIA DA SILVA;EDNEIA MARIA;PR;DC;Democracia Cristã;NÃO ELEITO;66;4385.0;11443208;66.43939393939394;0.00038319673993516504
160001716218;2796;EVERALDO TEIXEIRA BORGES;EVERALDO SÓBRIO;PR;DC;Democracia Cristã;NÃO ELEITO;45;7195.6;11443208;159.90222222222224;0.0006288096834384205
160001716210;2722;ALTINO BERTOLINO;ALTINO BERTOLINO;PR;DC;Democracia Cristã;NÃO ELEITO;270;6980.0;11443208;25.85185185185185;0.0006099688129412661
160001716204;2790;DEYVIDY HERNANDES DA PAZ;DEYVIDY HERNANDES;PR;DC;Democracia Cristã;NÃO ELEITO;3066;12469.1;11443208;4.06689497716895;0.001089650734304576
160001716207;2716;EVERTON JOSÉ DA SILVA;EVERTON JOSÉ;PR;DC;Democracia Cristã;NÃO ELEITO;344;7469.0;11443208;21.712209302325583;0.000652701585079988
160001716217;2789;JOSÉ ALVES DA SILVA NETO;PASTOR JOSÉ ALVES;PR;DC;Democracia Cristã;NÃO ELEITO;339;9994.449999999999;11443208;29.482153392330382;0.0008733958169771972
160001716212;2720;DIRCE AGUIDA BORSATO COUTINHO KOBATA;DIRCE KOBATA;PR;DC;Democracia Cristã;NÃO ELEITO;26;4385.0;11443208;168.65384615384616;0.00038319673993516504
160001716200;2755;REGIANE MOREIRA DA SILVA;REGIANE MOREIRA;PR;DC;Democracia Cristã;NÃO ELEITO;83;4300.0;11443208;51.80722891566265;0.00037576875295808657
160001716206;2702;ANTONIO CARLOS DE ANDRADE E SILVA;ANTONIO CARLOS BELELECO;PR;DC;Democracia Cristã;NÃO ELEITO;173;7469.0;11443208;43.17341040462428;0.000652701585079988
160001716209;2734;ADEMIR GALDINO;ADEMIR GALDINO;PR;DC;Democracia Cristã;NÃO ELEITO;101;0.0;11443208;0.0;0.0
160001716214;2733;CARLOS ALBERTO POLETTO; POLETTO;PR;DC;Democracia Cristã;NÃO ELEITO;138;0.0;11443208;0.0;0.0
160001716222;2726;SILVIO OLIVEIRA DA SILVA;DR. SILVIO;PR;DC;Democracia Cristã;NÃO ELEITO;215;7969.0;11443208;37.06511627906977;0.000696395626121626
160001716208;2717;GERSON RICARDO GARCIA;JORNALISTA GERSON GARCIA;PR;DC;Democracia Cristã;NÃO ELEITO;43;7412.0;11443208;172.37209302325581;0.0006477204644012414
160001716202;2759;SANDRA HELENA RIESEMBERG MARQUES;SANDRA RIESEMBERG MARQUES;PR;DC;Democracia Cristã;NÃO ELEITO;98;4542.7;11443208;46.354081632653056;0.00039697784047969763
160001716211;2767;CLEIDE MARIA MENEGON;CLEIDE MARIA MENEGON;PR;DC;Democracia Cristã;NÃO ELEITO;43;0.0;11443208;0.0;0.0
160001716215;2765;LIONEZ MARIA MAINO;LILI MAINO;PR;DC;Democracia Cristã;NÃO ELEITO;145;4385.0;11443208;30.24137931034483;0.00038319673993516504
160001716219;2770;JOSÉ AUGUSTO RODRIGUES;ZÉ AUGUSTO;PR;DC;Democracia Cristã;NÃO ELEITO;326;8179.0;11443208;25.088957055214724;0.000714747123359114
160001716199;2700;MARCOS AURELIO SUPERTI;MARCOS SUPERTI;PR;DC;Democracia Cristã;NÃO ELEITO;606;11039.0;11443208;18.216171617161717;0.0009646770381172832
160001716220;2747;LOURDES ANTONIO DA FONSECA;LOURDES FONSECA DA SAÚDE;PR;DC;Democracia Cristã;NÃO ELEITO;133;4385.0;11443208;32.96992481203007;0.00038319673993516504
160001716205;2709;GILSON CAMARGO;GILSON CAMARGO;PR;DC;Democracia Cristã;NÃO ELEITO;15;0.0;11443208;0.0;0.0
160001716203;2777;WASHINGTON LEE ABE;CORONEL LEE;PR;DC;Democracia Cristã;NÃO ELEITO;24054;85040.13;11443208;3.535384135694687;0.007431493860812458
160001716201;2707;REGINA APARECIDA DA SILVA;REGINA SILVA;PR;DC;Democracia Cristã;NÃO ELEITO;107;4350.0;11443208;40.654205607476634;0.0003801381570622504
110001601898;9001;LUIZ ANDRÉ LIMA DOS SANTOS;LUIZINHO MOTOBOY;MT;PROS;Partido Republicano da Ordem Social;NÃO ELEITO;190;100000.0;3658813;526.3157894736842;0.027331268364904137
110001601893;9090;PATRICIA GLAURA DE ARAUJO CAMPOS;PASTORA PATRICIA;MT;PROS;Partido Republicano da Ordem Social;NÃO ELEITO;136;120313.0;3658813;884.6544117647059;0.032883068907867116
110001601891;9010;CLESIO ANTONIO SOUSA CARVALHO FILHO;DR CLESIO CARVALHO;MT;PROS;Partido Republicano da Ordem Social;NÃO ELEITO;1868;127367.75;3658813;68.18402034261241;0.03481122156284019
110001601897;9099;GEIZIANNE DO REGO DA SILVA;GEIZIANNE SILVA;MT;PROS;Partido Republicano da Ordem Social;NÃO ELEITO;655;100000.0;3658813;152.67175572519085;0.027331268364904137
110001601899;9050;SIBELY MORENO RUIZ;SIBELY MORENO;MT;PROS;Partido Republicano da Ordem Social;NÃO ELEITO;1175;109715.34;3658813;93.3747574468085;0.029986594012867015
110001601892;9011;ANTONIO MACKSON NEVES DE FREITAS;TONINHO NEVES;MT;PROS;Partido Republicano da Ordem Social;NÃO ELEITO;1741;440000.0;3658813;252.7283170591614;0.1202575808055782
110001601894;9044;RAPHAEL ALVES BRUNINI;RAPHAEL BRUNINI;MT;PROS;Partido Republicano da Ordem Social;NÃO ELEITO;233;9870.0;3658813;42.36051502145923;0.002697596187616038
110001601896;9000;FLORIZAN LUIZ ESTEVES;DR. FLORIZAN;MT;PROS;Partido Republicano da Ordem Social;NÃO ELEITO;1631;101500.0;3658813;62.23175965665236;0.027741237390377697
110001601895;9022;JOSÉ MARIA DOS SANTOS;ZÉ MARIA DE CAMPO VERDE;MT;PROS;Partido Republicano da Ordem Social;NÃO ELEITO;4847;150043.0;3658813;30.955848978749742;0.041008654992753114
260001690722;1425;ROSIVANIA SILVA MARQUES;PROFESSORA TIA ROSE;SE;PTB;Partido Trabalhista Brasileiro;NÃO ELEITO;153;0.0;2209558;0.0;0.0
260001690720;1423;MARCELO DOS SANTOS SILVA;MARCELO MANGA;SE;PTB;Partido Trabalhista Brasileiro;NÃO ELEITO;110;0.0;2209558;0.0;0.0
260001690718;1424;JULIA GABRIELLE SANTOS ROCHA;JULIA BRAZ;SE;PTB;Partido Trabalhista Brasileiro;NÃO ELEITO;123;608.0;2209558;4.943089430894309;0.0002751681558031063
260001690717;1414;JAILSON RODRIGUES DOS SANTOS FILHO;JAILSON FILHO;SE;PTB;Partido Trabalhista Brasileiro;NÃO ELEITO;324;0.0;2209558;0.0;0.0
260001690715;1422;DENISE LEAL FONTES ALBANO LEOPOLDO;PROFESSORA DENISE ALBANO;SE;PTB;Partido Trabalhista Brasileiro;NÃO ELEITO;899;3200.0;2209558;3.5595105672969964;0.0014482534515952964
260001690714;1456;BRÁULIO JOSÉ FELIZOLA DOS SANTOS;BRAULIO FELIZOLA;SE;PTB;Partido Trabalhista Brasileiro;NÃO ELEITO;483;2000.0;2209558;4.140786749482402;0.0009051584072470603
260001690716;1400;EMERSON FITIPALDE FONTES SANTOS;EMERSON FONTES TAMPA;SE;PTB;Partido Trabalhista Brasileiro;NÃO ELEITO;151;0.0;2209558;0.0;0.0
260001690721;1412;PETRONIO ANDRADE GOMES;DOUTOR PETRONIO GOMES;SE;PTB;Partido Trabalhista Brasileiro;NÃO ELEITO;1048;0.0;2209558;0.0;0.0
260001690719;1444;LUCAS VIEIRA LEITE SILVA;LUCAS VIEIRA;SE;PTB;Partido Trabalhista Brasileiro;NÃO ELEITO;186;0.0;2209558;0.0;0.0
60001603443;4010;PAULO DE TARSO FACO BEZERRA;PAULO FACÓ;CE;PSB;Partido Socialista Brasileiro;NÃO ELEITO;2246;150858.35;8791688;67.16756455921639;0.017159201964400923
60001603449;4001;MARIA ISLANDIA DA COSTA ROCHA;ISLANDIA ROCHA;CE;PSB;Partido Socialista Brasileiro;NÃO ELEITO;2292;311678.7;8791688;135.98547120418849;0.03545151966266319
60001603464;4055;FRANCISCO PEREIRA GAMA;FRANCISCO GAMA;CE;PSB;Partido Socialista Brasileiro;NÃO ELEITO;1450;43900.0;8791688;30.275862068965516;0.0049933528123382
60001670105;4090;FRANCISCO DANIEL TEIXEIRA BALBINO;DANIEL BALBINO;CE;PSB;Partido Socialista Brasileiro;NÃO ELEITO;359;60000.0;8791688;167.13091922005572;0.006824627989528291
60001603462;4040;FRANCISCO CARLOS MACEDO TAVARES;DR CARLOS MACEDO;CE;PSB;Partido Socialista Brasileiro;NÃO ELEITO;5039;201800.0;8791688;40.0476284977178;0.02295349880478015
60001603453;4003;LEONIDES AZEVEDO CAVALCANTE;LEO AZEVEDO;CE;PSB;Partido Socialista Brasileiro;NÃO ELEITO;1933;92672.3;8791688;47.94221417485774;0.010540899540566044
60001603450;4088;MARÍLIA FREIRE PAIVA;MARILIA DO POSTO;CE;PSB;Partido Socialista Brasileiro;NÃO ELEITO;4434;311725.1;8791688;70.30336039693279;0.03545679737497509
60001603445;4050;HEITOR CLAUDIO PORTELA DE HOLANDA;HEITOR HOLANDA;CE;PSB;Partido Socialista Brasileiro;NÃO ELEITO;4711;262254.0;8791688;55.66843557631076;0.029829766479429205
60001603456;4099;ALÍPIO RODRIGUES DE OLIVEIRA NETO;ALIPIO RODRIGUES;CE;PSB;Partido Socialista Brasileiro;NÃO ELEITO;3306;301730.47;8791688;91.26753478523895;0.03431997018092543
60001603452;4085;PAULO SALAZAR PRIMO JUNIOR;PAULINHO SALAZAR;CE;PSB;Partido Socialista Brasileiro;NÃO ELEITO;556;61500.0;8791688;110.61151079136691;0.006995243689266498
60001603457;4029;ANDREA MAIA LANDIM;ANDREA LANDIM;CE;PSB;Partido Socialista Brasileiro;NÃO ELEITO;3934;368983.73;8791688;93.79352567361464;0.041969611523975825
60001603446;4004;LUISA GONÇALVES DA SILVA;LUISA GONÇALVES;CE;PSB;Partido Socialista Brasileiro;NÃO ELEITO;542;75900.0;8791688;140.0369003690037;0.008633154406753288
60001603463;4020;FRANCISCO EVANDO DELFINO MARREIRO;EVANDO MARREIRO;CE;PSB;Partido Socialista Brasileiro;NÃO ELEITO;1446;150000.0;8791688;103.7344398340249;0.017061569973820728
60001603455;4012;ALANDERSON DE CASTRO MANGUEIRA;ALANDERSON MANGUEIRA;CE;PSB;Partido Socialista Brasileiro;NÃO ELEITO;9043;404499.25;8791688;44.73064801503926;0.04600928172155336
60001603459;4077;DANIELE PIMENTEL DE OLIVEIRA;DANIELE PIMENTEL;CE;PSB;Partido Socialista Brasileiro;NÃO ELEITO;1114;140900.0;8791688;126.48114901256733;0.016026501395408937
60001603454;4000;DENIS ANDERSON DA ROCHA BEZERRA;DENIS BEZERRA;CE;PSB;Partido Socialista Brasileiro;NÃO ELEITO;118822;2702387.94;8791688;22.743161535742537;0.3073798728981283
60001603447;4044;MARCOS NAUBER FERREIRA ESTACIO;NAUBER ESTÁCIO;CE;PSB;Partido Socialista Brasileiro;NÃO ELEITO;1085;399985.5;8791688;368.65023041474655;0.045495870645091134
60001603461;4051;ELZA MARIA BARBOSA ALVES;ELZA NEGRITUDE;CE;PSB;Partido Socialista Brasileiro;NÃO ELEITO;127;50900.0;8791688;400.78740157480314;0.0057895594111165
60001603451;4013;RENATO CÉLIO CHAVES RODRIGUES;RENATO RODRIGUES;CE;PSB;Partido Socialista Brasileiro;NÃO ELEITO;4916;251415.55;8791688;51.14230065093572;0.028596959992210822
60001603448;4011;MARIA GUERRA DE FARIAS;SONIA GUERRA;CE;PSB;Partido Socialista Brasileiro;NÃO ELEITO;4034;300899.4;8791688;74.59082796232029;0.034225441121204486
60001603444;4033;WASHINGTON SABOIA VITORINO;WASHINGTON SABOIA;CE;PSB;Partido Socialista Brasileiro;NÃO ELEITO;1177;450510.95;8791688;382.7620645709431;0.05124282731598301
60001603458;4080;CICERO MARCIO BRITO DE OLIVEIRA;CICERO MARCIO;CE;PSB;Partido Socialista Brasileiro;NÃO ELEITO;314;67380.0;8791688;214.5859872611465;0.007664057232240271
190001729665;1292;CLAUDIO LUIZ PINTO;CLAUDIO LUIZ;RJ;PDT;Partido Democrático Trabalhista;NÃO ELEITO;321;19990.4;16054524;62.27538940809969;0.0012451568168573544
190001640610;1220;RIVERTON MUSSI RAMOS;RIVERTON MUSSI;RJ;PDT;Partido Democrático Trabalhista;NÃO ELEITO;10519;37500.0;16054524;3.564977659473334;0.0023357902109087756
160001621904;9022;DOUGLAS FELIPE FREITAS ROBERTO;DOUGLAS ROBERTO;PR;PROS;Partido Republicano da Ordem Social;NÃO ELEITO;598;41982.26;11443208;70.20444816053512;0.0036687491829214326
160001621915;9066;JACOB ALFREDO STOFFELS KAEFER;ALFREDO KAEFER;PR;PROS;Partido Republicano da Ordem Social;NÃO ELEITO;10349;998969.32;11443208;96.52810126582278;0.08729801293483436
160001621922;9033;ADAIL LEMOS INGLÊS;ADAIL INGLÊS;PR;PROS;Partido Republicano da Ordem Social;NÃO ELEITO;1375;39970.3;11443208;29.069309090909094;0.003492927857293165
190001609683;1911;JOSE PORTUGAL NETO;SARGENTO PORTUGAL;RJ;PODE;Podemos;ELEITO POR QP;33368;100000.0;16054524;2.9968832414289137;0.006228773895756735
240001732331;1600;JOCEMIR ADENILSON DE SOUZA;JO DA COLETIVA REBELDIA;SC;PSTU;Partido Socialista dos Trabalhadores Unificado;NÃO ELEITO;424;4511.0;7609601;10.639150943396226;0.0005928037488430734
190001600488;5000;TARCÍSIO MOTTA DE CARVALHO;TARCÍSIO MOTTA;RJ;PSOL;Partido Socialismo e Liberdade;ELEITO POR QP;159928;1430736.78;16054524;8.946130633785204;0.08911735906963048
190001600473;5050;FRANCISCO RODRIGUES DE ALENCAR FILHO;CHICO ALENCAR;RJ;PSOL;Partido Socialismo e Liberdade;ELEITO POR QP;115023;1050297.58;16054524;9.1311961955435;0.06542066149080472
190001600487;5077;TALÍRIA PETRONE SOARES;TALIRIA PETRONE;RJ;PSOL;Partido Socialismo e Liberdade;ELEITO POR QP;198548;1575937.2;16054524;7.937310876966778;0.09816156492711961
160001614512;1313;GLEISI HELENA HOFFMANN;GLEISI;PR;PT;Partido dos Trabalhadores;ELEITO POR QP;261247;2659975.01;11443208;10.181839446960156;0.23245011451334274
160001614525;1330;ENIO JOSÉ VERRI;ENIO VERRI;PR;PT;Partido dos Trabalhadores;ELEITO POR QP;95172;2036470.68;11443208;21.397792207792207;0.17796326694402478
160001614521;1363;ANA CAROLINA MOURA MELO DARTORA;CAROL DARTORA;PR;PT;Partido dos Trabalhadores;ELEITO POR QP;130654;1323570.91;11443208;10.13035123302769;0.11566432332611623
160001614527;1310;JOSE CARLOS BECKER DE OLIVEIRA E SILVA;ZECA DIRCEU;PR;PT;Partido dos Trabalhadores;ELEITO POR QP;123033;2668988.82;11443208;21.69327595035478;0.2332378140815058
190001609745;7020;WILIANS BITTENCOURT VALENTE;WILIANS VALENTE;RJ;AVANTE;AVANTE;NÃO ELEITO;381;2000.0;16054524;5.2493438320209975;0.0001245754779151347
190001609722;7030;JOSÉ BERNARDO DE OLIVIERA;ZÉ DA TUIA;RJ;AVANTE;AVANTE;NÃO ELEITO;312;0.0;16054524;0.0;0.0
190001609761;7040;JOÃO DINIZ DE ALMEIDA PORTO;JOÃO DINIZ;RJ;AVANTE;AVANTE;NÃO ELEITO;15986;170593.39;16054524;10.67142437132491;0.010625876544206481
190001609758;7010;GUSTAVO SILVA FERREIRA;GUSTAVO FERREIRA;RJ;AVANTE;AVANTE;NÃO ELEITO;717;9866.0;16054524;13.760111576011157;0.0006145308325553595
190001613699;7028;MARCIO LOPES DIAS;DR MARCIO DIAS;RJ;AVANTE;AVANTE;NÃO ELEITO;417;50000.0;16054524;119.9040767386091;0.0031143869478783676
190001609721;7021;JORDANE CABRAL DA SILVA;CABO JORDANE CABRAL;RJ;AVANTE;AVANTE;NÃO ELEITO;1077;52313.22;16054524;48.573091922005574;0.0032584721913897917
190001609757;7081;GUILHERME MENEZES DA SILVA;GUILHERME MENEZES;RJ;AVANTE;AVANTE;NÃO ELEITO;747;0.0;16054524;0.0;0.0
190001609759;7013;IGOR CRESPO MARCOS;IGOR CRESPO;RJ;AVANTE;AVANTE;NÃO ELEITO;3728;281358.45;16054524;75.47168723175966;0.017525181687105765
190001609720;7070;RODRIGO MOREIRA LAEBER;RODRIGO LAEBER;RJ;AVANTE;AVANTE;NÃO ELEITO;6059;501360.81;16054524;82.7464614622875;0.031228631256834522
190001609724;7080;JUSCELINO CRUZ DE ARAUJO;JUSCELINO ARAUJO;RJ;AVANTE;AVANTE;NÃO ELEITO;761;0.0;16054524;0.0;0.0
190001609751;7044;ELIZANGELA SILVA DO NASCIMENTO;ELIZ NASCIMENTO;RJ;AVANTE;AVANTE;NÃO ELEITO;806;75000.0;16054524;93.05210918114143;0.004671580421817551
190001609736;7001;RODRIGO SOBROSA MEZZOMO;MEZZOMO;RJ;AVANTE;AVANTE;NÃO ELEITO;1096;70000.0;16054524;63.86861313868613;0.004360141727029715
190001609750;7011;DERCILEI FRANÇA LEONARDO;PROF LEONARDO FRANÇA;RJ;AVANTE;AVANTE;NÃO ELEITO;1335;9980.0;16054524;7.47565543071161;0.0006216316347965222
190001609734;7009;ANA PAULA COUTINHO JORGE;ANA PAULA SAMI JORGE;RJ;AVANTE;AVANTE;NÃO ELEITO;425;85000.0;16054524;200.0;0.005294457811393225
190001609728;7004;MARIA DA GLORIA DE SOUZA DE SOUZA;PROFESSORA GLORINHA;RJ;AVANTE;AVANTE;NÃO ELEITO;216;42015.990000000005;16054524;194.51847222222224;0.0026170810171637607
190001609741;7050;VERA RAMOS DA SILVA; A VERA ;RJ;AVANTE;AVANTE;NÃO ELEITO;805;41560.0;16054524;51.62732919254658;0.0025886784310764992
190001609742;7055;VINICIUS DE FREITAS DOS SANTOS;BONITÃO;RJ;AVANTE;AVANTE;NÃO ELEITO;1609;12225.0;16054524;7.597886886264761;0.0007614676087562608
190001609746;7051;ANDRÉA LUCIA LÖFGREN;ANDRÉA LUCIA LÖFGREN;RJ;AVANTE;AVANTE;NÃO ELEITO;252;151877.0;16054524;602.686507936508;0.009460074929658457
190001609753;7099;FLAVIO FERNANDO PRADO;FLÁVIO GANEM;RJ;AVANTE;AVANTE;NÃO ELEITO;28365;388440.54;16054524;13.694360655737704;0.024195082956056498
190001609719;7014;RICARDO ACIOLI SANTANA DOS SANTOS;RICARDO ACIOLI;RJ;AVANTE;AVANTE;NÃO ELEITO;232;9000.0;16054524;38.793103448275865;0.0005605896506181062
190001609747;7016;CLEMELSON JORGE DA SILVA;CLEMELSON DA SAÚDE;RJ;AVANTE;AVANTE;NÃO ELEITO;1744;35000.0;16054524;20.068807339449542;0.0021800708635148574
190001609749;7072;DENIS DE SOUSA MOURA;DENIS MOURA;RJ;AVANTE;AVANTE;NÃO ELEITO;4340;19706.3;16054524;4.540622119815668;0.0012274608702195094
190001609739;7000;SULAMITA DO CARMO DA SILVA;SULA DO CARMO;RJ;AVANTE;AVANTE;NÃO ELEITO;20401;458721.5;16054524;22.48524582128327;0.02857272504622373
190001609726;7033;MAICY MONTEIRO DO AMARAL;TINHA AMARAL;RJ;AVANTE;AVANTE;NÃO ELEITO;1331;157959.05;16054524;118.67697220135236;0.009838912072385329
190001609748;7060;CRISTIANA CARVALHO MOTA;CRIS MOTA;RJ;AVANTE;AVANTE;NÃO ELEITO;237;87420.0;16054524;368.8607594936709;0.005445194139670538
190001609740;7088;THIAGO VASCONCELOS LEITE PINHEIRO;THIAGO VASCONCELOS;RJ;AVANTE;AVANTE;NÃO ELEITO;4141;80381.88;16054524;19.41122434194639;0.005006805558358504
190001609723;7071;JOSEF ALEXANDRE GERSTEL;JOSEF GERSTEL;RJ;AVANTE;AVANTE;NÃO ELEITO;268;55500.0;16054524;207.08955223880596;0.0034569695121449877
190001609760;7064;IRACEMA BRAZ TULSEN;IRACEMA TULSEN;RJ;AVANTE;AVANTE;NÃO ELEITO;155;24996.0;16054524;161.26451612903224;0.0015569443229833534
190001609731;7034;MICHELE MEDEIROS DE MOURA MELANDRE;MICHELE MEDEIROS;RJ;AVANTE;AVANTE;NÃO ELEITO;396;60000.0;16054524;151.5151515151515;0.003737264337454041
190001609755;7022;GION CARLOS FLOR SILVA;GION FLOR;RJ;AVANTE;AVANTE;NÃO ELEITO;2314;15000.0;16054524;6.48228176318064;0.0009343160843635102
190001609756;7077;GLEISON DE SOUZA TRINDADE;DINHO TRINDADE;RJ;AVANTE;AVANTE;NÃO ELEITO;2140;47095.05;16054524;22.007032710280374;0.0029334441805935825
190001609737;7090;ROSANE CORREA DOS SANTOS;ROSANE SANTOS;RJ;AVANTE;AVANTE;NÃO ELEITO;621;20000.0;16054524;32.2061191626409;0.001245754779151347
190001609729;7012;MARCOS ABRAHÃO FILHO;MARCOS ABRAHÃO FILHO;RJ;AVANTE;AVANTE;NÃO ELEITO;12214;86682.0;16054524;7.0969379400687735;0.005399225788319853
190001609732;7045;NEREIDE FERREIRA PEDREGAL;NEREIDE PEDREGAL;RJ;AVANTE;AVANTE;NÃO ELEITO;8593;112713.5;16054524;13.1168974746887;0.0070206690649937675
190001609725;7006;LUCAS RODRIGUES MYRA TEIXEIRA;LUCAS MYRA;RJ;AVANTE;AVANTE;NÃO ELEITO;830;5160.0;16054524;6.216867469879518;0.0003214047330210475
190001609738;7007;SERGIO RICARDO DE OLIVEIRA CAPINAN;RICARDINHO GRATIDÃO;RJ;AVANTE;AVANTE;NÃO ELEITO;1236;554074.39;16054524;448.2802508090615;0.03451204096739337
190001609733;7017;ALAN DOS SANTOS MARTINS;ALANZINHO;RJ;AVANTE;AVANTE;NÃO ELEITO;1191;47600.0;16054524;39.9664147774979;0.002964896374380206
190001609727;7037;MARIZA BARBOSA ROGRIGUES;MARIZA RODRIGUES;RJ;AVANTE;AVANTE;NÃO ELEITO;612;25896.9;16054524;42.31519607843138;0.001613059347010226
190001609730;7023;MARTA SCAVUZZI DE ALENCAR IELMINI;MARTA SCAVUZZI;RJ;AVANTE;AVANTE;NÃO ELEITO;112;19120.0;16054524;170.71428571428572;0.0011909415688686877
190001609763;7074;ROSENI DE AZEVEDO CAMILO;ROSENI CAMILO PAES;RJ;AVANTE;AVANTE;NÃO ELEITO;319;25540.0;16054524;80.0626959247649;0.0015908288529762702
190001613700;7097;PAULO THIAGO FONSECA DE ARAUJO RIBEIRO;THIAGO FONSECA;RJ;AVANTE;AVANTE;NÃO ELEITO;2437;23740.0;16054524;9.741485432909315;0.001478710922852649
190001609754;7025;GERUSA SANTOS DA SILVA;GERUSA JONHSON SANTOS;RJ;AVANTE;AVANTE;NÃO ELEITO;1043;61389.8;16054524;58.8588686481304;0.0038238318370572683
190001609752;7076;EMERSON ALBERTO FERREIRA;DR. EMERSON ALBERTO;RJ;AVANTE;AVANTE;NÃO ELEITO;492;2640.0;16054524;5.365853658536586;0.0001644396308479778
150001609925;8000;RADAMÉS CÂNDIDO ALVES DO VALE;RADAMÉS;PB;UP;Unidade Popular;NÃO ELEITO;698;0.0;3974495;0.0;0.0
150001609926;8080;JOZIVAN ANTERO DE ALMEIDA;JOZIVAN ANTERO;PB;UP;Unidade Popular;NÃO ELEITO;1337;0.0;3974495;0.0;0.0
150001609927;8008;VITÓRIA OHARA MEIRELES DIAS;VITÓRIA PODER DELAS;PB;UP;Unidade Popular;NÃO ELEITO;1374;0.0;3974495;0.0;0.0
220001723321;7711;JURANDIR DIAS DA SILVA;JURANDIR DIAS;RO;SOLIDARIEDADE;Solidariedade;NÃO ELEITO;180;0.0;1581016;0.0;0.0
220001723316;7715;ADRIANO SOARES DE LIMA;ADRIANO SOARES;RO;SOLIDARIEDADE;Solidariedade;NÃO ELEITO;194;0.0;1581016;0.0;0.0
220001723318;7721;ADRIANA EMILIA BAPTISTA;ADRIANA BAPTISTA;RO;SOLIDARIEDADE;Solidariedade;NÃO ELEITO;543;39359.2;1581016;72.48471454880294;0.024894877724197604
220001723314;7712;ROBERT TAKESHI MURACAMI;ROBERT MURACAMI;RO;SOLIDARIEDADE;Solidariedade;NÃO ELEITO;208;0.0;1581016;0.0;0.0
220001723320;7791;RANGEL SILVA COUTO;SARGENTO RANGEL;RO;SOLIDARIEDADE;Solidariedade;NÃO ELEITO;105;0.0;1581016;0.0;0.0
220001723317;7700;RAQUEL PEREIRA DE SOUZA;RAQUEL PEREIRA;RO;SOLIDARIEDADE;Solidariedade;NÃO ELEITO;813;164618.75;1581016;202.4830873308733;0.10412212779630314
20001653892;1515;ISNALDO BULHÕES BARROS JÚNIOR;ISNALDO BULHÕES JR;AL;MDB;Movimento Democrático Brasileiro;ELEITO POR QP;83965;3230756.1;3127511;38.477414398856666;1.0330119062730716
230001726099;7755;IONE NEVES CUNHA;IONE BRASIL;RR;SOLIDARIEDADE;Solidariedade;NÃO ELEITO;274;60936.98;636303;222.39773722627737;0.09576723667812348
230001726100;7790;JEREMIAS SOUSA LIMA;JEREMIAS LIMA;RR;SOLIDARIEDADE;Solidariedade;NÃO ELEITO;12;80211.0;636303;6684.25;0.12605786865691346
230001643490;7711;VICTOR MARCELO MOREIRA FERREIRA;VICTOR DA VIP CELULAR;RR;SOLIDARIEDADE;Solidariedade;NÃO ELEITO;522;133980.0;636303;256.6666666666667;0.2105600633660379
230001643487;7707;ALINE KARLA LIRA DE OLIVEIRA;ALINE PEIXOTO;RR;SOLIDARIEDADE;Solidariedade;NÃO ELEITO;84;219907.53;636303;2617.946785714286;0.3456019066388183
230001643488;7700;ODILANEI DA SILVA DOS SANTOS;DILA SANTOS;RR;SOLIDARIEDADE;Solidariedade;NÃO ELEITO;28;169800.0;636303;6064.285714285715;0.2668539988024573
230001643486;7777;JOSE OTACI BARROSO DO NASCIMENTO;OTTACI;RR;SOLIDARIEDADE;Solidariedade;NÃO ELEITO;209;299118.55;636303;1431.1892344497608;0.4700882284069067
230001643492;7744;JOÃO KLEBER MARTINS DE SIQUEIRA;KLEBER SIQUEIRA;RR;SOLIDARIEDADE;Solidariedade;NÃO ELEITO;126;199634.14;636303;1584.3979365079367;0.3137406864339788
270001697355;7025;PAULO ERIVAN LIMA PEREIRA;DR PAULO ERIVAN;TO;AVANTE;AVANTE;NÃO ELEITO;140;232400.0;1511459;1660.0;0.1537587192242727
270001697354;7000;MARCOS AURELIO MOREIRA DE SOUZA;MARQUINHOS;TO;AVANTE;AVANTE;NÃO ELEITO;2124;447762.08;1511459;210.81077212806028;0.29624493949223896
270001697353;7077;JORDYANY ALVES NAVES DE OLIVEIRA;JORDYANY DA SAÚDE;TO;AVANTE;AVANTE;NÃO ELEITO;196;111123.0;1511459;566.954081632653;0.07352035351273174
270001697351;7070;GLEYSON RAMOS DE SOUSA;GLEYSON RAMOS;TO;AVANTE;AVANTE;NÃO ELEITO;968;300000.0;1511459;309.91735537190084;0.19848371672668594
270001697352;7005;HELENA SOCORRO DA SILVA;HELENA SOCORRO;TO;AVANTE;AVANTE;NÃO ELEITO;150;124522.0;1511459;830.1466666666666;0.08238529791413463
270001697347;7030;ANGELA MARIA CRUZ BORBA;ANGELA BORBA;TO;AVANTE;AVANTE;NÃO ELEITO;162;363100.0;1511459;2241.358024691358;0.24023145847819888
270001697348;7033;ANTONIO CARLOS LOPES REZENDE;REZENDE;TO;AVANTE;AVANTE;NÃO ELEITO;152;99977.2;1511459;657.7447368421052;0.06614615414642408
270001697349;7038;CHARLES NUNES DE OLIVEIRA;CHARLES NUNES;TO;AVANTE;AVANTE;NÃO ELEITO;944;298768.45;1511459;316.49200211864405;0.19766890798890344
270001697350;7001;EMMANUEL RODRIGO ROSA ROCHA;MANU;TO;AVANTE;AVANTE;NÃO ELEITO;1198;685840.48;1511459;572.4878797996661;0.4537605585067144
170001715592;2121;VICTÓRIA ELLEN ALMEIDA PINHEIRO;VICTÓRIA PINHEIRO;PE;PCB;Partido Comunista Brasileiro;NÃO ELEITO;2576;600.0;9058155;0.2329192546583851;6.623865456044857e-05
170001715593;2100;ANTÔNIO ELIAS PEREIRA;ANTÔNIO OXIS;PE;PCB;Partido Comunista Brasileiro;NÃO ELEITO;271;0.0;9058155;0.0;0.0
60001668627;5151;ROSILANE DE SOUSA SILVA;ROSILANE SOUSA;CE;PATRIOTA;Patriota;NÃO ELEITO;150;20000.0;8791688;133.33333333333334;0.00227487599650943
60001619153;5120;ANA MARIA MARTINS SANTOS;ANA MARTINS;CE;PATRIOTA;Patriota;NÃO ELEITO;257;20000.0;8791688;77.82101167315174;0.00227487599650943
60001619142;5111;CARLOS ALBERTO GUILHERME CAVALCANTE FILHO;CARLOS CAVALCANTE;CE;PATRIOTA;Patriota;NÃO ELEITO;330;10000.0;8791688;30.303030303030305;0.001137437998254715
60001619148;5144;ERACISO DE OLIVEIRA BRAGA;ERACISO DE OLIVEIRA;CE;PATRIOTA;Patriota;NÃO ELEITO;229;20000.0;8791688;87.33624454148472;0.00227487599650943
60001619141;5123;ANTONIO GUEDES CAVALCANTE JÚNIOR;JÚNIOR GUEDES;CE;PATRIOTA;Patriota;NÃO ELEITO;485;24924.16;8791688;51.3900206185567;0.002834968665858024
60001619147;5121;ANTONIO CESAR DO NASCIMENTO SOUSA;DR CESAR;CE;PATRIOTA;Patriota;NÃO ELEITO;154;10000.0;8791688;64.93506493506493;0.001137437998254715
60001619151;5122;LINDOMAR BARBOSA DE MESQUITA;MAMÁ MESQUITA;CE;PATRIOTA;Patriota;NÃO ELEITO;518;20000.0;8791688;38.61003861003861;0.00227487599650943
60001619145;5169;ALZERMIRIAN ALVES FREITAS;MIRIAN FREITAS;CE;PATRIOTA;Patriota;NÃO ELEITO;62;20000.0;8791688;322.5806451612903;0.00227487599650943
60001668626;5199;ADRIANA ALVES LUCIO;ADRIANA ALVES;CE;PATRIOTA;Patriota;NÃO ELEITO;83;10000.0;8791688;120.48192771084338;0.001137437998254715
60001619155;5116;ANDRÉ DO NASCIMENTO FARIAS;ANDRÉ FARIAS;CE;PATRIOTA;Patriota;NÃO ELEITO;276;10000.0;8791688;36.231884057971016;0.001137437998254715
60001619150;5118;RONALDO VIEIRA DA SILVA;RONALDO HISSA;CE;PATRIOTA;Patriota;NÃO ELEITO;48;15000.0;8791688;312.5;0.0017061569973820727
60001619154;5177;CÉSAR FLÔR FRANCO;CÉSAR FRANCO;CE;PATRIOTA;Patriota;NÃO ELEITO;606;15000.0;8791688;24.752475247524753;0.0017061569973820727
60001619146;5188;MARIA DE FÁTIMA COSTA CAVALCANTE;FÁTIMA CAVALCANTE;CE;PATRIOTA;Patriota;NÃO ELEITO;121;20000.0;8791688;165.28925619834712;0.00227487599650943
60001619156;5115;CARLOS MAGNO DE ALMEIDA;CARLOS MAGNO;CE;PATRIOTA;Patriota;NÃO ELEITO;138;20000.0;8791688;144.92753623188406;0.00227487599650943
60001619149;5100;FRANCISCO FARIAS DO RÊGO;FARIAS;CE;PATRIOTA;Patriota;NÃO ELEITO;151;30000.0;8791688;198.67549668874173;0.0034123139947641453
60001619152;5110;CLÁUDIO SARMENTO AMADO;ENGENHEIRO CLÁUDIO PATRIOTA;CE;PATRIOTA;Patriota;NÃO ELEITO;49;15000.0;8791688;306.1224489795918;0.0017061569973820727
60001619144;5133;ANTONIO NIERTON QUEIROZ GUERRA;NIERTON GUERRA;CE;PATRIOTA;Patriota;NÃO ELEITO;538;20000.0;8791688;37.174721189591075;0.00227487599650943
240001645211;1350;PEDRO FRANCISCO UCZAI;PROFESSOR PEDRO UCZAI;SC;PT;Partido dos Trabalhadores;ELEITO POR QP;173531;1719468.29;7609601;9.90870962536953;0.2259603742692948
240001645213;1313;ANA PAULA DE SOUZA LIMA;ANA PAULA LIMA;SC;PT;Partido dos Trabalhadores;ELEITO POR QP;148781;1184960.59;7609601;7.964461792836452;0.15571914874380405
170001609635;5152;MARCELO FALCÃO DE MOURA;MARCELO MOURA;PE;PATRIOTA;Patriota;NÃO ELEITO;793;188862.0;9058155;238.16141235813367;0.020849941295992394
170001609658;5120;ROSIANE LÉA DA SILVA;ANA LÉA;PE;PATRIOTA;Patriota;NÃO ELEITO;151;30000.0;9058155;198.67549668874173;0.0033119327280224284
170001609650;5132;LAELSON OLIVEIRA COSTA;LAELSON COSTA;PE;PATRIOTA;Patriota;NÃO ELEITO;359;10254.03;9058155;28.562757660167133;0.001132021918370794
170001609649;5100;SANDRO GLEDSON CAMPOS PEREIRA;SANDRO DA TAPIOCA;PE;PATRIOTA;Patriota;NÃO ELEITO;665;9920.0;9058155;14.917293233082706;0.0010951457553994163
170001609655;5133;JOSÉ SOARES DE ARAUJO FILHO;ARAUJO;PE;PATRIOTA;Patriota;NÃO ELEITO;214;5000.0;9058155;23.364485981308412;0.0005519887880037381
170001609642;5193;EDESIO GOMES DE ANDRADE;NEGO BOMBEIRO;PE;PATRIOTA;Patriota;NÃO ELEITO;418;95000.0;9058155;227.27272727272728;0.010487786972071023
170001609652;5117;JANIO JOSÉ BARBOSA DE OLIVEIRA;JANIO TRATADOR;PE;PATRIOTA;Patriota;NÃO ELEITO;256;30000.0;9058155;117.1875;0.0033119327280224284
170001609644;5109;LUCIANA TEIXEIRA VITOR;LUCIANA VITOR;PE;PATRIOTA;Patriota;NÃO ELEITO;129;20000.0;9058155;155.03875968992247;0.0022079551520149524
170001609645;5166;ALLAN BARBOSA DE LIRA;ALLAN LIRA;PE;PATRIOTA;Patriota;NÃO ELEITO;259;19400.0;9058155;74.9034749034749;0.002141716497454504
170001609636;5101;SUZICLEY FREIRE SILVA;PROFESSORA SUZI;PE;PATRIOTA;Patriota;NÃO ELEITO;1615;120242.0;9058155;74.4532507739938;0.013274447169429094
170001609651;5102;EZIO FERNANDES DE OLIVEIRA;EZIO FERNANDES;PE;PATRIOTA;Patriota;NÃO ELEITO;119;0.0;9058155;0.0;0.0
170001609653;5110;MARIA ISABEL DE ALBUQUERQUE DA SILVA;ISABEL DA AUTO ESCOLA;PE;PATRIOTA;Patriota;NÃO ELEITO;167;10000.0;9058155;59.880239520958085;0.0011039775760074762
170001726567;5121;ANSELMO LUIZ RAMOS SANTIAGO;ANSELMO SANTIAGO;PE;PATRIOTA;Patriota;NÃO ELEITO;55;0.0;9058155;0.0;0.0
170001609657;5138;RUBEM JOSÉ BRITO JUNIOR;RUBEM BRITO;PE;PATRIOTA;Patriota;NÃO ELEITO;987;6114.0;9058155;6.194528875379939;0.000674971889970971
170001609639;5122;DIOGENES GOMES PEDROSA;DOUTOR DIOGENES;PE;PATRIOTA;Patriota;NÃO ELEITO;313;9982.44;9058155;31.892779552715655;0.001102038991384007
170001609646;5151;DEBORAH JULIANNA LEITE ALVES;DEBORAH LEITE;PE;PATRIOTA;Patriota;NÃO ELEITO;2773;109922.3;9058155;39.64020915975478;0.01213517543031666
170001609643;5123;PAULO RICARDO RODRIGUES DE LIMA;PAULETE DO SAMBA;PE;PATRIOTA;Patriota;NÃO ELEITO;1105;29970.0;9058155;27.122171945701357;0.003308620795294406
170001609648;5114;TAWANA DE JESUS DA ROCHA BARBOSA;TAWANA ROCHA;PE;PATRIOTA;Patriota;NÃO ELEITO;207;30000.0;9058155;144.92753623188406;0.0033119327280224284
170001609641;5111;GEORGE SAULO DE ANDRADE COSTA;GEORGE COSTA;PE;PATRIOTA;Patriota;NÃO ELEITO;2027;40000.0;9058155;19.73359644795264;0.004415910304029905
170001609647;5177;JOÃO CONSTANTINO DA SILVA FILHO;PERU;PE;PATRIOTA;Patriota;NÃO ELEITO;1286;120000.0;9058155;93.31259720062208;0.013247730912089714
170001609637;5155;SEVERINA LINDALVA DA SILVA;NINHA DO MALAQUIAS;PE;PATRIOTA;Patriota;NÃO ELEITO;628;90000.0;9058155;143.31210191082803;0.009935798184067285
160001655028;2121;VANESSA CRISTINA CIENIAVA DE SOUZA;VANESSA CRISTINA;PR;PCB;Partido Comunista Brasileiro;NÃO ELEITO;2672;1679.0;11443208;0.6283682634730539;0.00014672458981782033
160001655029;2100;THIAGO FANELLI FERRAIOL;PROFESSOR THIAGO FERRAIOL;PR;PCB;Partido Comunista Brasileiro;NÃO ELEITO;2429;1691.0;11443208;0.6961712638946068;0.00014777324680281963
20001697455;1400;WELLINGTON RODRIGUES FRAGOSO;CORONEL FRAGOSO;AL;PTB;Partido Trabalhista Brasileiro;NÃO ELEITO;1021;4000.0;3127511;3.9177277179236043;0.001278972320161304
20001724142;1444;PEDRO CARLOS TENÓRIO CAVALCANTI;PEDRO CARLOS CAVALCANTI;AL;PTB;Partido Trabalhista Brasileiro;NÃO ELEITO;208;0.0;3127511;0.0;0.0
20001697456;1481;DAYSE VANDERLEI LINS;DAYSE LINS;AL;PTB;Partido Trabalhista Brasileiro;NÃO ELEITO;35;5000.0;3127511;142.85714285714286;0.00159871540020163
20001697451;1441;JAMERSON FERNANDES BEZERRA FRANÇA;SARGENTO JAMERSON FERNANDES;AL;PTB;Partido Trabalhista Brasileiro;NÃO ELEITO;1121;1970.0;3127511;1.7573595004460303;0.0006298938676794423
20001697450;1456;JOYCE SUELLEN NASCIMENTO SILVA;JOYCE MELLO;AL;PTB;Partido Trabalhista Brasileiro;NÃO ELEITO;99;4999.99;3127511;50.50494949494949;0.0015987122027708296
20001697458;1414;MARIA DE FÁTIMA RIBEIRO DE OLIVEIRA;FÁTIMA RAMOS;AL;PTB;Partido Trabalhista Brasileiro;NÃO ELEITO;973;263123.82;3127511;270.42530318602263;0.08413202063877634
20001697457;1415;ISMAEL DA GUIA SILVA;TENENTE DG;AL;PTB;Partido Trabalhista Brasileiro;NÃO ELEITO;3533;1914.3400000000001;3127511;0.5418454571185961;0.0006120969678443977
20001697454;1499;FRANCISCO DE SOUZA IRMÃO;CHICO DA CAPIAL;AL;PTB;Partido Trabalhista Brasileiro;NÃO ELEITO;509;0.0;3127511;0.0;0.0
20001697452;1440;EBER CARLOS GOES SALES LEÃO DE OLIVEIRA;CAPITÃO SALES;AL;PTB;Partido Trabalhista Brasileiro;NÃO ELEITO;2329;59209.48;3127511;25.422705023615286;0.01893182150278608
170001718762;3633;VALDEMIR JOSÉ SATURNINO;DELEGADO SATURNINO;PE;AGIR;AGIR;NÃO ELEITO;429;8895.0;9058155;20.734265734265733;0.00098198805385865
170001718768;3630;MARIA DO CARMO DO NASCIMENTO MOREIRA;DO CARMO;PE;AGIR;AGIR;NÃO ELEITO;192;3000.0;9058155;15.625;0.00033119327280224284
170001718775;3613;JESOALDO BEZERRA DE ALMEIDA;ZALDO BEZERRA;PE;AGIR;AGIR;NÃO ELEITO;78;5000.0;9058155;64.1025641025641;0.0005519887880037381
170001718760;3611;LUIZ PAULO DA SILVA JUNIOR;PAULO SULIVAN;PE;AGIR;AGIR;NÃO ELEITO;169;0.0;9058155;0.0;0.0
170001718766;3677;MARGARIDA LIMA DA SILVA;MEGUESTAR;PE;AGIR;AGIR;NÃO ELEITO;82;1999.37;9058155;24.382560975609756;0.00022072596461420675
170001718764;3622;ALCIDES SAMPAIO DE VASCONCELOS;CIDINHO;PE;AGIR;AGIR;NÃO ELEITO;233;10300.0;9058155;44.20600858369099;0.0011370969032877005
170001718777;3637;AMANDA BIANCA RODRIGUES DE MORAIS E SILVA;AMANDA MORAIS;PE;AGIR;AGIR;NÃO ELEITO;66;18000.0;9058155;272.72727272727275;0.001987159636813457
170001718781;3631;ZERONEIDE LOPES DA SILVA;NEIDE MEYRELLYS;PE;AGIR;AGIR;NÃO ELEITO;6;0.0;9058155;0.0;0.0
170001718770;3636;JOSELITO DOUGLAS DOS SANTOS COSTA;LITO DOUGLAS;PE;AGIR;AGIR;NÃO ELEITO;73;3000.0;9058155;41.0958904109589;0.00033119327280224284
170001718772;3670;GAMALIEL LOURENÇO MARQUES;DR GAMALIEL;PE;AGIR;AGIR;NÃO ELEITO;279;20000.0;9058155;71.68458781362007;0.0022079551520149524
170001718779;3609;CÍCERO JOAQUIM DE BARROS MORAES;CICERO IRAN;PE;AGIR;AGIR;NÃO ELEITO;247;2000.0;9058155;8.097165991902834;0.00022079551520149524
170001718765;3648;CARLA PATRICIA DA ROCHA;CARLA ROCHA;PE;AGIR;AGIR;NÃO ELEITO;48;5000.0;9058155;104.16666666666667;0.0005519887880037381
170001718767;3650;CLEYTON LEON DE LIMA CANDIDO;PASTOR CLEYTON LEON;PE;AGIR;AGIR;NÃO ELEITO;125;2000.0;9058155;16.0;0.00022079551520149524
170001718771;3699;CLEIDENILSON JOSÉ DE VASCONCELOS MEIRA;NILSON JOSÉ;PE;AGIR;AGIR;NÃO ELEITO;634;5000.0;9058155;7.886435331230284;0.0005519887880037381
170001718761;3601;JOSE AUGUSTO DO NASCIMENTO SILVA;ZÉ AUGUSTO;PE;AGIR;AGIR;NÃO ELEITO;92;5000.0;9058155;54.34782608695652;0.0005519887880037381
170001718769;3600;ALEXANDRE SENA DE ALMEIDA;ALEXANDRE SENA;PE;AGIR;AGIR;NÃO ELEITO;264;10000.0;9058155;37.878787878787875;0.0011039775760074762
170001718776;3695;MARIA DANIELA FIDELIS DO NASCIMENTO;DANIELA FIDELIS;PE;AGIR;AGIR;NÃO ELEITO;24;3000.0;9058155;125.0;0.00033119327280224284
220001621851;5066;PATRÍCIA FELIZARDO DE LIMA;PATRÍCIA FELIZARDO;RO;PSOL;Partido Socialismo e Liberdade;NÃO ELEITO;53;10877.369999999999;1581016;205.23339622641507;0.006879987299306268
220001621850;5005;LUCILENE DE ARAUJO RODRIGUES;LUCINHA COSTUREIRA;RO;PSOL;Partido Socialismo e Liberdade;NÃO ELEITO;56;10700.0;1581016;191.07142857142858;0.006767799946363604
220001621849;5050;TITO SOARES PAZ;TITO PAZ;RO;PSOL;Partido Socialismo e Liberdade;NÃO ELEITO;80;0.0;1581016;0.0;0.0
220001621847;5071;JULIANO PLACIDO DA SILVA;JULIANO PLACIDO;RO;PSOL;Partido Socialismo e Liberdade;NÃO ELEITO;34;7399.9;1581016;217.6441176470588;0.004680471291878134
220001621852;5000;SABRINA VALIM DA SILVA;SABRINA VALIM;RO;PSOL;Partido Socialismo e Liberdade;NÃO ELEITO;58;19149.16;1581016;330.1579310344828;0.012111933086066175
220001621848;5010;FRANCIMAR FERREIRA DE SOUZA;BABÁ DO PSOL;RO;PSOL;Partido Socialismo e Liberdade;NÃO ELEITO;108;7350.0;1581016;68.05555555555556;0.0046489093089507
220001729161;5045;DOMINGOS MONTEIRO DE OLIVEIRA;DOMINGOS MONTEIRO;RO;PSOL;Partido Socialismo e Liberdade;NÃO ELEITO;123;6679.0;1581016;54.300813008130085;0.004224498676800235
220001621853;5013;GENECI GONÇALVES DOS SANTOS;GENECI GONÇALVES;RO;PSOL;Partido Socialismo e Liberdade;NÃO ELEITO;164;23166.0;1581016;141.2560975609756;0.014652603136211145
100001608075;1111;ANDRÉ LUIZ CARVALHO RIBEIRO;ANDRÉ FUFUCA;MA;PP;PROGRESSISTAS;ELEITO POR QP;135078;3154459.9;6775152;23.35287685633486;0.46559249150424964
190001729182;2350;CARLOS HENRIQUE DA SILVA BAÍA;CARLOS BAÍA DA RÁDIO;RJ;CIDADANIA;Cidadania;NÃO ELEITO;106;15000.0;16054524;141.50943396226415;0.0009343160843635102
190001613486;2333;MANOEL TEIXEIRA DE MESQUITA NETO;MANOEL NETO;RJ;CIDADANIA;Cidadania;NÃO ELEITO;613;71574.0;16054524;116.76019575856444;0.004458182628148926
190001613501;2301;WELLINGTON BRUNO SANTOS;DR WELLINGTON BRUNO;RJ;CIDADANIA;Cidadania;NÃO ELEITO;1299;51000.0;16054524;39.260969976905315;0.003176674686835935
190001613473;2356;ANDRE LUIZ COSTA DE SOUZA;ANDRE COSTA;RJ;CIDADANIA;Cidadania;NÃO ELEITO;1145;149982.5;16054524;130.9890829694323;0.009342070808203345
190001613484;2304;NILTON WILSON SALOMÃO;NILTON SALOMÃO;RJ;CIDADANIA;Cidadania;NÃO ELEITO;16162;394423.36;16054524;24.404365796312337;0.02456773928644661
190001613504;2351;EMANUEL MARQUES CORRÊA;EMANUEL MARQUES;RJ;CIDADANIA;Cidadania;NÃO ELEITO;268;29933.87;16054524;111.6935447761194;0.0018645130805497565
190001613489;2360;FABIANO GONÇALVES;FABIANO GONÇALVES;RJ;CIDADANIA;Cidadania;NÃO ELEITO;10339;320707.49;16054524;31.019198181642324;0.01997614441885664
190001613485;2311;EDUARDO PAIVA DA SILVA;PAIVA;RJ;CIDADANIA;Cidadania;NÃO ELEITO;1492;30223.079999999998;16054524;20.25675603217158;0.0018825273175336744
190001613498;2370;MAGALI FARIAS DA SILVEIRA NUNES SOUZA;MAGALI NUNES;RJ;CIDADANIA;Cidadania;NÃO ELEITO;126;39900.0;16054524;316.6666666666667;0.0024852807844069373
190001613490;2345;KATIA CRISTINA MIKI DA SILVA;KATIA MIKI;RJ;CIDADANIA;Cidadania;NÃO ELEITO;5139;249994.64;16054524;48.646553804242075;0.015571600877111026
190001613492;2300;RICARDO PEDREIRA RANGEL;RICARDO RANGEL;RJ;CIDADANIA;Cidadania;NÃO ELEITO;4475;823565.15;16054524;184.03690502793296;0.0512980110777498
190001613493;2344;SELMA MARIA RODRIGUES DA SILVA;SELMINHA SORRISO;RJ;CIDADANIA;Cidadania;NÃO ELEITO;506;30000.0;16054524;59.28853754940712;0.0018686321687270205
190001613469;2303;PAULO FERNANDO VILLELA CANTUARIA;PAULO CANTUARIA;RJ;CIDADANIA;Cidadania;NÃO ELEITO;471;85406.41;16054524;181.329957537155;0.00531977217138297
190001613467;2322;AUGUSTO CÉSAR SILVA SORAGE;DR AUGUSTO CESAR;RJ;CIDADANIA;Cidadania;NÃO ELEITO;5144;97612.0;16054524;18.975894245723172;0.006080030775126064
190001613506;2312;EDSON SANTOS SILVA;EDSON DO PEIXE;RJ;CIDADANIA;Cidadania;NÃO ELEITO;1108;30000.0;16054524;27.075812274368232;0.0018686321687270205
190001613491;2310;MARCUS VINICIUS LOPES MARTINS;MARCUS VINICIUS MARTINS;RJ;CIDADANIA;Cidadania;NÃO ELEITO;1661;105088.6;16054524;63.26827212522577;0.006545731284216212
190001613468;2320;FLÁVIO DOS SANTOS ANTUNES;DR FLÁVIO ANTUNES;RJ;CIDADANIA;Cidadania;NÃO ELEITO;26461;390000.0;16054524;14.738672007860625;0.024292218193451266
190001613499;2398;CLEIDE SOUZA FREIRE VICTORIO;CLEIDE GARI;RJ;CIDADANIA;Cidadania;NÃO ELEITO;802;50000.0;16054524;62.34413965087282;0.0031143869478783676
190001613502;2313;RENATA SILVEIRA DA COSTA;RENATA COSTA;RJ;CIDADANIA;Cidadania;NÃO ELEITO;1664;527954.0;16054524;317.2800480769231;0.032885060933603515
190001613505;2323;ANTONIA MINDLIN LEITE BARBOSA;ANTONIA LEITE BARBOSA;RJ;CIDADANIA;Cidadania;NÃO ELEITO;5617;1270979.76;16054524;226.27376891579135;0.0791664555112316
190001613507;2334;DANIELLE LIMA SANTANA;DANIELLE SANTANA;RJ;CIDADANIA;Cidadania;NÃO ELEITO;140;30000.0;16054524;214.28571428571428;0.0018686321687270205
190001613466;2332;AGUINALDO MARTINS DOS SANTOS;AGUINALDO MARTINS;RJ;CIDADANIA;Cidadania;NÃO ELEITO;377;29400.0;16054524;77.9840848806366;0.00183125952535248
210001648574;2234;MARLON ARATOR SANTOS DA ROSA;MARLON SANTOS;RS;PL;Partido Liberal;NÃO ELEITO;85911;1034529.77;10880506;12.041877873613391;0.09508103483422554
160001621818;4088;ALTAMIR SANSON;ALTAMIR SANSON;PR;PSB;Partido Socialista Brasileiro;NÃO ELEITO;6799;160000.0;11443208;23.532872481247242;0.013982093133324151
170001596602;3030;GEORGE EMÍLIO DE MORAES BASTOS GONÇALVES;GEORGE BASTOS;PE;NOVO;Partido Novo;NÃO ELEITO;6740;36190.0;9058155;5.369436201780416;0.003995294847571056
170001596603;3066;JONATHAN ALVES DA COSTA;JONATHAN COSTA;PE;NOVO;Partido Novo;NÃO ELEITO;116;0.0;9058155;0.0;0.0
170001596604;3000;GERALDO SANTIAGO FERREIRA JUNIOR;JUNIOR SANTIAGO;PE;NOVO;Partido Novo;NÃO ELEITO;940;23522.12;9058155;25.023531914893617;0.002596789302015697
170001596600;3033;ALBANIA DE SOUZA ALVES;ALBÂNIA ALVES;PE;NOVO;Partido Novo;NÃO ELEITO;446;275.15;9058155;0.6169282511210762;3.0375943003845705e-05
170001596605;3003;EUGÊNIO PACELLI DE ARAÚJO SÁ;DR. EUGÊNIO SÁ;PE;NOVO;Partido Novo;NÃO ELEITO;2967;19991.13;9058155;6.737826086956522;0.0022069759239050336
170001596601;3012;EURIZELIA ALVES DE ARAUJO MOURA;ZELIA MOURA;PE;NOVO;Partido Novo;NÃO ELEITO;642;1130.2;9058155;1.7604361370716513;0.00012477154564036495
110001675054;6565;PATRÍCIA SIMONE NOGUEIRA;PROFESSORA PATRÍCIA;MT;PC do B;Partido Comunista do Brasil;NÃO ELEITO;1695;107941.0;3658813;63.68200589970502;0.029501644385761173
110001675050;6513;EDVALDO PEREIRA DA SILVA;DR EDVALDO;MT;PC do B;Partido Comunista do Brasil;NÃO ELEITO;2027;254998.07;3658813;125.80072520966947;0.06969420683702611
170001609929;5555;THIAGO RENATO LOPES SIQUEIRA DOCA RODRIGUES;THIAGO DOCA;PE;PSD;Partido Social Democrático;NÃO ELEITO;3136;58653.0;9058155;18.703125;0.0064751596765566495
170001609928;5511;GLEICIANE LUCAS DO NASCIMENTO;GLEICE MAGA;PE;PSD;Partido Social Democrático;NÃO ELEITO;140;0.0;9058155;0.0;0.0
190001613488;4522;JORGE HENRIQUES PIRES PAES;DR. HENRIQUE PAES;RJ;PSDB;Partido da Social Democracia Brasileira;NÃO ELEITO;24089;1136996.01;16054524;47.199801154053716;0.07082091066667563
190001613487;4517;JOSÉ ALBERTO DA SILVA MOURA;ALBERTO DA 17;RJ;PSDB;Partido da Social Democracia Brasileira;NÃO ELEITO;7217;49966.0;16054524;6.923375363724539;0.0031122691647538104
190001613481;4514;NILCIMAR DE FREITAS VIEIRA;IRMÃO CAIO;RJ;PSDB;Partido da Social Democracia Brasileira;NÃO ELEITO;1324;210644.6;16054524;159.09712990936558;0.013120575857621192
190001613496;4553;ELIANE PEREIRA DE SOUZA;ELYANE SOUZA;RJ;PSDB;Partido da Social Democracia Brasileira;NÃO ELEITO;294;74933.77;16054524;254.876768707483;0.004667455104866392
190001613476;4555;CRISTIANE DOS SANTOS BATISTA FERNANDES;CRIS FERNANDES;RJ;PSDB;Partido da Social Democracia Brasileira;NÃO ELEITO;2025;229908.66;16054524;113.53514074074074;0.014320490598164107
190001613477;4598;JOSÉ SILVA DE SOUZA;JOSÉ SILVA ONG VIVER FELIZ;RJ;PSDB;Partido da Social Democracia Brasileira;NÃO ELEITO;407;0.0;16054524;0.0;0.0
190001613497;4503;RONALDO FERREIRA SEQUEIRA;RONALDO SEQUEIRA;RJ;PSDB;Partido da Social Democracia Brasileira;NÃO ELEITO;41;11500.0;16054524;280.4878048780488;0.0007163089980120245
190001613462;4567;ÍSIS CRISTINA RIBEIRO SILVA;ISIS COSTA;RJ;PSDB;Partido da Social Democracia Brasileira;NÃO ELEITO;402;20000.0;16054524;49.75124378109453;0.001245754779151347
190001613494;4546;JOSÉ ÔNIX GOMES DA SILVA;JOSÉ ÔNIX RÁDIO RIO BONITO;RJ;PSDB;Partido da Social Democracia Brasileira;NÃO ELEITO;455;15000.0;16054524;32.967032967032964;0.0009343160843635102
190001613479;4527;MARCELO MOSQUEIRA TAVEIROS;TAVEIROS;RJ;PSDB;Partido da Social Democracia Brasileira;NÃO ELEITO;450;10000.0;16054524;22.22222222222222;0.0006228773895756735
190001613480;4544;DRAULO VALENTE GOMES;DUUGOMES;RJ;PSDB;Partido da Social Democracia Brasileira;NÃO ELEITO;2876;240031.13;16054524;83.46005910987483;0.014950996367129913
190001613482;4525;FROILAN MOREIRA DE MORAES;FROILAN;RJ;PSDB;Partido da Social Democracia Brasileira;NÃO ELEITO;102;100000.0;16054524;980.3921568627451;0.006228773895756735
190001613478;4571;ALAN MANHAES DO NASCIMENTO;ALAN BOSA;RJ;PSDB;Partido da Social Democracia Brasileira;NÃO ELEITO;135;10000.0;16054524;74.07407407407408;0.0006228773895756735
190001613471;4593;LIGYDO FERREIRA VAZ NETO;LIGYDO BOMBEIRO;RJ;PSDB;Partido da Social Democracia Brasileira;NÃO ELEITO;60;47516.0;16054524;791.9333333333333;0.0029596642043077702
190001613463;4507;MILTON QUEIROZ DA PAIXAO;TITA;RJ;PSDB;Partido da Social Democracia Brasileira;NÃO ELEITO;2650;275000.0;16054524;103.77358490566037;0.01712912821333102
190001613465;4526;LAURINDA JULIA GOMES;LAURA GOMES;RJ;PSDB;Partido da Social Democracia Brasileira;NÃO ELEITO;89;20000.0;16054524;224.7191011235955;0.001245754779151347
190001613472;4505;CLÁUDIA MARTA XAVIER DOS SANTOS;CLAUDIA MARTA;RJ;PSDB;Partido da Social Democracia Brasileira;NÃO ELEITO;308;28580.0;16054524;92.79220779220779;0.0017801835794072748
190001613503;4501;ADRIANO RODRIGUES DE SOUZA;ADRIANO RODRIGUES;RJ;PSDB;Partido da Social Democracia Brasileira;NÃO ELEITO;1322;20000.0;16054524;15.128593040847202;0.001245754779151347
190001613495;4545;JORGE ALBERTO FELIPE CURY;JORGINHO FUEDE;RJ;PSDB;Partido da Social Democracia Brasileira;NÃO ELEITO;5506;220625.29;16054524;40.06997638939339;0.013742250470957595
190001613461;4569;GESIEL DE OLIVEIRA LESSA;GESIEL LESSA;RJ;PSDB;Partido da Social Democracia Brasileira;NÃO ELEITO;2019;219212.0;16054524;108.57454185240218;0.013654219832366254
190001613483;4500;MARIA EDUARDA MELLO RODRIGUES DE CARVALHO;DUDA CARVALHO;RJ;PSDB;Partido da Social Democracia Brasileira;NÃO ELEITO;316;20000.0;16054524;63.29113924050633;0.001245754779151347
190001613474;4554;DANIELA DALILA IBARRA MAIA DE ANDRADE MACIEL;DANI MAIA;RJ;PSDB;Partido da Social Democracia Brasileira;NÃO ELEITO;21913;2851846.88;16054524;130.14406425409572;0.1776350940083929
190001613475;4502;EVANDRO DIVINO MACHADO;EVANDRO MACHADO;RJ;PSDB;Partido da Social Democracia Brasileira;NÃO ELEITO;1247;19991.88;16054524;16.031980753809144;0.0012452490027110117
190001613464;4518;MÔNICA BRASIL HENRIQUES AGUIAR;MÔNICA BRASIL;RJ;PSDB;Partido da Social Democracia Brasileira;NÃO ELEITO;21;20000.0;16054524;952.3809523809524;0.001245754779151347
190001735352;4577;FELICIANO JOSE DOS SANTOS RODRIGUES;FELICIANO JOSÉ;RJ;PSDB;Partido da Social Democracia Brasileira;NÃO ELEITO;148;0.0;16054524;0.0;0.0
140001621343;1515;ELCIONE THEREZINHA ZAHLUTH BARBALHO;ELCIONE;PA;MDB;Movimento Democrático Brasileiro;ELEITO POR QP;175498;1988035.3699999999;8116132;11.327965959726036;0.24494862454183838
140001621340;1555;JOSE BENITO PRIANTE JUNIOR;PRIANTE;PA;MDB;Movimento Democrático Brasileiro;ELEITO POR QP;167275;2499834.54;8116132;14.944459961141833;0.30800811765998876
140001621346;1567;ALESSANDRA HABER CARVALHO SANTOS;DRA ALESSANDRA HABER;PA;MDB;Movimento Democrático Brasileiro;ELEITO POR QP;258907;1176829.64;8116132;4.545375907179025;0.14499882949168397
140001621348;1577;RENILCE CONCEIÇÃO NICODEMOS DE ALBUQUERQUE;RENILCE NICODEMOS;PA;MDB;Movimento Democrático Brasileiro;ELEITO POR QP;162208;1328632.28;8116132;8.190917094101401;0.16370264554593247
140001621342;1511;ANTONIO LEOCADIO DOS SANTOS;ANTONIO DOIDO;PA;MDB;Movimento Democrático Brasileiro;ELEITO POR QP;126535;955010.73;8116132;7.547403722290276;0.11766821066981167
150001603195;4412;DAMIÃO FELICIANO DA SILVA;DR. DAMIÃO;PB;UNIÃO;UNIÃO BRASIL;ELEITO POR QP;64023;2830093.08;3974495;44.204318448057734;0.7120635653082971
10001619990;1000;ANTÔNIA LUCILEIA CRUZ RAMOS CAMARA;ANTÔNIA LUCIA;AC;REPUBLICANOS;REPUBLICANOS;ELEITO POR QP;16280;2541400.35;830026;156.1056726044226;3.0618322197135996
250001602038;4430;LAIR MOURA SALA MALAVILA JUSEVICIUS;LAIR MOURA;SP;UNIÃO;UNIÃO BRASIL;NÃO ELEITO;8690;1151928.15;44420459;132.55789988492518;0.025932378366463973
250001602025;4418;MANOEL DAVID KORN DE CARVALHO;MANOEL DAVID KORN DE CARVALHO;SP;UNIÃO;UNIÃO BRASIL;NÃO ELEITO;2171;294815.62;44420459;135.7971533855366;0.006636933220343356
250001602063;4420;SILVIO FELIX DA SILVA;SILVIO FÉLIX;SP;UNIÃO;UNIÃO BRASIL;NÃO ELEITO;9345;913046.53;44420459;97.7042835741038;0.020554639698792846
170001613278;1555;IZA PAULA DE DEUS E MELLO ALBUQUERQUE ARRUDA;IZA ARRUDA;PE;MDB;Movimento Democrático Brasileiro;ELEITO POR QP;103950;1015430.75;9058155;9.768453583453583;0.11210127779884535
250001635956;3589;TATIANE SOARES DA SILVA;TATI DA ANALÂNDIA;SP;PMB;Partido da Mulher Brasileira;NÃO ELEITO;30;0.0;44420459;0.0;0.0
250001635946;3544;KATHERINE DO FORTE SILVA;KATHÊ DO FORTE;SP;PMB;Partido da Mulher Brasileira;NÃO ELEITO;148;490.0;44420459;3.310810810810811;1.103095310203796e-05
250001635947;3527;LEA MARIA DE SALES CUNHA;LEA SALES CUNHA;SP;PMB;Partido da Mulher Brasileira;NÃO ELEITO;43;150.0;44420459;3.488372093023256;3.3768223781748857e-06
250001635933;3502;ARTHUR BRAGANCA DE VASCONCELLOS WEINTRAUB;ARTHUR WEINTRAUB;SP;PMB;Partido da Mulher Brasileira;NÃO ELEITO;1990;50460.97;44420459;25.35727135678392;0.0011359848848027437
250001635934;3530;EDIVALDO DOMINGOS DE CASTRO;EDIVALDO CASTRO BRANCO;SP;PMB;Partido da Mulher Brasileira;NÃO ELEITO;532;0.0;44420459;0.0;0.0
250001635936;3510;ELIAS TADEU NOGUEIRA DE OLIVEIRA;TADEU NOGUEIRA;SP;PMB;Partido da Mulher Brasileira;NÃO ELEITO;3265;9133.8;44420459;2.7974885145482387;0.0002056214682518251
250001635939;3577;STEVEN SANTOS DE LIMA;STEVEN LIMA;SP;PMB;Partido da Mulher Brasileira;NÃO ELEITO;146;0.0;44420459;0.0;0.0
250001635940;3500;VERGINIA ALVES PEREIRA;VIRGÍNIA ALVES;SP;PMB;Partido da Mulher Brasileira;NÃO ELEITO;689;0.0;44420459;0.0;0.0
250001635945;3517;JUAREZ DE CARVALHO COSTA;JUAREZ DA INTERNET;SP;PMB;Partido da Mulher Brasileira;NÃO ELEITO;397;0.0;44420459;0.0;0.0
250001635949;3511;MIRIAN LEE;DRA. LEE;SP;PMB;Partido da Mulher Brasileira;NÃO ELEITO;552;7600.0;44420459;13.768115942028986;0.00017109233382752755
250001635943;3553;ISABEL ALINE ROSA;ARLEQUINA COSPLAY;SP;PMB;Partido da Mulher Brasileira;NÃO ELEITO;107;456.0;44420459;4.261682242990654;1.0265540029651652e-05
250001635950;3512;NEMIAS DA SILVA MOREIRA;NEMIAS MOREIRA;SP;PMB;Partido da Mulher Brasileira;NÃO ELEITO;374;0.0;44420459;0.0;0.0
250001635952;3588;PAULO GUILHERMINO DE ARAUJO;PAULO GUILHERMINO;SP;PMB;Partido da Mulher Brasileira;NÃO ELEITO;112;0.0;44420459;0.0;0.0
250001635957;3503;MARCOS VINICIUS LUZ GIANNONI;MARCÃO DA EMA;SP;PMB;Partido da Mulher Brasileira;NÃO ELEITO;1011;18966.7;44420459;18.760336300692384;0.00042698118000086404
250001635958;3580;EMERSON JONAS DE OLIVEIRA COSTA;EMERSON DORIVAL COSTA;SP;PMB;Partido da Mulher Brasileira;NÃO ELEITO;171;0.0;44420459;0.0;0.0
250001635938;3531;RICARDO GUILGER DE LIMA;RICARDO TROVÃO;SP;PMB;Partido da Mulher Brasileira;NÃO ELEITO;213;0.0;44420459;0.0;0.0
250001635935;3555;EDSON FAGUNDES DE OLIVEIRA;SARGENTO FAGUNDES;SP;PMB;Partido da Mulher Brasileira;NÃO ELEITO;596;120.0;44420459;0.20134228187919462;2.7014579025399084e-06
250001635954;3540;ROSANGELA CARDOSO;RO CARDOSO;SP;PMB;Partido da Mulher Brasileira;NÃO ELEITO;178;0.0;44420459;0.0;0.0
250001736106;3535;VALTER ALCANTARA ROSSI;VALTER ALCANTARA ROSSI;SP;PMB;Partido da Mulher Brasileira;NÃO ELEITO;217;0.0;44420459;0.0;0.0
250001635951;3550;OSMAR DELLA PASCHOA JUNIOR;OSMAR DELLA PASCHOA;SP;PMB;Partido da Mulher Brasileira;NÃO ELEITO;591;28715.8;44420459;48.58849407783418;0.0006464543736479625
250001635937;3599;FRANCIS GRACE RAMOS FRANCISCO;JORNALISTA FRANCIS;SP;PMB;Partido da Mulher Brasileira;NÃO ELEITO;47;0.0;44420459;0.0;0.0
210001620448;7006;JULIANO DE SOUZA FLORIANO;JULIANO FLORIANO;RS;AVANTE;AVANTE;NÃO ELEITO;101;23999.5;10880506;237.61881188118812;0.0022057338142178313
210001620460;7013;SIMONE SUAREZ GOMES FELIPPETTO;SIMONE SUAREZ;RS;AVANTE;AVANTE;NÃO ELEITO;144;27098.309999999998;10880506;188.18270833333332;0.00249053766433289
180001601256;2277;HELIDA DE FRANÇA MILANEZ;DRA HELIDA MILANEZ;PI;PL;Partido Liberal;NÃO ELEITO;413;20000.0;3269200;48.426150121065376;0.006117704637220115
180001601263;2233;WESLEY JACKSON DEMES DE MIRANDA;WESLLEY DEMES;PI;PL;Partido Liberal;NÃO ELEITO;1024;19178.5;3269200;18.72900390625;0.005866419919246299
180001601261;2200;DEISIANE VIEIRA DA SILVA;PASTORA DEISY;PI;PL;Partido Liberal;NÃO ELEITO;909;20000.0;3269200;22.002200220022;0.006117704637220115
180001601259;2244;ANTONIO DE ARAUJO MARTINS NETO;TONI BOSON;PI;PL;Partido Liberal;NÃO ELEITO;3006;19976.0;3269200;6.645375914836992;0.006110363391655451
180001601265;2224;TERESINHA DE JESUS OLIVEIRA;TERESINHA DE JESUS;PI;PL;Partido Liberal;NÃO ELEITO;429;20000.0;3269200;46.62004662004662;0.006117704637220115
180001601264;2222;LEONARDO EULÁLIO DE ARAÚJO LIMA;DR LEONARDO EULÁLIO;PI;PL;Partido Liberal;NÃO ELEITO;9547;1493850.34;3269200;156.47327327956427;0.4569467576165423
180001601262;2212;MARA DENISE ALVES PEREIRA;MARA DENISE;PI;PL;Partido Liberal;NÃO ELEITO;903;19937.0;3269200;22.078626799557032;0.006098433867612872
180001601257;2210;EDWALDO VIANA LIMA;CORONEL VIANA;PI;PL;Partido Liberal;NÃO ELEITO;5529;49995.4;3269200;9.04239464640984;0.015292854520983728
180001601258;2252;JOAO PAULO DA COSTA ARAUJO ALVES;MAJOR COSTA ARAÚJO;PI;PL;Partido Liberal;NÃO ELEITO;4744;44783.51;3269200;9.440031618887016;0.01369861433989967
180001601260;2223;RAIMUNDO VIANA FILHO;RAIMUNDO VIANA;PI;PL;Partido Liberal;NÃO ELEITO;1222;37000.7;3269200;30.278805237315872;0.011317967698519515
220001639533;1234;WENDEON FRANÇA RODOVALHO SILVA;MAESTRO WENDEON FRANÇA;RO;PDT;Partido Democrático Trabalhista;NÃO ELEITO;1530;99245.14;1581016;64.8661045751634;0.06277301431484564
220001639527;1213;ALMIR NARAYAMOGA SURUI;ALMIR SURUÍ;RO;PDT;Partido Democrático Trabalhista;NÃO ELEITO;3901;317205.92;1581016;81.31400153806716;0.2006342250805811
220001639531;1233;MANOEL MESSIAS DA SILVA OLIVEIRA;MANOEL MESSIAS;RO;PDT;Partido Democrático Trabalhista;NÃO ELEITO;243;35000.0;1581016;144.03292181069958;0.022137663375955713
220001639528;1206;AULENILDA LOPES DE OLIVEIRA;MÃE NILDA;RO;PDT;Partido Democrático Trabalhista;NÃO ELEITO;459;120500.0;1581016;262.5272331154684;0.0762168124800761
220001639526;1212;ALFREDO LAURENT;ALFREDO LAURENT;RO;PDT;Partido Democrático Trabalhista;NÃO ELEITO;755;99963.0;1581016;132.40132450331126;0.06322706411573317
220001639532;1221;ROSANGELA APARECIDA HILARIO;PROFESSORA ROSANGELA HILÁRIO;RO;PDT;Partido Democrático Trabalhista;NÃO ELEITO;692;128200.0;1581016;185.2601156069364;0.08108709842278636
220001639529;1269;LAERCIO DO CARMO RODRIGUES;LAERCIO RODRIGUES;RO;PDT;Partido Democrático Trabalhista;NÃO ELEITO;227;2000.0;1581016;8.810572687224669;0.001265009335768898
220001639530;1222;LUCIENE DA SILVA ALMEIDA;LUCIENE GAVIÃO;RO;PDT;Partido Democrático Trabalhista;NÃO ELEITO;184;95978.26;1581016;521.6209782608695;0.06070669746542729
240001610090;5012;TEREZINHA APARECIDA PAZ;TEREZINHA PAZ;SC;PSOL;Partido Socialismo e Liberdade;NÃO ELEITO;149;30568.8;7609601;205.15973154362416;0.0040171357210450325
240001610080;5013;FÁBIO SILVEIRA DE OLIVEIRA;FÁBIO DE OLIVEIRA;SC;PSOL;Partido Socialismo e Liberdade;NÃO ELEITO;331;4999.0;7609601;15.102719033232628;0.0006569332610211758
240001610086;5075;MAURICIO MULINARI;MAURICIO MULINARI;SC;PSOL;Partido Socialismo e Liberdade;NÃO ELEITO;3125;42380.98;7609601;13.5619136;0.005569408961126871
240001610082;5050;LEONEL DAVID JESUS CAMASÃO;CAMASÃO;SC;PSOL;Partido Socialismo e Liberdade;NÃO ELEITO;12714;57475.39;7609601;4.52063787950291;0.007553009678168409
240001610079;5001;EUNICE ANTUNES;KEREXU;SC;PSOL;Partido Socialismo e Liberdade;NÃO ELEITO;35215;76341.95;7609601;2.1678815845520374;0.010032319697182546
240001610081;5025;KÁTIA MARIA COSTA;KÁTIA COSTA;SC;PSOL;Partido Socialismo e Liberdade;NÃO ELEITO;895;9005.38;7609601;10.061877094972067;0.001183423414709917
240001610092;5000;VICTOR DELLA GIUSTINA GASPODINI;VICTOR GASPODINI;SC;PSOL;Partido Socialismo e Liberdade;NÃO ELEITO;1305;15074.16;7609601;11.551080459770114;0.0019809396051120158
240001610078;5005;DAUDT SOUZA DA SILVA;PROFESSOR DAUDT;SC;PSOL;Partido Socialismo e Liberdade;NÃO ELEITO;370;8618.0;7609601;23.291891891891893;0.0011325166720305047
240001610091;5051;THIAGO HERMANIS MEDEIROS CARDOSO;THIAGO HERMANIS;SC;PSOL;Partido Socialismo e Liberdade;NÃO ELEITO;410;103161.3;7609601;251.6129268292683;0.01355672918987474
240001610085;5055;MARIANA SOUZA HREISEMNOU;MARI SOUZA;SC;PSOL;Partido Socialismo e Liberdade;NÃO ELEITO;1775;65770.4;7609601;37.05374647887324;0.008643081286390705
240001610093;5042;VINICIUS RAMOS LANÇAS;VINI LANÇAS;SC;PSOL;Partido Socialismo e Liberdade;NÃO ELEITO;725;7002.900000000001;7609601;9.659172413793105;0.0009202716410492483
20001718557;3535;JANILENE DUARTE DOS SANTOS;JANE DUARTE;AL;PMB;Partido da Mulher Brasileira;NÃO ELEITO;99;0.0;3127511;0.0;0.0
20001718555;3533;JAMMES STENIO SOBREIRA;JAMMES SOBREIRA;AL;PMB;Partido da Mulher Brasileira;NÃO ELEITO;26;0.0;3127511;0.0;0.0
20001718554;3500;GILVAN DA SILVA MENEZES;GILVAN MENEZES;AL;PMB;Partido da Mulher Brasileira;NÃO ELEITO;130;0.0;3127511;0.0;0.0
200001612241;4040;THABATTA PIMENTA DE MEDEIROS SILVA;THABATTA PIMENTA;RN;PSB;Partido Socialista Brasileiro;NÃO ELEITO;40533;800241.45;3302729;19.74296129080009;0.2422970367838233
200001612239;4013;JANEAYRE ALMEIDA DE SOUTO;JANEAYRE;RN;PSB;Partido Socialista Brasileiro;NÃO ELEITO;2677;699918.36;3302729;261.4562420620097;0.21192122029993984
200001612240;4050;PABLO ANGLESON DA SILVA AIRES;PABLO AIRES;RN;PSB;Partido Socialista Brasileiro;NÃO ELEITO;21996;510659.49;3302729;23.216016093835243;0.15461743606575049
200001612238;4015;HENRIQUE EDUARDO LYRA ALVES;HENRIQUE ALVES;RN;PSB;Partido Socialista Brasileiro;NÃO ELEITO;11630;1499853.59;3302729;128.96419518486672;0.4541255398187378
200001612237;4010;WELLINGTON DE OLIVEIRA BERNARDO;WELLINGTON BERNARDO;RN;PSB;Partido Socialista Brasileiro;NÃO ELEITO;2577;262527.14;3302729;101.87316259216144;0.0794879446663653
200001612243;4088;JOSÉ FRANÇA SOARES NETO;NETINHO FRANÇA;RN;PSB;Partido Socialista Brasileiro;NÃO ELEITO;9978;499883.29;3302729;50.09854580076168;0.15135461916493906
200001612236;4000;NADJA TASSIA VERISSIMO;DOUTORA TÁSSIA;RN;PSB;Partido Socialista Brasileiro;NÃO ELEITO;3505;499880.24;3302729;142.61918402282453;0.15135369568620374
200001612235;4022;ISABEL CRISTINA GORGONIO DE MEDEIROS;BEBEL MEDEIROS;RN;PSB;Partido Socialista Brasileiro;NÃO ELEITO;2508;399690.79;3302729;159.3663437001595;0.12101834270992261
200001612242;4077;DIEGO AMERICO DE CARVALHO;PROFESSOR DIEGO;RN;PSB;Partido Socialista Brasileiro;NÃO ELEITO;2705;249843.47;3302729;92.36357486136784;0.07564758416448943
20001652301;5566;ISABELLA REGUEIRA ALVES LARANJEIRAS;ISABELLA LARANJEIRAS;AL;PSD;Partido Social Democrático;NÃO ELEITO;1201;249909.25;3127511;208.08430474604495;0.07990675332556783
20001652299;5588;EDUARDO ÍTALO BASTOS DE OLIVEIRA;ÍTALO BASTOS;AL;PSD;Partido Social Democrático;NÃO ELEITO;485;16030.0;3127511;33.05154639175258;0.005125481573046426
20001652300;5577;ILDO RAFAEL DE VASCONCELOS;ILDO RAFAEL;AL;PSD;Partido Social Democrático;NÃO ELEITO;5512;500000.0;3127511;90.71117561683599;0.159871540020163
20001652303;5522;ALAN HELTON DE OMENA BALBINO;ALAN BALBINO;AL;PSD;Partido Social Democrático;NÃO ELEITO;3334;530339.04;3127511;159.06989802039593;0.16957223811522967
20001652306;5599;SERGIO CABRAL BARBOSA;SERGIO CABRAL;AL;PSD;Partido Social Democrático;NÃO ELEITO;76;25000.0;3127511;328.94736842105266;0.00799357700100815
20001652305;5500;JOÃO GABRIEL COSTA LINS;JOÃOZINHO;AL;PSD;Partido Social Democrático;NÃO ELEITO;2622;250180.29;3127511;95.415823798627;0.07999341648998197
20001652307;5544;TEREZA NELMA DA SILVA PORTO VIANA SOARES;TEREZA NELMA;AL;PSD;Partido Social Democrático;NÃO ELEITO;24722;2223000.0;3127511;89.91990939244398;0.7107888669296447
20001652304;5511;AMARO ELIAS DOS SANTOS;MÁRIO FAROFA;AL;PSD;Partido Social Democrático;NÃO ELEITO;1278;119343.05;3127511;93.3826682316119;0.03815911438840663
20001652298;5533;ANA CAROLINA BELTRÃO PEIXOTO;PROFESSORA CAROL;AL;PSD;Partido Social Democrático;NÃO ELEITO;1225;150262.36;3127511;122.66315102040815;0.04804534980052828
20001652302;5555;LUIZ GUSTAVO DA SILVA LIMA;GUSTAVO LIMA;AL;PSD;Partido Social Democrático;NÃO ELEITO;37100;827740.0;3127511;22.311051212938004;0.26466413707257946
210001605644;2074;ISMAEL AMILIVIA MOREIRA;ISMAEL AMILIVIA;RS;PSC;Partido Social Cristão;NÃO ELEITO;233;35000.0;10880506;150.21459227467813;0.0032167621616127043
210001605647;2023;TATIANA RHEINGANTZ ARMOS;TATIANA ARMOS;RS;PSC;Partido Social Cristão;NÃO ELEITO;262;14668.61;10880506;55.98706106870229;0.001348155131755821
210001605654;2011;JOSE NELSON MONTEIRO DA SILVA;JOSE MONTEIRO;RS;PSC;Partido Social Cristão;NÃO ELEITO;401;35000.0;10880506;87.28179551122194;0.0032167621616127043
210001732428;2022;PAULO ROBERTO DA SILVA FLORES;BETO;RS;PSC;Partido Social Cristão;NÃO ELEITO;3881;0.0;10880506;0.0;0.0
210001731377;2016;ADÃO RENATO SCHULTZ COSTA;RENATO COSTA;RS;PSC;Partido Social Cristão;NÃO ELEITO;206;14894.0;10880506;72.30097087378641;0.0013688701610017034
210001605652;2010;EDILSON RODRIGUES ZAMBARDA;SGT. EDILSON ZAMBARDA;RS;PSC;Partido Social Cristão;NÃO ELEITO;1184;14999.970000000001;10880506;12.668893581081083;0.0013786095977521636
210001605651;2033;CLAITON GARCIA DA CRUZ;PASTOR CLAITON;RS;PSC;Partido Social Cristão;NÃO ELEITO;547;39999.65;10880506;73.12550274223035;0.0036762674456500464
210001605640;2001;LUIZ OMAR DUARTE DO AMARAL;CANHOTINHO;RS;PSC;Partido Social Cristão;NÃO ELEITO;560;40000.0;10880506;71.42857142857143;0.0036762996132716622
210001605642;2021;FABIANA DOS REIS DEUS;MISSIONARIA FABIANA SILVA;RS;PSC;Partido Social Cristão;NÃO ELEITO;472;10000.0;10880506;21.1864406779661;0.0009190749033179156
210001605650;2088;CELSO BERNARDINO DE JESUS;PASTOR CELSO;RS;PSC;Partido Social Cristão;NÃO ELEITO;128;0.0;10880506;0.0;0.0
210001605638;2090;JOSEANE RIBEIRO ALVES;JOSI RAMOS;RS;PSC;Partido Social Cristão;NÃO ELEITO;588;20000.0;10880506;34.01360544217687;0.0018381498066358311
210001605660;2025;RENER DE SOUZA MACHADO;RENER;RS;PSC;Partido Social Cristão;NÃO ELEITO;120;10000.0;10880506;83.33333333333333;0.0009190749033179156
210001605645;2077;JADERSON TOLEDO MARETOLI;JADER MARETOLI;RS;PSC;Partido Social Cristão;NÃO ELEITO;6825;75027.0;10880506;10.992967032967034;0.006895543277123325
210001605646;2002;SERGIO PIRES DIAS;SERGIO PIRES DIAS CABELUDO;RS;PSC;Partido Social Cristão;NÃO ELEITO;755;25800.0;10880506;34.17218543046358;0.002371213250560222
210001605639;2034;LUCINEIDE NEVES DOS SANTOS LIMA;LUCINEIDE NEVES;RS;PSC;Partido Social Cristão;NÃO ELEITO;279;15000.0;10880506;53.763440860215056;0.0013786123549768734
210001605656;2050;MARCIO AURELIO DA SILVA;MARCIO AURELIO;RS;PSC;Partido Social Cristão;NÃO ELEITO;312;28200.0;10880506;90.38461538461539;0.002591791227356522
210001605657;2070;MARNI TERESINHA SAGGIN;MARNI SAGGIN;RS;PSC;Partido Social Cristão;NÃO ELEITO;225;19571.27;10880506;86.98342222222223;0.001798746308305882
210001605635;2024;BARBARA SUSAN DA SILVA RITTA;BARBARA SUSAN;RS;PSC;Partido Social Cristão;NÃO ELEITO;382;29999.75;10880506;78.53337696335079;0.002757201733081164
210001605636;2020;JAIME DOS SANTOS LOPES;APOSTOLO JAIME;RS;PSC;Partido Social Cristão;NÃO ELEITO;1465;57419.0;10880506;39.193856655290105;0.005277236187361139
210001605648;2000;CARINA BELOME LEMES;CARINA BELOME;RS;PSC;Partido Social Cristão;NÃO ELEITO;4423;56000.0;10880506;12.661089758082749;0.005146819458580327
210001605641;2017;ARTHUR SILVA DA CUNHA;ARTHUR CUNHA;RS;PSC;Partido Social Cristão;NÃO ELEITO;48;0.0;10880506;0.0;0.0
210001605643;2038;FLAVIA CRISTINA ABREU;SARGENTO FLAVIA;RS;PSC;Partido Social Cristão;NÃO ELEITO;1092;50300.0;10880506;46.062271062271066;0.004622946763689116
210001605655;2055;JOSÉ ROBERTO ZUCOLOTTO MOURA;ZÉ ROBERTO;RS;PSC;Partido Social Cristão;NÃO ELEITO;1251;29999.3;10880506;23.980255795363707;0.002757160374710514
210001605649;2027;CARMEM LORENI BIAZOLOR MIRANDA;CARMEM MIRANDA;RS;PSC;Partido Social Cristão;NÃO ELEITO;241;15500.0;10880506;64.31535269709543;0.001424566100142769
210001605637;2060;ROSELANE GARCIA LIMA DA SILVA;ROSE;RS;PSC;Partido Social Cristão;NÃO ELEITO;157;14997.18;10880506;95.52343949044587;0.0013783531758541376
210001605659;2040;MAURICIO MACHADO;MAURICIO MACHADO;RS;PSC;Partido Social Cristão;NÃO ELEITO;474;15000.0;10880506;31.645569620253166;0.0013786123549768734
210001605632;2008;JOSÉ UELINTON ALEXANDRE;ALEXANDRE;RS;PSC;Partido Social Cristão;NÃO ELEITO;231;5850.0;10880506;25.324675324675326;0.0005376588184409806
210001605653;2007;EMERSON CORREA DA SILVA;EMERSON CORREA;RS;PSC;Partido Social Cristão;NÃO ELEITO;1048;55000.0;10880506;52.48091603053435;0.005054911968248536
210001605634;2030;RONALDO LUCIANO RIBEIRO DA SILVA;RONALDO RIBEIRO;RS;PSC;Partido Social Cristão;NÃO ELEITO;400;30000.0;10880506;75.0;0.002757224709953747
110001724781;4390;MIRIAN DE OLIVEIRA;MIRIAN DO PEDRA 90;MT;PV;Partido Verde;NÃO ELEITO;370;30000.0;3658813;81.08108108108108;0.00819938050947124
110001724780;4355;CLEY ROBERTO FERNANDES DA SILVA;ROBERTINHO FERNANDES;MT;PV;Partido Verde;NÃO ELEITO;2789;19000.0;3658813;6.812477590534241;0.005192940989331786
110001723669;4343;FRANCISCO TARQUINIO DALTRO;CHICO DALTRO;MT;PV;Partido Verde;NÃO ELEITO;3342;800478.0;3658813;239.52064631956912;0.21878079038201734
110001675052;1313;ROSA NEIDE SANDES DE ALMEIDA;PROFESSORA ROSA NEIDE;MT;PT;Partido dos Trabalhadores;NÃO ELEITO;124671;2310959.7600000002;3658813;18.536466058666413;0.6316146138105446
110001675053;1300;MARCELO BEDUSCHI;MARCELO BEDUSCHI;MT;PT;Partido dos Trabalhadores;NÃO ELEITO;3069;161050.09;3658813;52.47640599543825;0.04401703229981964
110001675051;1310;JULIER SEBASTIÃO DA SILVA;JULIER;MT;PT;Partido dos Trabalhadores;NÃO ELEITO;7626;168411.0;3658813;22.083792289535797;0.046028862366018705
110001675049;1303;FRANCISCA ALDA FERREIRA DE LIMA;PROFA FRANCISCA CHIQUINHA;MT;PT;Partido dos Trabalhadores;NÃO ELEITO;2519;102394.64;3658813;40.64892417626042;0.027985753849677476
210001611155;5182;KAROLINE WERNER PEREIRA;KAROL WERNER;RS;PATRIOTA;Patriota;NÃO ELEITO;72;18500.0;10880506;256.94444444444446;0.0017002885711381438
210001611157;5177;ALDEMIR FOGAÇA ANTUNES;ALDEMIR FOGAÇA FOGACINHA;RS;PATRIOTA;Patriota;NÃO ELEITO;326;19997.8;10880506;61.342944785276075;0.001837947610157101
210001611171;5155;CLENIO FAVIN;CLENIO FAVIN;RS;PATRIOTA;Patriota;NÃO ELEITO;682;30000.0;10880506;43.988269794721404;0.002757224709953747
210001611170;5133;ARGEU DA SILVA ÁVILA;ÁVILA KING;RS;PATRIOTA;Patriota;NÃO ELEITO;445;29993.0;10880506;67.4;0.002756581357521424
210001611173;5107;LUCIANO GUILHERME CESA;LUCIANO CESA;RS;PATRIOTA;Patriota;NÃO ELEITO;6545;64406.7;10880506;9.840595874713522;0.005919458157552599
210001611159;5120;DAVI CATARINO SANTANA;DAVI SANTANA;RS;PATRIOTA;Patriota;NÃO ELEITO;250;30000.0;10880506;120.0;0.002757224709953747
210001611154;5179;JOÃO MARCOS DOS SANTOS;MARCOS ALMEIRA;RS;PATRIOTA;Patriota;NÃO ELEITO;84;19966.0;10880506;237.6904761904762;0.0018350249519645501
210001611166;5188;GEFERSON DE OLIVEIRA PADILHA;PASTOR GEFERSON PADILHA;RS;PATRIOTA;Patriota;NÃO ELEITO;586;29940.0;10880506;51.092150170648466;0.002751710260533839
210001611160;5123;ELIANE DA SILVA;ELIANE AQUARIUS;RS;PATRIOTA;Patriota;NÃO ELEITO;968;48000.0;10880506;49.586776859504134;0.004411559535925994
210001611164;5121;ESTER MENEGUZZI MARKUS;ESTER MENEGUZZI;RS;PATRIOTA;Patriota;NÃO ELEITO;145;20000.0;10880506;137.93103448275863;0.0018381498066358311
210001611176;5151;PAOLA ALVES SALDIVIA;PAOLA SALDIVIA;RS;PATRIOTA;Patriota;NÃO ELEITO;2325;64999.86;10880506;27.956929032258063;0.0059739740045178045
210001611156;5110;ROGERIO PIZZATTO;PIZZATTO;RS;PATRIOTA;Patriota;NÃO ELEITO;3465;43265.22;10880506;12.486354978354978;0.003976397788852835
210001611168;5199;MARIA IZABEL GARCIA;MARIA IZABEL GARCIA;RS;PATRIOTA;Patriota;NÃO ELEITO;952;20000.0;10880506;21.008403361344538;0.0018381498066358311
210001611169;5122;ANTONIO ROBERTO CEZAR ORNES;ROBERTO ORNES;RS;PATRIOTA;Patriota;NÃO ELEITO;459;60000.0;10880506;130.718954248366;0.005514449419907494
210001611177;5111;PAULO DOS SANTOS MOREIRA;PAULO MOREIRA;RS;PATRIOTA;Patriota;NÃO ELEITO;1019;50038.799999999996;10880506;49.10578999018645;0.004598940527214451
210001611162;5100;RODRIGO DE OLIVEIRA SANTIAGO;RODRIGUINHO;RS;PATRIOTA;Patriota;NÃO ELEITO;259;20000.0;10880506;77.22007722007721;0.0018381498066358311
210001611158;5193;DANIELA CRISTINA DE SOUZA ALVES;PROFE DANIELA;RS;PATRIOTA;Patriota;NÃO ELEITO;79;10000.0;10880506;126.58227848101266;0.0009190749033179156
210001611163;5156;VALNEY LUIZ VARGAS DA SILVA;PROFESSOR VARGAS;RS;PATRIOTA;Patriota;NÃO ELEITO;215;19997.8;10880506;93.01302325581395;0.001837947610157101
210001611175;5170;OTACILIO ROBERTO MACHADO SOARES;PASTOR OTACILIO;RS;PATRIOTA;Patriota;NÃO ELEITO;61;19991.3;10880506;327.7262295081967;0.0018373502114699444
210001611172;5190;CLOVIS PORTELA DOS SANTOS;CLOVIS PORTELA;RS;PATRIOTA;Patriota;NÃO ELEITO;1248;50992.5;10880506;40.859375;0.004686592700743881
210001611167;5152;LUIS VANDER ROSA DA LUZ;SARGENTO VANDER DA LUZ;RS;PATRIOTA;Patriota;NÃO ELEITO;7177;50000.04;10880506;6.966704751288839;0.004595378192889191
210001611174;5102;MARIA ROSA CRESCENTE SIQUEIRA;ROSINHA CRESCENTE;RS;PATRIOTA;Patriota;NÃO ELEITO;284;20000.0;10880506;70.4225352112676;0.0018381498066358311
210001611165;5113;FABIANE ZURCHIMITEN RODRIGUES;FABIANE RODRIGUES;RS;PATRIOTA;Patriota;NÃO ELEITO;161;30000.0;10880506;186.33540372670808;0.002757224709953747
160001600804;1616;SAMUEL DE MATTOS FIGUEIREDO;SAMUEL DE MATTOS;PR;PSTU;Partido Socialista dos Trabalhadores Unificado;NÃO ELEITO;214;0.0;11443208;0.0;0.0
30001640515;5566;PAULO LEITE DE MENDONÇA;PAULO LEITE;AP;PSD;Partido Social Democrático;NÃO ELEITO;680;149278.46;733508;219.52714705882352;0.2035130632522072
30001640518;5522;JEOVANA DA CONCEIÇÃO PEREIRA;GEOVANA CP;AP;PSD;Partido Social Democrático;NÃO ELEITO;753;450809.39;733508;598.684448871182;0.614593692229669
30001640522;5588;GENIVALDO MARVULLI;MARVULLI;AP;PSD;Partido Social Democrático;NÃO ELEITO;145;185916.9;733508;1282.1855172413793;0.2534626752537123
30001640514;5513;AMANDA CAVALCANTE JARDIM;AMANDA CAVALCANTE;AP;PSD;Partido Social Democrático;NÃO ELEITO;59;214926.0;733508;3642.813559322034;0.2930111191697977
30001640520;5518;EDUARDO MONTEIRO DE JESUS;DR. EDUARDO MONTEIRO;AP;PSD;Partido Social Democrático;NÃO ELEITO;869;215106.0;733508;247.53279631760645;0.2932565152663638
30001640517;5555;RAIMUNDO PEREIRA GÓES DA SILVA NETTO;NETTO GÓES;AP;PSD;Partido Social Democrático;NÃO ELEITO;176;0.0;733508;0.0;0.0
30001640521;5569;BERENICE LAZAMÉ DOS SANTOS;PASTORA BERENICE LAZAMÉ;AP;PSD;Partido Social Democrático;NÃO ELEITO;191;196861.0;733508;1030.6858638743456;0.26838289425609535
30001640516;5577;ALDO MAURICIO NASCIMENTO DOS SANTOS;ALDO MAURICIO;AP;PSD;Partido Social Democrático;NÃO ELEITO;1984;379916.0;733508;191.48991935483872;0.5179439079055715
30001640519;5500;ANA PAULA DA COSTA RIBEIRO CARVALHO;PAULA CARVALHO;AP;PSD;Partido Social Democrático;NÃO ELEITO;679;335840.5;733508;494.6104565537555;0.4578552653822453
130001613346;4506;DIMAS TADEU RIBEIRO;TADEU PP;MG;PSDB;Partido da Social Democracia Brasileira;NÃO ELEITO;114;0.0;20538718;0.0;0.0
120001611826;3680;MESSIAS DE SOUZA VIEIRA;MESSIAS DE SOUZA;MS;AGIR;AGIR;NÃO ELEITO;105;0.0;2756700;0.0;0.0
120001611825;3636;DANIEL RODRIGUES JUNIOR;DANIELZINHO;MS;AGIR;AGIR;NÃO ELEITO;375;5000.0;2756700;13.333333333333334;0.001813762832372039
120001611828;3626;VITORIA APARECIDA DE MEDEIROS;VITORIA MEDEIROS;MS;AGIR;AGIR;NÃO ELEITO;40;5000.0;2756700;125.0;0.001813762832372039
120001611827;3655;BENJAMIN DOS SANTOS SENNA;SENNA;MS;AGIR;AGIR;NÃO ELEITO;26;0.0;2756700;0.0;0.0
120001611824;3633;CAMILA MARTINS DE ALMEIDA;CAMILA MARTINS;MS;AGIR;AGIR;NÃO ELEITO;136;5000.0;2756700;36.76470588235294;0.001813762832372039
100001608201;5122;ANTONIO DA CRUZ FILGUEIRA NETO;MARRECA FILHO;MA;PATRIOTA;Patriota;ELEITO POR QP;116246;2025734.3900000001;6775152;17.426271785695853;0.2989946779053813
250001611990;1100;MANOEL MAURICIO SILVA NEVES;MAURICIO NEVES;SP;PP;PROGRESSISTAS;ELEITO POR QP;129731;2765442.08;44420459;21.316740640247897;0.06225604467527002
250001611974;1122;CARLOS ALBERTO DA CUNHA;DELEGADO DA CUNHA;SP;PP;PROGRESSISTAS;ELEITO POR QP;181568;2311255.64;44420459;12.72942170426507;0.05203133177889945
250001611973;1111;BRUNO MARCELLO DE OLIVEIRA LIMA;DELEGADO BRUNO LIMA;SP;PP;PROGRESSISTAS;ELEITO POR QP;461217;2812000.0;44420459;6.096913166687265;0.06330416351618519
260001600237;2345;JAILSON FARIAS DOS SANTOS;PITUXO;SE;CIDADANIA;Cidadania;NÃO ELEITO;2122;20000.0;2209558;9.42507068803016;0.009051584072470602
260001600240;2310;JORDANA OLIVEIRA SANTOS;JORDANA DE NEÓPOLIS;SE;CIDADANIA;Cidadania;NÃO ELEITO;521;1933.25;2209558;3.7106525911708252;0.0008749487454051897
260001600236;2333;LEANDRO MURAD OLIVEIRA;LEANDRO MURAD;SE;CIDADANIA;Cidadania;NÃO ELEITO;5225;20000.0;2209558;3.827751196172249;0.009051584072470602
260001600239;2323;ITAMAR DE SANTANA NASCIMENTO;ITAMAR SANTANA;SE;CIDADANIA;Cidadania;NÃO ELEITO;1126;69812.99;2209558;62.00087921847248;0.03159590741677747
260001600233;2300;LAYSE SANTIAGO COSTA JASMIM;LAYSE SANTIAGO;SE;CIDADANIA;Cidadania;NÃO ELEITO;3570;77608.49;2209558;21.739072829131654;0.03512398859862471
240001647082;2822;JOEL SCHMIDT;JOEL SCHMIDT;SC;PRTB;Partido Renovador Trabalhista Brasileiro;NÃO ELEITO;1270;8199.93;7609601;6.456637795275591;0.0010775768663823504
240001647084;2828;SUELEN SANTANA DE LIMA BARBOSA;SUELEN BARBOSA;SC;PRTB;Partido Renovador Trabalhista Brasileiro;NÃO ELEITO;755;1744.6;7609601;2.310728476821192;0.00022926300603671597
240001647083;2877;ALEXANDRE SILVA DOS SANTOS;PR ALEXANDRE DOS SANTOS;SC;PRTB;Partido Renovador Trabalhista Brasileiro;NÃO ELEITO;113;960.0;7609601;8.495575221238939;0.00012615641739954566
260001600234;4500;EDNALVA FRANCISCA DA SILVA;NALVA DO ORELHINHA DOG;SE;PSDB;Partido da Social Democracia Brasileira;NÃO ELEITO;1616;99166.8;2209558;61.36559405940594;0.04488083136989389
260001600241;4555;ELISÂNGELA BONIFÁCIO NASCIMENTO DE MENEZES;TENENTE ELISÂNGELA;SE;PSDB;Partido da Social Democracia Brasileira;NÃO ELEITO;1882;299943.36;2209558;159.37479277364505;0.1357481270009658
260001600235;4545;DANIEL MAX DA SILVA SANTOS;DANIEL MAX;SE;PSDB;Partido da Social Democracia Brasileira;NÃO ELEITO;554;81063.0;2209558;146.3231046931408;0.03668742798333422
260001600238;4523;HEBERT CARLOS SANTOS PEREIRA PASSOS;HEBERT COLETIVO SOMOS MAIS;SE;PSDB;Partido da Social Democracia Brasileira;NÃO ELEITO;3025;223978.72;2209558;74.0425520661157;0.10136811072621764
40001609212;7077;MARCIO PAIXÃO RIBEIRO;MARCIO PAIXÃO;AM;AVANTE;AVANTE;NÃO ELEITO;2070;55914.33;3941175;27.011753623188408;0.014187223353441551
40001609208;7001;LILIANE ARAUJO DE ALMEIDA;LILIANE ARAÚJO;AM;AVANTE;AVANTE;NÃO ELEITO;2083;149920.39;3941175;71.97330292846856;0.03803951613414781
40001609213;7040;MARCELO AUGUSTO DA EIRA CORRÊA;MARCELO SERAFIM;AM;AVANTE;AVANTE;NÃO ELEITO;16544;138937.13;3941175;8.398037354932303;0.03525271778086485
40001609207;7010;KATIANE GAMA FEITOZA;KATY FEITOZA;AM;AVANTE;AVANTE;NÃO ELEITO;1744;150000.0;3941175;86.0091743119266;0.03805971569392377
40001609210;7044;HISSA NAGIB ABRAHÃO FILHO;HISSA ABRAHÃO;AM;AVANTE;AVANTE;NÃO ELEITO;5869;247919.93;3941175;42.24227807122167;0.06290508033771654
40001609206;7070;DAVID VALENTE REIS;DAVID REIS;AM;AVANTE;AVANTE;NÃO ELEITO;62540;320000.0;3941175;5.1167252958106815;0.08119406014703737
40001609209;7000;LISSANDRO BREVAL SANTIAGO;LISSANDRO BREVAL;AM;AVANTE;AVANTE;NÃO ELEITO;11919;217519.9;3941175;18.249844785636377;0.05519163701180485
40001609205;7007;CRISTINA LÚCIA FERREIRA PAIVA;CRIS PAIVA;AM;AVANTE;AVANTE;NÃO ELEITO;3783;199797.46;3941175;52.81455458630716;0.05069489682645404
40001609211;7022;MARCEL ALEXANDRE DA SILVA;MARCEL ALEXANDRE;AM;AVANTE;AVANTE;NÃO ELEITO;30547;366488.6;3941175;11.997531672504664;0.092989679473761
120001612323;4545;HUMBERTO REZENDE PEREIRA;BETO PEREIRA;MS;PSDB;Partido da Social Democracia Brasileira;ELEITO POR QP;97872;1560277.31;2756700;15.942019270067027;0.5659945986142852
90001700974;1123;JOSÉ NELTO LAGARES DAS MERCÊZ;JOSÉ NELTO;GO;PP;PROGRESSISTAS;ELEITO POR QP;104504;2622467.55;7055228;25.094422701523385;0.3717055706775174
30001667196;2880;MARLENE OLIVEIRA CARDOSO NUNES;MARLENE OLIVEIRA;AP;PRTB;Partido Renovador Trabalhista Brasileiro;NÃO ELEITO;53;0.0;733508;0.0;0.0
30001667200;2855;HERBERT LUIS DE FRANCA JUNIOR;JUNIOR FEDERAL;AP;PRTB;Partido Renovador Trabalhista Brasileiro;NÃO ELEITO;296;1434.55;733508;4.8464527027027025;0.001955738724049363
30001667202;2829;EDMILSON DE OLIVEIRA SILVA;BANANEIRA;AP;PRTB;Partido Renovador Trabalhista Brasileiro;NÃO ELEITO;20;432.55;733508;21.6275;0.0005897004531647917
30001667201;2899;PAULO COSTA SILVA;TENENTE PAULO COSTA;AP;PRTB;Partido Renovador Trabalhista Brasileiro;NÃO ELEITO;196;430.0;733508;2.193877551020408;0.0005862240084634387
180001602515;1111;JULIO FERRAZ ARCOVERDE;JULIO ARCOVERDE;PI;PP;PROGRESSISTAS;ELEITO POR QP;117669;2055408.68;3269200;17.467716050956497;0.6287191606509237
180001602514;1110;ÁTILA DE MELO LIRA;ATILA;PI;PP;PROGRESSISTAS;ELEITO POR QP;92791;2907458.34;3269200;31.333408843530083;0.8893485684571149
30001667199;2812;JUREMA DOS SANTOS GOMES;JU DE JESUS;AP;PRTB;Partido Renovador Trabalhista Brasileiro;NÃO ELEITO;2;0.0;733508;0.0;0.0
30001667204;2822;NEWTON MARCELO NASCIMENTO DOS SANTOS;MARCELO DA CÁRITAS;AP;PRTB;Partido Renovador Trabalhista Brasileiro;NÃO ELEITO;72;434.55;733508;6.035416666666666;0.0005924270764599705
240001610083;1800;MARCOS ALVES SOARES;PROFESSOR MARCOS;SC;REDE;Rede Sustentabilidade;NÃO ELEITO;234;4127.1;7609601;17.637179487179488;0.0005423543231767343
240001610088;1888;RICARDO BRETANHA SCHMIDT;RICARDO BRETANHA;SC;REDE;Rede Sustentabilidade;NÃO ELEITO;234;4110.0;7609601;17.564102564102566;0.0005401071619918048
240001610077;1808;FELIPE SOLLER;SOLLER - PRÓ MEIO AMBIENTE;SC;REDE;Rede Sustentabilidade;NÃO ELEITO;139;3110.0;7609601;22.37410071942446;0.00040869422720061143
240001610087;1881;REINALDO HAAS;REINALDO É O CLIMA;SC;REDE;Rede Sustentabilidade;NÃO ELEITO;136;13095.0;7609601;96.28676470588235;0.0017208523810906774
240001610084;1850;MARIA MARGARETE PHILIPPI CECCONI;MARGARETE PHILIPPI CECCONI;SC;REDE;Rede Sustentabilidade;NÃO ELEITO;150;2414.65;7609601;16.09766666666667;0.0003173162429935551
240001610089;1818;TEREZA CRISTINA PEREIRA BARBOSA;TEREZA DAS ÁGUAS;SC;REDE;Rede Sustentabilidade;NÃO ELEITO;589;10149.5;7609601;17.231748726655347;0.0013337755816632173
130001610994;2255;ANTÔNIO FRANCISCO DE OLIVEIRA FILHO;ZÉ RICO TONIPLAY O REI DO GADO;MG;PL;Partido Liberal;NÃO ELEITO;1217;30000.0;20538718;24.65078060805259;0.0014606559182515676
130001610984;2214;CÉLIA DAS VIRGENS;CÉLIA FERRAZ;MG;PL;Partido Liberal;NÃO ELEITO;521;50239.9;20538718;96.42975047984645;0.002446106908912231
130001610987;2203;EDUARDO SANTOS GUIMARÃES;EDUARDO DA AMBULÃNCIA;MG;PL;Partido Liberal;NÃO ELEITO;1796;30000.0;20538718;16.70378619153675;0.0014606559182515676
70001615922;2222;BEATRIZ KICIS TORRENTS DE SORDI;BIA KICIS;DF;PL;Partido Liberal;ELEITO POR QP;214733;2032531.44;2817068;9.465389297406546;0.7215059913356724
260001668629;4040;JOALDO VIEIRA BARBOSA JUNIOR;JOALDO BARBOSA;SE;PSB;Partido Socialista Brasileiro;NÃO ELEITO;1270;5500.0;2209558;4.330708661417323;0.0024891856199294156
260001668635;4001;LUIZ EDUARDO ALVES DE OLIVA;LUIZ EDUARDO OLIVA;SE;PSB;Partido Socialista Brasileiro;NÃO ELEITO;1087;15042.0;2209558;13.838086476540939;0.00680769638090514
260001668634;4011;ROBSON SILVA SANTANA;ROBSON SANTANA;SE;PSB;Partido Socialista Brasileiro;NÃO ELEITO;277;1000.0;2209558;3.6101083032490973;0.00045257920362353014
260001668631;4000;OSMAR RODRIGUES FARIAS JUNIOR;JUNIOR FARIAS;SE;PSB;Partido Socialista Brasileiro;NÃO ELEITO;2923;1700.0;2209558;0.5815942524803285;0.0007693846461600013
260001727001;4090;ANTIDIO COSTA FILHO;COSTINHA;SE;PSB;Partido Socialista Brasileiro;NÃO ELEITO;601;0.0;2209558;0.0;0.0
260001668630;4013;TATHIANE AQUINO DE ARAUJO;TATHIANE ARAUJO;SE;PSB;Partido Socialista Brasileiro;NÃO ELEITO;1297;50423.9;2209558;38.87733230531997;0.02282080850559252
260001668633;4010;ISIS NATALY OLIVEIRA VIANA;ISIS NATALY;SE;PSB;Partido Socialista Brasileiro;NÃO ELEITO;512;15000.0;2209558;29.296875;0.006788688054352952
260001668636;4077;GILTON SOARES DINIZ;GILTON DA PADARIA;SE;PSB;Partido Socialista Brasileiro;NÃO ELEITO;1650;3499.9;2209558;2.121151515151515;0.0015839819547619931
260001668632;4004;PRISCILA BOAVENTURA SOARES VIEIRA;PRISCILA BOAVENTURA;SE;PSB;Partido Socialista Brasileiro;NÃO ELEITO;5349;15000.0;2209558;2.8042624789680315;0.006788688054352952
250001620265;4071;JOSÉ FLORIANO DE ARAUJO JUNIOR;FLORIANO JUNIOR;SP;PSB;Partido Socialista Brasileiro;NÃO ELEITO;349;39987.95;44420459;114.57865329512893;0.0009002146961155894
250001620276;4045;EVILASIO CAVALCANTE DE FARIAS;DR EVILASIO;SP;PSB;Partido Socialista Brasileiro;NÃO ELEITO;10087;285741.92;44420459;28.327740656290274;0.006432664732257719
250001620273;4060;EDSON FRANCISCO DE SANTANA;EDINHO SANTANA;SP;PSB;Partido Socialista Brasileiro;NÃO ELEITO;9439;69992.3;44420459;7.415224070346436;0.0015756770995995336
250001606104;7700;DAVID JOSE BUENO GOMES;DAVID BUENO;SP;SOLIDARIEDADE;Solidariedade;NÃO ELEITO;12527;307838.69;44420459;24.57401532689391;0.006930110515066943
250001606078;7798;SIRLENE DE LIMA DOMINGUES;DRA SIRLENE;SP;SOLIDARIEDADE;Solidariedade;NÃO ELEITO;185;33600.0;44420459;181.6216216216216;0.0007564082127111744
160001716328;2033;LUCIANA MACIEL DE ALMEIDA;LUCIANA ALMEIDA;PR;PSC;Partido Social Cristão;NÃO ELEITO;524;35000.0;11443208;66.79389312977099;0.0030585828729146583
160001716334;2005;SONIA MARIA PEREIRA DOS SANTOS;SONIA SANTOS;PR;PSC;Partido Social Cristão;NÃO ELEITO;177;20000.0;11443208;112.99435028248588;0.001747761641665519
160001716332;2017;NELSON LUIZ ANTUNES;NELSINHO ANTUNES;PR;PSC;Partido Social Cristão;NÃO ELEITO;718;21440.0;11443208;29.860724233983287;0.0018736004798654362
160001716333;2006;RAFAELLE DE OLIVEIRA PORTUGAL;RAFAELLE PORTUGAL;PR;PSC;Partido Social Cristão;NÃO ELEITO;280;30209.98;11443208;107.89278571428571;0.0026399922119741247
160001716323;2030;JONATAS APARECIDO DOMENCIANO;SARGENTO JATOBÁ;PR;PSC;Partido Social Cristão;NÃO ELEITO;504;20000.0;11443208;39.682539682539684;0.001747761641665519
160001716324;2044;JOSELI DOS SANTOS COLOGNHEZI;JO SANTOS;PR;PSC;Partido Social Cristão;NÃO ELEITO;46;10000.0;11443208;217.3913043478261;0.0008738808208327595
160001716316;2077;ANTONIO JOSÉ PINHEIRO;DR PINHEIRO;PR;PSC;Partido Social Cristão;NÃO ELEITO;65;8578.0;11443208;131.96923076923076;0.000749614968110341
160001716320;2001;DARTAGNAN SCHREDERHOF ALVES DIAS FERREIRA;DARTA DO PROGRAMA DO DARTA;PR;PSC;Partido Social Cristão;NÃO ELEITO;756;30780.0;11443208;40.714285714285715;0.0026898051665232335
160001716315;2004;ADRIANA MACHADO MIRANDA DA CRUZ;ADRIANA MACHADO;PR;PSC;Partido Social Cristão;NÃO ELEITO;668;10500.0;11443208;15.718562874251496;0.0009175748618743975
160001716330;2010;MARCIO AURÉLIO ELESBÃO;CAPOEIRA;PR;PSC;Partido Social Cristão;NÃO ELEITO;704;40000.0;11443208;56.81818181818182;0.003495523283331038
160001716326;2088;JULIANA BATISTA MONTEIRO;TIA JÚ;PR;PSC;Partido Social Cristão;NÃO ELEITO;133;19260.0;11443208;144.81203007518798;0.0016830944609238948
160001716339;2027;EDIMARA ALVES;EDIMARA ALVES;PR;PSC;Partido Social Cristão;NÃO ELEITO;222;20000.0;11443208;90.09009009009009;0.001747761641665519
160001716318;2018;CARLOS EDUARDO ALVES TEIXEIRA DO PRADO;KADU PRADO;PR;PSC;Partido Social Cristão;NÃO ELEITO;1512;29856.46;11443208;19.74633597883598;0.0026090987771960447
160001716322;2024;JOAO FLAUSINO DIAS;LINGUIÇA DO CIRCO;PR;PSC;Partido Social Cristão;NÃO ELEITO;957;14000.0;11443208;14.629049111807733;0.0012234331491658634
160001716327;2066;LINEU JOSE DOS SANTOS;LINEU SANTOS;PR;PSC;Partido Social Cristão;NÃO ELEITO;83;7540.9;11443208;90.85421686746987;0.0006589847881817755
160001716336;2002;VANESSA VALERO MOREIRA;VANESSA VALERO;PR;PSC;Partido Social Cristão;NÃO ELEITO;1358;19994.0;11443208;14.723122238586155;0.0017472373131730192
160001716338;2055;GUSTAVO STRAPASSON;GUSTAVO STRAPASSON;PR;PSC;Partido Social Cristão;NÃO ELEITO;1470;35121.5;11443208;23.892176870748298;0.0030692005248877763
160001724323;2099;REGINALDO JOSE BARBOSA;PELÉ DO GUARITUBA;PR;PSC;Partido Social Cristão;NÃO ELEITO;243;10000.0;11443208;41.1522633744856;0.0008738808208327595
160001716335;2012;VALDIR DE SOUZA;VALDIR DE SOUZA MANINHO;PR;PSC;Partido Social Cristão;NÃO ELEITO;94;500.0;11443208;5.319148936170213;4.3694041041637976e-05
160001716321;2000;GIOVANI AUGUSTO PEREIRA DE MATTOS;GIOVANI MATTOS;PR;PSC;Partido Social Cristão;NÃO ELEITO;10880;51522.0;11443208;4.7354779411764705;0.0045024087650945436
160001716331;2090;MARISA VIEIRA;MARISA VIEIRA;PR;PSC;Partido Social Cristão;NÃO ELEITO;184;10000.0;11443208;54.34782608695652;0.0008738808208327595
160001716329;2003;LUCIANO JOSÉ IGNÁCIO;CAPITÃO IGNÁCIO BOMBEIRO;PR;PSC;Partido Social Cristão;NÃO ELEITO;112;10000.0;11443208;89.28571428571429;0.0008738808208327595
160001716317;2022;BIANCA MENDES PORTELA;BIANCA PORTELA;PR;PSC;Partido Social Cristão;NÃO ELEITO;2366;111073.17;11443208;46.94554945054945;0.009706471297209663
160001716319;2020;DANIEL GODRI JUNIOR;DANIEL GODRI JR;PR;PSC;Partido Social Cristão;NÃO ELEITO;8155;221042.59;11443208;27.1051612507664;0.019316487998819912
100001610036;3012;ANTONIO FLAVIO DE SOUSA FILHO;ANTONIO FLAVIO NOVO;MA;NOVO;Partido Novo;NÃO ELEITO;969;3934.54;6775152;4.0604127966976264;0.00058073088249533
100001610037;3030;IONARA PINHEIRO BISPO;DRA. IONARA ;MA;NOVO;Partido Novo;NÃO ELEITO;528;4.02;6775152;0.007613636363636363;5.933446216409609e-07
100001610039;3003;JOSÉ ANDERSON ABREU ROCHA;ANDERSON ROCHA;MA;NOVO;Partido Novo;NÃO ELEITO;2835;33411.47;6775152;11.785350970017637;0.004931471648163761
100001610035;3055;THIÁRONE BARRÊTO ROCHA;THIARONE ROCHA;MA;NOVO;Partido Novo;NÃO ELEITO;199;1209.82;6775152;6.079497487437186;0.0001785672114810118
100001610038;3000;MARKUS EDUARDO CABRAL TRINTA;MARKUS TRINTA;MA;NOVO;Partido Novo;NÃO ELEITO;1218;25058.95;6775152;20.573850574712644;0.0036986550264850146
100001610034;3040;ISMITIANY PESSOA REZENDE ARAÚJO;ISMITIANY REZENDE;MA;NOVO;Partido Novo;NÃO ELEITO;586;2987.39;6775152;5.0979351535836175;0.00044093328090646526
70001666847;1422;IVONE ARMANDO LUZARDO DE SOUSA;IVONE LUZARDO;DF;PTB;Partido Trabalhista Brasileiro;NÃO ELEITO;943;114769.88;2817068;121.70718981972429;0.04074089798329327
70001666845;1400;DIEGO LUIZ DE SOUSA ARRUDA;DIEGO ARRUDA;DF;PTB;Partido Trabalhista Brasileiro;NÃO ELEITO;447;0.0;2817068;0.0;0.0
70001666849;1414;MARCOS ARAUJO DE MIRANDA;MARCOS MIRANDA;DF;PTB;Partido Trabalhista Brasileiro;NÃO ELEITO;223;0.0;2817068;0.0;0.0
70001666850;1440;NOEME DE OLIVEIRA DA SILVA;PASTORA NOEME;DF;PTB;Partido Trabalhista Brasileiro;NÃO ELEITO;306;29914.2;2817068;97.75882352941177;0.010618912997485328
70001666852;1477;PAULO ROBERTO RIBEIRO DA ROCHA;PAULO BOMBEIRO;DF;PTB;Partido Trabalhista Brasileiro;NÃO ELEITO;865;119934.35;2817068;138.65242774566474;0.042574176413206925
70001666848;1498;JOSE DE PAIVA MACIEL;JOSE MACIEL;DF;PTB;Partido Trabalhista Brasileiro;NÃO ELEITO;311;29235.48;2817068;94.00475884244374;0.010377981646165445
70001666851;1454;PAUL KARSTEN GALLEGUILLOS KEMPF DE FARIAS;PAUL KARSTEN  O DR DAS ARMAS;DF;PTB;Partido Trabalhista Brasileiro;NÃO ELEITO;374;80230.08;2817068;214.51893048128343;0.02847999409314933
70001666853;1456;ODISSÉIA SÂNIA RODRIGUES E SILVA;ODISSÉIA FORÇA BRASIL;DF;PTB;Partido Trabalhista Brasileiro;NÃO ELEITO;79;0.0;2817068;0.0;0.0
70001666846;1441;IRACEMA MARIA DURÃO MOREIRA;IRACEMA DURÃO;DF;PTB;Partido Trabalhista Brasileiro;NÃO ELEITO;211;65000.0;2817068;308.0568720379147;0.023073635425200953
20001725821;9088;JOSE EVANDRO DOS SANTOS JUNIOR;JOSE EVANDRO;AL;PROS;Partido Republicano da Ordem Social;NÃO ELEITO;4;0.0;3127511;0.0;0.0
20001724822;9014;QUELPES OLIVEIRA DANTAS;QUELPES OLIVEIRA;AL;PROS;Partido Republicano da Ordem Social;NÃO ELEITO;2;0.0;3127511;0.0;0.0
20001724819;9011;ARYANA LALESKA SANTOS BARRETO;ARYANA SANTOS;AL;PROS;Partido Republicano da Ordem Social;NÃO ELEITO;24;0.0;3127511;0.0;0.0
20001724821;9044;FABIANA OLIVEIRA DE SOUZA;FABIANA OLIVEIRA;AL;PROS;Partido Republicano da Ordem Social;NÃO ELEITO;26;0.0;3127511;0.0;0.0
20001725823;9077;IZAILDA MELO DA SILVA;IZAILDA MELO;AL;PROS;Partido Republicano da Ordem Social;NÃO ELEITO;16;0.0;3127511;0.0;0.0
20001724820;9090;ROBERVAL CAVALCANTE DA GRAÇA;ROBERVAL DO VALLE;AL;PROS;Partido Republicano da Ordem Social;NÃO ELEITO;21;0.0;3127511;0.0;0.0
20001725822;9055;RUANA BRENDA SALES DA SILVA;RUANA BRENDA;AL;PROS;Partido Republicano da Ordem Social;NÃO ELEITO;3;0.0;3127511;0.0;0.0
30001611415;1414;KASSYO SANTOS RAMOS;KASSYO RAMOS;AP;PTB;Partido Trabalhista Brasileiro;NÃO ELEITO;10472;3169382.5;733508;302.6530271199389;4.3208560779159875
30001739811;1484;KELLY DANTAS DE VASCONCELOS;KELLY DANTAS DA UCRI;AP;PTB;Partido Trabalhista Brasileiro;NÃO ELEITO;772;200000.0;733508;259.0673575129534;0.27266232951787844
30001611418;1407;JOSE LUIS MERCURIO;MERCURIO;AP;PTB;Partido Trabalhista Brasileiro;NÃO ELEITO;2802;730050.35;733508;260.54616345467525;0.9952861454817125
30001731087;1433;IVAN CESAR CARDOSO MARTINS;IVAN CESAR;AP;PTB;Partido Trabalhista Brasileiro;NÃO ELEITO;1013;299975.6;733508;296.1259624876604;0.4089602294726165
30001611419;1455;RENILCE FRANÇA PEREIRA;RENILCE FRANÇA;AP;PTB;Partido Trabalhista Brasileiro;NÃO ELEITO;2585;600000.0;733508;232.1083172147002;0.8179869885536354
30001611417;1470;AFONSO GOMES GUIMARAES;PROMOTOR AFONSO;AP;PTB;Partido Trabalhista Brasileiro;NÃO ELEITO;1461;400000.0;733508;273.7850787132101;0.5453246590357569
30001611420;1415;YURI ALESI DA SILVA ARAUJO;DR YURI ALESI;AP;PTB;Partido Trabalhista Brasileiro;NÃO ELEITO;2896;413812.9;733508;142.89119475138122;0.5641559464927445
30001611416;1400;PATRICIANA GUIMARAES ARAUJO;PATRICIANA GUIMARAES;AP;PTB;Partido Trabalhista Brasileiro;NÃO ELEITO;805;899830.5;733508;1117.8018633540373;1.2267494015061866
30001611414;1422;EDUARDO HENRIQUE ANDRADE DE SIQUEIRA;EDU SIQUEIRA;AP;PTB;Partido Trabalhista Brasileiro;NÃO ELEITO;4131;600000.0;733508;145.24328249818447;0.8179869885536354
70001654167;2727;JOSE OSCAR DA SILVA;OSCAR SILVA;DF;DC;Democracia Cristã;NÃO ELEITO;1448;13482.3;2817068;9.310980662983425;0.004785933459895182
70001654165;2777;IVONE LOPES DE CARVALHO;IVONE LOPES;DF;DC;Democracia Cristã;NÃO ELEITO;244;9000.0;2817068;36.885245901639344;0.0031948110588739783
70001654170;2717;SEBASTIAO JOSE DE SANTANA;SEBAH SANTANA;DF;DC;Democracia Cristã;NÃO ELEITO;339;11981.2;2817068;35.342772861356934;0.0042530744731756566
70001654171;2772;PAULO HENRIQUE DE OLIVEIRA MELO;SGT HENRIQUE;DF;DC;Democracia Cristã;NÃO ELEITO;274;3000.0;2817068;10.94890510948905;0.0010649370196246595
70001654172;2722;LUIZ GONZAGA DE ANDRADE COSTA DE FRANÇA;GONZAGA DA SAÚDE;DF;DC;Democracia Cristã;NÃO ELEITO;359;14900.0;2817068;41.5041782729805;0.005289187197469142
70001654173;2707;MARIA MAECÉ FERREIRA BORGES;BISPA MAÉCE;DF;DC;Democracia Cristã;NÃO ELEITO;112;8600.0;2817068;76.78571428571429;0.003052819456257357
70001654166;2733;CRISTIAN DE OLIVEIRA LIMA;CRISTIAN LIMA;DF;DC;Democracia Cristã;NÃO ELEITO;48;0.0;2817068;0.0;0.0
70001654168;2700;LUCINEIDE MARIA DA SILVA LIMA;PROF. LUCINEIDE;DF;DC;Democracia Cristã;NÃO ELEITO;611;21671.14;2817068;35.46831423895254;0.007692799747822913
70001654169;2799;ANTONIO JOAQUIM DE SOUZA;MAJOR SOUZA;DF;DC;Democracia Cristã;NÃO ELEITO;274;9649.22;2817068;35.21613138686131;0.003425270529500885
250001635941;3501;ABRAHAM BRAGANÇA DE VASCONCELLOS WEINTRAUB;ABRAHAM WEINTRAUB;SP;PMB;Partido da Mulher Brasileira;NÃO ELEITO;4057;135636.66;44420459;33.43274833620902;0.0030534727252593224
250001635948;3522;MARIA CONCEIÇÃO FRANCO DELFINO;MARY FRANCO;SP;PMB;Partido da Mulher Brasileira;NÃO ELEITO;362;1967.0;44420459;5.433701657458563;4.428139745246667e-05
250001635955;3525;CELSO LUIZ PEREIRA;CELSO PEREIRA;SP;PMB;Partido da Mulher Brasileira;NÃO ELEITO;137;1799.95;44420459;13.138321167883213;4.0520742930639234e-05
250001635942;3536;AGNALDO JOSÉ DOS SANTOS;AGNALDO SANTOS;SP;PMB;Partido da Mulher Brasileira;NÃO ELEITO;220;430.52;44420459;1.956909090909091;9.691930468345679e-06
250001635944;3533;JONAS DE CASTRO DIAS;JONAS DE CASTRO CIDADE ADEMAR;SP;PMB;Partido da Mulher Brasileira;NÃO ELEITO;664;0.0;44420459;0.0;0.0
150001619830;1444;JOSÉ MARTINS DE PAIVA;MARTINS O GARI POETA;PB;PTB;Partido Trabalhista Brasileiro;NÃO ELEITO;920;49714.0;3974495;54.03695652173913;0.012508255765826853
150001619827;1415;MARIA DAS GRAÇAS DA SILVA LOURENÇO;LIA LOURENÇO;PB;PTB;Partido Trabalhista Brasileiro;NÃO ELEITO;146;238000.0;3974495;1630.13698630137;0.059881821464110536
150001619829;1441;DANIELLE MAGLIANO DE SANTANA;DANIELLE MAGLIANO;PB;PTB;Partido Trabalhista Brasileiro;NÃO ELEITO;281;201868.6;3974495;718.3935943060499;0.05079100615298296
150001619823;1411;CLENIHER ALBUQUERQUE SOUZA;CLENIER ALBUQUERQUE;PB;PTB;Partido Trabalhista Brasileiro;NÃO ELEITO;233;241756.0;3974495;1037.5793991416308;0.060826847184359274
150001619833;1414;JOSÉ RONALDO VIEIRA SALES JUNIOR;DEDÉ SALES;PB;PTB;Partido Trabalhista Brasileiro;NÃO ELEITO;2814;879050.94;3974495;312.3848400852878;0.221172989272851
150001619825;1456;LAERCIO GONÇALVES BRAGA;LAERCIO BRAGA;PB;PTB;Partido Trabalhista Brasileiro;NÃO ELEITO;797;18000.0;3974495;22.58469259723965;0.004528877253588192
150001619824;1455;JOSINALDO SOUSA DA SILVA;JOSINALDO SOUSA;PB;PTB;Partido Trabalhista Brasileiro;NÃO ELEITO;1433;19711.0;3974495;13.755059316120027;0.004959372196970936
150001619832;1410;MERCIO FRANKLIN DA SILVA SOUZA;MÉRCIO FRANKLIN;PB;PTB;Partido Trabalhista Brasileiro;NÃO ELEITO;872;120000.0;3974495;137.61467889908258;0.030192515023921278
150001619831;1422;MARIO ALESSANDRO DA SILVA GALVÃO;SANDRO GALVÃO;PB;PTB;Partido Trabalhista Brasileiro;NÃO ELEITO;455;12987.8;3974495;28.544615384615383;0.003267786221897373
150001619826;1477;JOSÉ CARLOS DORNELAS TAVARES CABRAL;CARLOS DORNELAS;PB;PTB;Partido Trabalhista Brasileiro;NÃO ELEITO;457;0.0;3974495;0.0;0.0
150001619828;1400;CRECIA TAVARES DE BRITO;CRECIA GALEGA DO RG;PB;PTB;Partido Trabalhista Brasileiro;NÃO ELEITO;883;12000.0;3974495;13.590033975084937;0.0030192515023921276
150001638938;1412;JOSINO JOSÉ DA SILVA NETO;PASTOR JOSINO NETO;PB;PTB;Partido Trabalhista Brasileiro;NÃO ELEITO;296;18000.0;3974495;60.810810810810814;0.004528877253588192
220001713586;1177;TÂNIA TEREZINHA AZEVEDO PIRES DA SILVA;TANIA PIRES;RO;PP;PROGRESSISTAS;NÃO ELEITO;324;67001.3;1581016;206.79413580246916;0.042378635004326336
220001713584;1101;HUDSON DA SILVA MATTOS;HUDSON DE MATTOS;RO;PP;PROGRESSISTAS;NÃO ELEITO;3166;604726.34;1581016;191.00642451042324;0.38249223284267836
220001713591;1111;FRANCISCO CARLOS LONDE RAPOSO JUNIOR;FRANCISCO RAPOSO JR;RO;PP;PROGRESSISTAS;NÃO ELEITO;12288;1038983.42;1581016;84.55268717447917;0.657161863004549
220001713585;1123;SEBASTIÃO FREITAS SILVA;TIÃO FREITAS;RO;PP;PROGRESSISTAS;NÃO ELEITO;570;2213067.6;1581016;3882.5747368421053;1.3997755873438347
220001713583;1100;MARLUCIA DE AGUIAR GOMES DE OLIVEIRA;MARLUCIA;RO;PP;PROGRESSISTAS;NÃO ELEITO;1026;1923122.8800000001;1581016;1874.3887719298248;1.2163841985153852
220001713590;1110;EDSON JORGE KER;EDSON KER;RO;PP;PROGRESSISTAS;NÃO ELEITO;434;124992.51;1581016;288.0011751152074;0.07905834602559367
150001718250;2901;IOLANDA ALVES FEITOZA;IOLANDA ALVES FEITOZA;PB;PCO;Partido da Causa Operária;NÃO ELEITO;6;0.0;3974495;0.0;0.0
150001718248;2929;JOSÉ MARCOS DA SILVA JÚNIOR;JOSÉ MARCOS ;PB;PCO;Partido da Causa Operária;NÃO ELEITO;102;0.0;3974495;0.0;0.0
150001718249;2900;VALTEMBERG ALVES DE ALMEIDA;VALTEMBERG ALVES DE ALMEIDA;PB;PCO;Partido da Causa Operária;NÃO ELEITO;48;0.0;3974495;0.0;0.0
30001653385;4004;JODOVAL FARIAS DA COSTA;JODOVAL;AP;PSB;Partido Socialista Brasileiro;NÃO ELEITO;700;193430.15;733508;276.3287857142857;0.2637055764899633
30001653381;4055;JOSE ROBERTO AFONSO PANTOJA;PROFESSOR ZÉ ROBERTO;AP;PSB;Partido Socialista Brasileiro;NÃO ELEITO;1168;248998.0;733508;213.1832191780822;0.3394618736264635
30001653386;4090;MARIA CRISTINA DO ROSARIO ALMEIDA MENDES;CRISTINA ALMEIDA - NOSSA VOZ;AP;PSB;Partido Socialista Brasileiro;NÃO ELEITO;3591;999993.0;733508;278.4720133667502;1.3633021044078593
30001653383;4040;CARLOS CAMILO GOES CAPIBERIBE;CAMILO CAPIBERIBE;AP;PSB;Partido Socialista Brasileiro;NÃO ELEITO;9631;2549159.39;733508;264.68273180355106;3.4752986879488708
30001653382;4022;MARIA VANIA UCHOA DE AZEVEDO;VANIA UCHOA;AP;PSB;Partido Socialista Brasileiro;NÃO ELEITO;213;49950.36;733508;234.5087323943662;0.06809790758928327
200001613169;3511;MANOEL APARECIDO DE MEDEIROS;CIDINHO MEDEIROS;RN;PMB;Partido da Mulher Brasileira;NÃO ELEITO;855;0.0;3302729;0.0;0.0
200001613167;3555;JOSELIO PEREIRA;JOSELIO PEREIRA;RN;PMB;Partido da Mulher Brasileira;NÃO ELEITO;481;0.0;3302729;0.0;0.0
200001613168;3500;BEATRIZ DOS SANTOS VALLE SILVA;BEATRIZ VALLE;RN;PMB;Partido da Mulher Brasileira;NÃO ELEITO;126;0.0;3302729;0.0;0.0
240001610234;1055;RUTINÉIA FONSECA QUINZEN KOPP;RUTI QUINZEN;SC;REPUBLICANOS;REPUBLICANOS;NÃO ELEITO;1097;220000.0;7609601;200.54694621695532;0.028910845654062545
240001610243;1012;ALMIR FERREIRA BITENCOURT;ALMIR BITENCOURT;SC;REPUBLICANOS;REPUBLICANOS;NÃO ELEITO;2406;57270.2;7609601;23.803075644222776;0.007526045058078603
240001610239;1044;GREYCE PAOLA LOPES SOARES;GREY LOPES;SC;REPUBLICANOS;REPUBLICANOS;NÃO ELEITO;861;194102.5;7609601;225.43844367015097;0.025507579175307615
240001724139;1099;JOÃO MARIA LIMA DO NASCIMENTO;LIMA DO JEC;SC;REPUBLICANOS;REPUBLICANOS;NÃO ELEITO;404;24237.14;7609601;59.992920792079204;0.0031850736983450247
240001610244;1017;CYNTHIA MOTA ETCHANDY LIMA;DRA. CYNTHIA ETCHANDY;SC;REPUBLICANOS;REPUBLICANOS;NÃO ELEITO;5849;273156.6;7609601;46.70141904599076;0.035896310463584095
240001724138;1015;ROGÉRIO DOS SANTOS;PROF. ROGERIO DOS SANTOS;SC;REPUBLICANOS;REPUBLICANOS;NÃO ELEITO;3368;145926.9;7609601;43.327464370546316;0.019176682193981
240001610238;1038;JIAN PAULO CARDOSO;JIAN PAULO;SC;REPUBLICANOS;REPUBLICANOS;NÃO ELEITO;1474;51461.0;7609601;34.912483039348714;0.006762641037289603
240001610246;1007;PAULO HENRIQUE NOBREGA CORAL;DR. PAULO CORAL;SC;REPUBLICANOS;REPUBLICANOS;NÃO ELEITO;1164;105693.57;7609601;90.80203608247423;0.013889502222258435
240001610237;1020;ELAINE CRISTINA CASAS FLORIANO;ELAINE CASAS;SC;REPUBLICANOS;REPUBLICANOS;NÃO ELEITO;1779;159977.71;7609601;89.92563799887577;0.021023140372274447
240001610236;1062;JOSANGELA DA ROSA LOPES;JOSI LOPES;SC;REPUBLICANOS;REPUBLICANOS;NÃO ELEITO;180;400200.0;7609601;2223.3333333333335;0.052591456503435594
240001610235;1022;CARLOS ROBERTO FELIPE;CARLOS FELIPE;SC;REPUBLICANOS;REPUBLICANOS;NÃO ELEITO;5401;99514.0;7609601;18.42510646176634;0.013077426792810818
240001610242;1025;NATAL DE FREITAS;NATAL DE FREITAS;SC;REPUBLICANOS;REPUBLICANOS;NÃO ELEITO;653;10000.0;7609601;15.313935681470138;0.0013141293479119339
240001610245;1010;CLAUDINEI MARQUES;CLAUDINEI MARQUES;SC;REPUBLICANOS;REPUBLICANOS;NÃO ELEITO;39043;627693.27;7609601;16.076973337089875;0.08248701475938094
240001610241;1000;ONIR MOCELLIN;CORONEL MOCELLIN;SC;REPUBLICANOS;REPUBLICANOS;NÃO ELEITO;23541;439368.72;7609601;18.663978590544154;0.0577387329506501
240001610240;1077;LUCAS DE SOUZA ESMERALDINO;LUCAS ESMERALDINO;SC;REPUBLICANOS;REPUBLICANOS;NÃO ELEITO;24275;700088.24;7609601;28.839886302780638;0.09200065023120134
240001610233;1052;IZAELA VIEIRA DIAS BELLO;IZAELA DIAS BELLO;SC;REPUBLICANOS;REPUBLICANOS;NÃO ELEITO;5467;351884.67;7609601;64.36522224254618;0.0462421971927306
170001600160;8080;LUDMILA MEDEIROS OUTTES ALVES;LUDMILA OUTTES;PE;UP;Unidade Popular;NÃO ELEITO;3086;60123.89;9058155;19.482790019442643;0.006637542634234013
170001730172;8000;JOÃO PEDRO SOUZA DA SILVA;JOÃO PEDRO;PE;UP;Unidade Popular;NÃO ELEITO;92;0.0;9058155;0.0;0.0
240001611943;2366;ANDRÉ DALA POSSA;ANDRÉ DALA POSSA;SC;CIDADANIA;Cidadania;NÃO ELEITO;2856;78058.5;7609601;27.33140756302521;0.01025789657039837
250001695271;2701;STELA MARIA ATANÁZIO;STELA ATANÁZIO;SP;DC;Democracia Cristã;NÃO ELEITO;247;5016.0;44420459;20.307692307692307;0.00011292094032616818
250001695260;2700;MAURÍCIO JESUS DE MORAES;JUCA BALA;SP;DC;Democracia Cristã;NÃO ELEITO;413;4000.0;44420459;9.685230024213075;9.004859675133028e-05
250001695287;2745;MARCIA HELENA BARROS BENEDITO;MARCIA;SP;DC;Democracia Cristã;NÃO ELEITO;59;5000.0;44420459;84.7457627118644;0.00011256074593916285
250001695277;2783;CARLOS AUGUSTO LESSA;CARLOS AUGUSTO LESSA;SP;DC;Democracia Cristã;NÃO ELEITO;176;0.0;44420459;0.0;0.0
250001695286;2737;MARCEL BRASIL DE SOUZA MOURA;MARCEL BRASIL;SP;DC;Democracia Cristã;NÃO ELEITO;219;0.0;44420459;0.0;0.0
250001695288;2727;MARIA PAULA BARROS DE OLIVEIRA;PAULA BARROS;SP;DC;Democracia Cristã;NÃO ELEITO;890;4999.4;44420459;5.617303370786517;0.00011254723864965015
250001695262;2711;MONIQUE FERNANDES MACHADO;MONYKE BRASIL;SP;DC;Democracia Cristã;NÃO ELEITO;87;4991.9;44420459;57.37816091954023;0.0001123783975307414
250001695270;2767;ROBERTO SELMER JÚNIOR;SELMER;SP;DC;Democracia Cristã;NÃO ELEITO;225;862.53;44420459;3.8334666666666664;1.9417404038981228e-05
250001695265;2764;JOÃO ROBERTO DE SOUZA;JOÃOZINHO;SP;DC;Democracia Cristã;NÃO ELEITO;275;0.0;44420459;0.0;0.0
250001695268;2789;PAULO PURKYT;DR PAULO PURKYT;SP;DC;Democracia Cristã;NÃO ELEITO;164;500.0;44420459;3.048780487804878;1.1256074593916285e-05
250001695281;2765;ELISA VITÓRIA OLIVEIRA CABARITI;VITÓRIA BOLINHA CURY;SP;DC;Democracia Cristã;NÃO ELEITO;148;4943.9;44420459;33.40472972972973;0.00011129781436972544
250001695283;2790;JOSÉ AUGUSTO FERREIRA;SOLDADO JOSÉ AUGUSTO;SP;DC;Democracia Cristã;NÃO ELEITO;499;0.0;44420459;0.0;0.0
250001695269;2722;ROBERTO ALVES DOS SANTOS;CORONEL ROBERTO ALVES;SP;DC;Democracia Cristã;NÃO ELEITO;979;0.0;44420459;0.0;0.0
250001695275;2770;AILTON BOLIGNARI;DR ECO PLANET;SP;DC;Democracia Cristã;NÃO ELEITO;488;0.0;44420459;0.0;0.0
250001695280;2744;EDIVALDO CORREIA DE OLIVEIRA;EDIVALDO CORREIA;SP;DC;Democracia Cristã;NÃO ELEITO;202;39.99;44420459;0.19797029702970298;9.002608460214246e-07
250001695285;2731;LÉA PICELLI;LÉA PICELLI;SP;DC;Democracia Cristã;NÃO ELEITO;74;3372.36;44420459;45.572432432432436;7.591907143507905e-05
210001696555;2888;ROBERTO CARLOS SARTURI;SARTURI;RS;PRTB;Partido Renovador Trabalhista Brasileiro;NÃO ELEITO;525;25820.5;10880506;49.18190476190476;0.002373097354112024
210001696554;2822;ADEMAR RODRIGUES DE MORAES;ADEMAR MORAES;RS;PRTB;Partido Renovador Trabalhista Brasileiro;NÃO ELEITO;210;8912.12;10880506;42.43866666666667;0.0008190905827357662
210001696549;2800;CARMEN ZOLEIKE FLORES INACIO;CARMEN FLORES;RS;PRTB;Partido Renovador Trabalhista Brasileiro;NÃO ELEITO;979;37710.0;10880506;38.518896833503575;0.0034658314604118596
210001696556;2828;GILSO DA SILVA SARMENTO;GILSON SARMENTO;RS;PRTB;Partido Renovador Trabalhista Brasileiro;NÃO ELEITO;394;8890.0;10880506;22.563451776649746;0.0008170575890496269
210001696550;2899;CRISTIANO DA SILVA PEREIRA;CRIS PEREIRA;RS;PRTB;Partido Renovador Trabalhista Brasileiro;NÃO ELEITO;141;11896.0;10880506;84.36879432624113;0.0010933315049869922
210001696551;2882;ERINEI ARMANDO LOCATELLI;LOCATELLI;RS;PRTB;Partido Renovador Trabalhista Brasileiro;NÃO ELEITO;197;5000.0;10880506;25.380710659898476;0.0004595374516589578
210001696558;2862;MARIA DO CARMO FONTELLA ARAUJO;MARIA DO CARMO;RS;PRTB;Partido Renovador Trabalhista Brasileiro;NÃO ELEITO;104;7500.0;10880506;72.11538461538461;0.0006893061774884367
110001601966;1901;CELIA SERGINA ARRUDA DA SILVA;CELIA ARRUDA;MT;PODE;Podemos;NÃO ELEITO;538;36645.0;3658813;68.11338289962825;0.01001554329231912
110001601967;1977;CESAR LIMA DO NASCIMENTO;DR. CESAR LIMA;MT;PODE;Podemos;NÃO ELEITO;667;71252.7;3658813;106.82563718140929;0.019474266654240048
110001601970;1900;JULIANO DE SOUZA RABELO;CABO JULIANO RABELO;MT;PODE;Podemos;NÃO ELEITO;1251;59982.0;3658813;47.94724220623501;0.0163938413906368
110001601968;1999;CESAR VICENTE DA COSTA;MESTRE CESAR RASEC;MT;PODE;Podemos;NÃO ELEITO;398;29365.29;3658813;73.78213567839197;0.008025906216032358
110001601972;1920;LUCIEDER LUZ DA SILVA;LUCIEDER LUZ;MT;PODE;Podemos;NÃO ELEITO;973;72702.0;3658813;74.71942446043165;0.019870378726652607
110001601973;1935;MANOEL LUIZ NOSCHANG;MANOEL NOSSANGUE;MT;PODE;Podemos;NÃO ELEITO;840;129941.51000000001;3658813;154.6922738095238;0.035514662815508746
110001601969;1919;ELIAMARA ZEFERINI DE ARAUJO;DRA MARA;MT;PODE;Podemos;NÃO ELEITO;3536;114996.9;3658813;32.52174773755656;0.03143011135032044
110001601974;1911;MARCOS DE OLIVEIRA HARTER;DR MARCOS HARTER;MT;PODE;Podemos;NÃO ELEITO;1076;107645.0;3658813;100.0418215613383;0.02942074383140106
110001601971;1915;LEONICE DE SOUZA LOTUFO;LEONICE LOTUFO;MT;PODE;Podemos;NÃO ELEITO;283;19980.0;3658813;70.60070671378092;0.005460787419307846
200001600542;1100;CÍCERO ALVES MARTINS;CÍCERO MARTINS;RN;PP;PROGRESSISTAS;NÃO ELEITO;1412;399885.1;3302729;283.2047450424929;0.12107717587485985
200001600544;1111;CARLOS ALBERTO DE SOUSA ROSADO SEGUNDO;BETO ROSADO;RN;PP;PROGRESSISTAS;NÃO ELEITO;83968;1998218.61;3302729;23.797382455221037;0.6050204573248366
200001600539;1144;MARA REJANE SALDANHA DA COSTA;MARA COSTA;RN;PP;PROGRESSISTAS;NÃO ELEITO;4159;799950.47;3302729;192.3420221207021;0.24220893388467535
200001600543;1133;JOSÉ MARCIONILO DE BARROS LINS NETO;ZÉ LINS;RN;PP;PROGRESSISTAS;NÃO ELEITO;8610;544781.8;3302729;63.273147502903605;0.1649489861263216
200001600537;1129;CLÁUDIA FERREIRA DE FRANÇA OLIVEIRA DE MORAIS;SARGENTO CLÁUDIA;RN;PP;PROGRESSISTAS;NÃO ELEITO;489;303363.13;3302729;620.3744989775051;0.09185226217470462
200001600545;1199;INÁCIO BRILHANTE DE ARAÚJO FILHO;MAJOR BRILHANTE;RN;PP;PROGRESSISTAS;NÃO ELEITO;30157;1404916.8;3302729;46.58675597705342;0.4253805867814162
200001600541;1177;KÉRICLIS ALVES RIBEIRO;KERINHO;RN;PP;PROGRESSISTAS;NÃO ELEITO;3920;400990.25;3302729;102.29343112244898;0.12141179309595186
200001600540;1170;KARLA VERUSKA FERNANDES DA SILVA BARBOSA;KARLA VERUSKA;RN;PP;PROGRESSISTAS;NÃO ELEITO;6585;950937.9;3302729;144.40970387243735;0.28792489483696665
200001600538;1122;JERÔNIMO ALVES;JERÔNIMO DO SERTÃO;RN;PP;PROGRESSISTAS;NÃO ELEITO;9176;496158.52999999997;3302729;54.07133064516129;0.15022683665538406
30001604775;5099;MARCIA REGINA SOUZA GOMES;ORIGINAL DO FALA COMUNIDADE;AP;PSOL;Partido Socialismo e Liberdade;NÃO ELEITO;715;205251.5;733508;287.06503496503495;0.27982176063519415
30001604768;5013;ALINNE DO ROSARIO BRITO;ALINNE BRITO;AP;PSOL;Partido Socialismo e Liberdade;NÃO ELEITO;447;109015.2;733508;243.88187919463087;0.14862169192428712
30001604776;5050;PAULO CESAR LEMOS DE OLIVEIRA;PAULO LEMOS;AP;PSOL;Partido Socialismo e Liberdade;NÃO ELEITO;9240;1299667.8;733508;140.65668831168833;1.771852249736881
30001604771;1899;ANTONIA DE MORAES GUEDES;PROF ANTONIA GUEDES;AP;REDE;Rede Sustentabilidade;NÃO ELEITO;1037;299405.3;733508;288.7225650916104;0.4081827328399963
30001604769;1870;ANDRE LUIZ ALVES DE LIMA;ANDRE LIMA;AP;REDE;Rede Sustentabilidade;NÃO ELEITO;5193;1100001.9;733508;211.82397458116694;1.499645402640462
30001604772;1800;CRISTIANO BEVILACQUA FURLAN;CRISTIANO FURLAN;AP;REDE;Rede Sustentabilidade;NÃO ELEITO;6491;450000.0;733508;69.32676012940995;0.6134902414152266
30001604773;1813;ISAIAS DA SILVA CARVALHO;ISAIAS;AP;REDE;Rede Sustentabilidade;NÃO ELEITO;292;149842.49;733508;513.1592123287671;0.20428201192079704
30001604774;1818;LUCAS ABRAHAO ROSA CEZARIO DE ALMEIDA;LUCAS ABRAHAO;AP;REDE;Rede Sustentabilidade;NÃO ELEITO;8120;1127496.63;733508;138.8542647783251;1.5371292882967873
30001604770;1888;ANNE CHRYSTIANE DA SILVA MARQUES;ANNE MARQUES;AP;REDE;Rede Sustentabilidade;NÃO ELEITO;4133;601350.1;733508;145.49966126300507;0.8198275956090458
120001609240;4400;JOSÉ ALVES DOS SANTOS;ZÉ DA VIOLA;MS;UNIÃO;UNIÃO BRASIL;NÃO ELEITO;5893;341485.65;2756700;57.94767520787375;0.12387479595168137
120001609242;4445;EDNEI MARCELO MIGLIOLI;MARCELO MIGLIOLI;MS;UNIÃO;UNIÃO BRASIL;NÃO ELEITO;9560;831559.6;2756700;86.98322175732217;0.30165037907643194
120001609241;4433;MICHELA MARGARIDA DA SILVA DUTRA;MICHELA DUTRA;MS;UNIÃO;UNIÃO BRASIL;NÃO ELEITO;4728;3080947.4;2756700;651.6386209813875;1.1176215765226538
120001609239;4477;JOÃO LUCAS MARTINS;JOÃO LUCAS;MS;UNIÃO;UNIÃO BRASIL;NÃO ELEITO;6295;339945.8;2756700;54.00250992851469;0.12331621141219573
120001609245;4454;GIOVANA DÁRIO SBARAINI;GIOVANA SBARAINI;MS;UNIÃO;UNIÃO BRASIL;NÃO ELEITO;1770;229363.23;2756700;129.58374576271186;0.08320210033735989
120001609237;4456;ALIRIO VILLASANTI ROMERO;CORONEL VILLASANTI;MS;UNIÃO;UNIÃO BRASIL;NÃO ELEITO;9875;776204.2;2756700;78.60295696202532;0.2815700656582145
120001609238;4422;FLAVIO RENATO ROCHA DE LIMA;DR FLAVIO RENATO;MS;UNIÃO;UNIÃO BRASIL;NÃO ELEITO;5021;339864.9;2756700;67.68868751244773;0.12328686472956797
120001609244;4444;SINDOLEY LUIZ DE SOUZA MORAIS;SINDOLEY MORAIS;MS;UNIÃO;UNIÃO BRASIL;NÃO ELEITO;14096;348861.0;2756700;24.74893586833144;0.12655022309282837
120001609243;4455;NELI APARECIDA SOUZA ABDULAHAD;NELI;MS;UNIÃO;UNIÃO BRASIL;NÃO ELEITO;3051;699735.37;2756700;229.34623729924616;0.25383080132041935
190001723526;3502;SILVANA AZEVEDO DE ARAUJO;SILVANINHA ARAUJO;RJ;PMB;Partido da Mulher Brasileira;NÃO ELEITO;450;0.0;16054524;0.0;0.0
190001723528;3538;ADENAIR MARIA DE MOURA TAYAR;DENA MOURA;RJ;PMB;Partido da Mulher Brasileira;NÃO ELEITO;209;340.0;16054524;1.6267942583732058;2.11778312455729e-05
190001723519;3500;ANDRE LUIZ SILVA GOMES;DR. GOMES ;RJ;PMB;Partido da Mulher Brasileira;NÃO ELEITO;850;2706.0;16054524;3.183529411764706;0.00016855062161917725
190001723521;3553;ALZIRA SEBASTIANA MARQUES REGIS;DRA. ALZIRA MARQUES;RJ;PMB;Partido da Mulher Brasileira;NÃO ELEITO;416;320.0;16054524;0.7692307692307693;1.993207646642155e-05
190001723555;3521;SERGIO LOPES COIMBRA;POLICIAL FEDERAL SERGINHO;RJ;PMB;Partido da Mulher Brasileira;NÃO ELEITO;470;0.0;16054524;0.0;0.0
190001723529;3585;GABRIELA DE ARAUJO TAVARES;GABRIELA VARGAS;RJ;PMB;Partido da Mulher Brasileira;NÃO ELEITO;97;2420.0;16054524;24.948453608247423;0.000150736328277313
190001723524;3578;ANDERSON ALVES BARRETO;PR ANDERSON BARRETO;RJ;PMB;Partido da Mulher Brasileira;NÃO ELEITO;1497;0.0;16054524;0.0;0.0
190001723534;3554;ISABEL DE OLIVEIRA ACIMO;ISABEL ACIMO;RJ;PMB;Partido da Mulher Brasileira;NÃO ELEITO;139;10000.0;16054524;71.94244604316546;0.0006228773895756735
190001723523;3566;SHIRLEI DA SILVA VIEIRA;SHIRLEI SILVA;RJ;PMB;Partido da Mulher Brasileira;NÃO ELEITO;93;0.0;16054524;0.0;0.0
190001723527;3561;ALEXANDRE CARVALHAL DA SILVA;CARVALHAL;RJ;PMB;Partido da Mulher Brasileira;NÃO ELEITO;193;190.97;16054524;0.9894818652849741;1.1895089508726637e-05
190001723525;3549;ANA PAULA DA SILVA CASTRO;PASTORA PAULA;RJ;PMB;Partido da Mulher Brasileira;NÃO ELEITO;221;1020.0;16054524;4.615384615384615;6.35334937367187e-05
190001723522;3556;NORLI MENEGHINI CARLINI LIRA;NORLI CARLINI;RJ;PMB;Partido da Mulher Brasileira;NÃO ELEITO;436;0.0;16054524;0.0;0.0
190001723544;3537;GUARINO VILHENA DA SILVA;GUARINO VILHENA;RJ;PMB;Partido da Mulher Brasileira;NÃO ELEITO;408;2400.0;16054524;5.882352941176471;0.00014949057349816165
190001723557;3562;JOHN ALEX GOMES DOS SANTOS;JOHN WALKER;RJ;PMB;Partido da Mulher Brasileira;NÃO ELEITO;133;5000.0;16054524;37.59398496240601;0.00031143869478783673
190001723551;3580;RODRIGO DOS SANTOS TEIXEIRA;DR RODRIGO TEIXEIRA;RJ;PMB;Partido da Mulher Brasileira;NÃO ELEITO;213;0.0;16054524;0.0;0.0
190001723560;3512;LUIS URSULINO SANTANA;LULA DO QUIOSQUE;RJ;PMB;Partido da Mulher Brasileira;NÃO ELEITO;485;0.0;16054524;0.0;0.0
190001723545;3570;JORGE LEIBE DE SOUZA PEREIRA;JORGE LEIBE;RJ;PMB;Partido da Mulher Brasileira;NÃO ELEITO;667;5000.0;16054524;7.496251874062969;0.00031143869478783673
190001723543;3520;GENIVALDO NOGUEIRA DA SILVA;GENIVALDO NOGUEIRA;RJ;PMB;Partido da Mulher Brasileira;NÃO ELEITO;613;0.0;16054524;0.0;0.0
190001723530;3595;SIRLEI APARECIDA DE OLIVEIRA BUBNOFF;PROFESSORA SIRLEI;RJ;PMB;Partido da Mulher Brasileira;NÃO ELEITO;82;0.0;16054524;0.0;0.0
190001723532;3515;CARLA RENATA LANDES ROSA MEDINA;CARLA ROSA ;RJ;PMB;Partido da Mulher Brasileira;NÃO ELEITO;142;0.0;16054524;0.0;0.0
190001723533;3552;DEBORA OLIVEIRA DE MELO RICIO;PROFESSORA DEBORA DE OLIVEIRA;RJ;PMB;Partido da Mulher Brasileira;NÃO ELEITO;865;21019.75;16054524;24.30028901734104;0.0013092727009533262
190001723536;3501;HELENA ALVES BRANDÃO WITZEL;HELENA WITZEL;RJ;PMB;Partido da Mulher Brasileira;NÃO ELEITO;492;772.0;16054524;1.5691056910569106;4.8086134475242e-05
190001723537;3551;CARLOS EDUARDO NEVES DE JESUS;EDUARDO NEVES;RJ;PMB;Partido da Mulher Brasileira;NÃO ELEITO;630;4380.0;16054524;6.9523809523809526;0.000272820296634145
190001723540;3510;CARLOS ALBERTO QUEIROZ MAIA;SGT MAIA;RJ;PMB;Partido da Mulher Brasileira;NÃO ELEITO;1330;1606.98;16054524;1.2082556390977444;0.00010009515075003158
190001723541;3506;EVANDRO NASCIMENTO DE ABREU;WANDO NASCIMENTO;RJ;PMB;Partido da Mulher Brasileira;NÃO ELEITO;514;0.0;16054524;0.0;0.0
190001723542;3599;FABIO PERALTA DE OLIVEIRA;FABIO PERALTA;RJ;PMB;Partido da Mulher Brasileira;NÃO ELEITO;138;0.0;16054524;0.0;0.0
190001723546;3577;JOSE MARIA FIDELIS DA SILVA;ZE DA RASA;RJ;PMB;Partido da Mulher Brasileira;NÃO ELEITO;255;9160.0;16054524;35.92156862745098;0.000570555688851317
190001723548;3565;LUIZ ELPIDIO MARTINS MANHAES;DR LUIZ ELPIDIO;RJ;PMB;Partido da Mulher Brasileira;NÃO ELEITO;823;330.0;16054524;0.40097205346294046;2.0554953855997226e-05
190001723552;3511;RONALDO LEONARDO DA SILVA;RONALDO LEONARDO;RJ;PMB;Partido da Mulher Brasileira;NÃO ELEITO;147;0.0;16054524;0.0;0.0
190001723553;3545;RUDSON VELASQUES GOMES;RUDSON VELASQUES;RJ;PMB;Partido da Mulher Brasileira;NÃO ELEITO;607;0.0;16054524;0.0;0.0
190001723554;3592;SAULO ANDRE CHAVES DE CARVALHO;SAULO CARVALHO;RJ;PMB;Partido da Mulher Brasileira;NÃO ELEITO;241;13.4;16054524;0.05560165975103735;8.346557020314025e-07
190001723556;3508;JAILTON SOARES BEZERRA;JAILTON BEZERRA;RJ;PMB;Partido da Mulher Brasileira;NÃO ELEITO;177;1020.0;16054524;5.762711864406779;6.35334937367187e-05
190001723558;3576;JOSE NUNES DA SILVA;PROFESSOR NUNES;RJ;PMB;Partido da Mulher Brasileira;NÃO ELEITO;215;395.0;16054524;1.8372093023255813;2.4603656888239104e-05
190001723559;3550;JOSIAS DA SILVA CARVALHO;BISPO JOSIAS CARVALHO DA JUMEB;RJ;PMB;Partido da Mulher Brasileira;NÃO ELEITO;395;0.0;16054524;0.0;0.0
190001723561;3505;PAULO JOSE DOS SANTOS DE OLIVEIRA;BISPO PAULO SANTOS;RJ;PMB;Partido da Mulher Brasileira;NÃO ELEITO;345;0.0;16054524;0.0;0.0
190001723562;3504;VILLER TAVARES BARBOSA;VILLER TAVARES;RJ;PMB;Partido da Mulher Brasileira;NÃO ELEITO;340;4405.0;16054524;12.955882352941176;0.0002743774901080842
190001723563;3503;WASHINGTON LUIZ BERNARDINO DE SOUZA;WASHINGTON SOUZA;RJ;PMB;Partido da Mulher Brasileira;NÃO ELEITO;2056;0.0;16054524;0.0;0.0
190001738698;3522;RENATA NOGUEIRA O DONNELL;RENATA DO CABO CORREA;RJ;PMB;Partido da Mulher Brasileira;NÃO ELEITO;1108;0.0;16054524;0.0;0.0
190001723547;3513;LUIZ ANTONIO RIBEIRO GONÇALVES;SEU LUIZ AU AU;RJ;PMB;Partido da Mulher Brasileira;NÃO ELEITO;523;0.0;16054524;0.0;0.0
190001723535;3535;RENATA DE OLIVEIRA ESTEVES;RENATA ESTEVES;RJ;PMB;Partido da Mulher Brasileira;NÃO ELEITO;1458;1940.0;16054524;1.3305898491083676;0.00012083821357768066
60001668469;1414;BRUNO HOLANDA DOS SANTOS;BRUNO HOLANDA;CE;PTB;Partido Trabalhista Brasileiro;NÃO ELEITO;343;120000.0;8791688;349.8542274052478;0.013649255979056581
60001668470;1433;EDINA NOGUEIRA DE CASTRO ROCHA;EDINA NOGUEIRA;CE;PTB;Partido Trabalhista Brasileiro;NÃO ELEITO;226;0.0;8791688;0.0;0.0
60001668473;1455;ORIEL MOTA FILHO;ORIEL MOTA;CE;PTB;Partido Trabalhista Brasileiro;NÃO ELEITO;471;12500.0;8791688;26.53927813163482;0.001421797497818394
60001668482;1400;JOSÉ GERALDO DE QUEIROS;COWBOY QUEIROZ;CE;PTB;Partido Trabalhista Brasileiro;NÃO ELEITO;164;0.0;8791688;0.0;0.0
60001668485;1421;ENAIDE PAULINO DE SOUZA;ENAIDE PAULINO;CE;PTB;Partido Trabalhista Brasileiro;NÃO ELEITO;81;12500.0;8791688;154.320987654321;0.001421797497818394
60001668481;1422;BENJAMIM BEZERRA DE MENEZES NETO;BENJAMIM BEZERRA;CE;PTB;Partido Trabalhista Brasileiro;NÃO ELEITO;679;120000.0;8791688;176.73048600883652;0.013649255979056581
60001668467;1477;ANTONIO CARLOS ALENCAR REBOUÇAS;CARLOS REBOUÇAS;CE;PTB;Partido Trabalhista Brasileiro;NÃO ELEITO;878;34989.0;8791688;39.8507972665148;0.003979781812093423
60001668472;1412;MAURO LÚCIO SIMÕES COSTA;MAURO COSTA;CE;PTB;Partido Trabalhista Brasileiro;NÃO ELEITO;163;12400.0;8791688;76.07361963190183;0.0014104231178358468
60001668476;1425;JOSÉ AIRTON MACEDO DE SOUSA;PROFESSOR AIRTON MACEDO;CE;PTB;Partido Trabalhista Brasileiro;NÃO ELEITO;206;12500.0;8791688;60.679611650485434;0.001421797497818394
60001728546;1478;MARIA CELIA FERREIRA LOPES DUARTE;CÉLIA LOPES;CE;PTB;Partido Trabalhista Brasileiro;NÃO ELEITO;111;0.0;8791688;0.0;0.0
60001668480;1444;JORDANIA MARIA ALVES DE OLIVEIRA;CABO JORDÂNIA;CE;PTB;Partido Trabalhista Brasileiro;NÃO ELEITO;466;0.0;8791688;0.0;0.0
60001668475;1456;MARIGESIO MOURA DA SILVA;DR MARIGESIO;CE;PTB;Partido Trabalhista Brasileiro;NÃO ELEITO;154;0.0;8791688;0.0;0.0
60001668478;1450;RITA DE CÁSSIA FERREIRA;RITA DE CASSIA;CE;PTB;Partido Trabalhista Brasileiro;NÃO ELEITO;514;0.0;8791688;0.0;0.0
60001668468;1447;ANTONIO ILTON DE SOUSA CASTRO;ILTON DE CASTRO;CE;PTB;Partido Trabalhista Brasileiro;NÃO ELEITO;240;12498.0;8791688;52.075;0.001421570010218743
190001636401;2010;MARCIO GARCIA LINARES;MARCIO GARCIA;RJ;PSC;Partido Social Cristão;NÃO ELEITO;6313;182447.71;16054524;28.900318390622523;0.01136425533388595
190001636376;2060;RONILDO FERREIRA SANTOS;RONILDO FERREIRA;RJ;PSC;Partido Social Cristão;NÃO ELEITO;48;0.0;16054524;0.0;0.0
190001636386;2012;JOAO MAURICIO FERREIRA GONÇALVES;JOAO MAURICIO;RJ;PSC;Partido Social Cristão;NÃO ELEITO;2294;104921.0;16054524;45.737140366172625;0.006535291859166924
190001636394;2033;CARLOS ZALBERTO BOA MORTE FILHO;XARA CARLOS BOA MORTE;RJ;PSC;Partido Social Cristão;NÃO ELEITO;1700;19947.0;16054524;11.733529411764707;0.001242453528986596
190001636375;2006;RENATO MOURA MONTES;RENATO MONTES;RJ;PSC;Partido Social Cristão;NÃO ELEITO;163;0.0;16054524;0.0;0.0
190001636377;2047;SILVIO DA COSTA SANTANA;POLICIAL FEDERAL SILVIOSANTANA;RJ;PSC;Partido Social Cristão;NÃO ELEITO;1084;6720.96;16054524;6.200147601476015;0.00041863340202425185
190001636390;2008;MICHELLE CARDOSO ZACARIAS;MYCHELLE;RJ;PSC;Partido Social Cristão;NÃO ELEITO;274;99973.95;16054524;364.8684306569343;0.00622715130015689
190001636395;2077;WELINGTON CARLOS DE AGUIAR;DR WELINGTON AGUIAR;RJ;PSC;Partido Social Cristão;NÃO ELEITO;190;20000.0;16054524;105.26315789473684;0.001245754779151347
190001636396;2052;MONICA FRAGA DOS SANTOS DIB DA COSTA;MONICA FRAGA;RJ;PSC;Partido Social Cristão;NÃO ELEITO;373;49123.15;16054524;131.69745308310993;0.0030597699439734245
190001636398;2016;AMANDA PADILHA DA SILVA;AMANDINHA DO DEDÉ;RJ;PSC;Partido Social Cristão;NÃO ELEITO;518;19708.99;16054524;38.04824324324325;0.0012276284242373054
190001636385;2005;GISELE SILVA DOS SANTOS BATISTA;GISELE SANTOS;RJ;PSC;Partido Social Cristão;NÃO ELEITO;479;9947.8;16054524;20.767849686847597;0.0006196259696020885
190001636382;2022;EVERALDO DIAS PEREIRA;PR EVERALDO;RJ;PSC;Partido Social Cristão;NÃO ELEITO;9522;2699662.89;16054524;283.51847195967235;0.16815589736575187
190001636397;2018;NIVEA DE FATIMA LUIZ;PROFESSORA NIVEA;RJ;PSC;Partido Social Cristão;NÃO ELEITO;128;19996.4;16054524;156.221875;0.0012455305432911
190001636373;2030;MAURO DOS SANTOS SILVA;MAURO BABO;RJ;PSC;Partido Social Cristão;NÃO ELEITO;453;19410.9;16054524;42.84966887417219;0.0012090610721314443
190001636379;2035;BEATRIZ DOS SANTOS NASCIMENTO;BEATRIZ NASCIMENTO;RJ;PSC;Partido Social Cristão;NÃO ELEITO;191;14972.0;16054524;78.38743455497382;0.0009325720276726983
190001636389;2040;MARCIO ALEXANDRO DE SOUZA;CORONEL MARCIO;RJ;PSC;Partido Social Cristão;NÃO ELEITO;1891;35000.0;16054524;18.508725542041248;0.0021800708635148574
190001636392;2044;ANTONIO COSTA DE BRITO;ZE BONITINHO;RJ;PSC;Partido Social Cristão;NÃO ELEITO;108;0.0;16054524;0.0;0.0
190001636378;2017;THAIDYMILLA ROBERTA DE AZEVEDO PONTES;MILLA PONTES;RJ;PSC;Partido Social Cristão;NÃO ELEITO;301;14841.95;16054524;49.30880398671096;0.0009244715072212668
190001636383;2013;GUILHERME SILVA DE OLIVEIRA;GUILHERME OLIVEIRA;RJ;PSC;Partido Social Cristão;NÃO ELEITO;296;95.0;16054524;0.32094594594594594;5.917335200968898e-06
190001636400;2001;CRISTIANO LINDEMBERG MOREIRA DE MORAGAS;CRISTIANO MORAGAS;RJ;PSC;Partido Social Cristão;NÃO ELEITO;1920;25000.0;16054524;13.020833333333334;0.0015571934739391838
190001636374;2000;GABRIELLY DAMASCENO DA SILVA;GABY DAMASCENO;RJ;PSC;Partido Social Cristão;NÃO ELEITO;1697;1063141.2;16054524;626.4827342368886;0.0662206615406349
190001636384;2025;JAQUELINE LOPES DE ARAUJO;JAQUELINE LOPES;RJ;PSC;Partido Social Cristão;NÃO ELEITO;110;20000.0;16054524;181.8181818181818;0.001245754779151347
190001636391;2056;ANDERSON SILVA DA COSTA;PASTOR ANDERSON COSTA;RJ;PSC;Partido Social Cristão;NÃO ELEITO;386;0.0;16054524;0.0;0.0
190001636380;2007;CARLOS JOSE DE SANTANA;CARLOS SANTANA;RJ;PSC;Partido Social Cristão;NÃO ELEITO;139;0.0;16054524;0.0;0.0
190001636393;2002;CAIO MARCELO DE ARAUJO LOPES;CAIO LOPES;RJ;PSC;Partido Social Cristão;NÃO ELEITO;1336;24645.6;16054524;18.447305389221555;0.0015351186992526218
190001636387;2020;JONATAS RIBEIRO CASTELO BRANCO;PROF JONATAS CASTELO BRANCO;RJ;PSC;Partido Social Cristão;NÃO ELEITO;4501;680506.2;16054524;151.1900022217285;0.042387192544606114
240001602679;1560;VALDIR VITAL COBALCHINI;COBALCHINI;SC;MDB;Movimento Democrático Brasileiro;ELEITO POR QP;98124;1263134.22;7609601;12.872836614895439;0.16599217488538492
200001620413;2000;TASSYO MARDONNY LUCIANO DE ARAÚJO;TASSYO MARDONNY;RN;PSC;Partido Social Cristão;NÃO ELEITO;400;99986.6;3302729;249.96650000000002;0.03027393407088502
200001620409;2020;CAMILA DUMAS DAMÁSIO GEORG;PRETA OPRESSORA;RN;PSC;Partido Social Cristão;NÃO ELEITO;129;190000.0;3302729;1472.8682170542636;0.05752818351127204
200001620407;2011;RICARDO HIRARUY ALENCAR GURGEL;RICARDO GURGEL;RN;PSC;Partido Social Cristão;NÃO ELEITO;527;180000.0;3302729;341.5559772296015;0.05450038437909983
200001620406;2022;NATHAN ERYCK TORQUATO DE QUEIROZ;NATHAN QUEIROZ CAPA LOKA;RN;PSC;Partido Social Cristão;NÃO ELEITO;12225;205000.0;3302729;16.768916155419223;0.06206988220953036
200001620411;2002;GILBERTO MEDEIROS DE MELO;GILBERTO MEDEIROS;RN;PSC;Partido Social Cristão;NÃO ELEITO;196;51507.85;3302729;262.7951530612245;0.015595542353005651
200001620408;2010;ROSANYA MARIA DA SILVA SÁTIRO;ROSA GUERREIRA;RN;PSC;Partido Social Cristão;NÃO ELEITO;744;110019.3;3302729;147.87540322580645;0.033311634106219436
200001620405;2007;ALEX DOS SANTOS GARCIA;ALEX DA RENAVIN;RN;PSC;Partido Social Cristão;NÃO ELEITO;73;50000.0;3302729;684.931506849315;0.015138995660861064
200001620412;2030;LUCI DE ARAUJO DANTAS AZEVEDO;LUCI AZEVEDO;RN;PSC;Partido Social Cristão;NÃO ELEITO;83;20000.0;3302729;240.96385542168676;0.006055598264344425
130001615433;1111;DIMAS FABIANO TOLEDO JUNIOR;DIMAS FABIANO;MG;PP;PROGRESSISTAS;ELEITO POR QP;96395;2764918.1;20538718;28.683210747445408;0.13461979954152933
130001615436;1122;ANTONIO PINHEIRO NETO;PINHEIRINHO;MG;PP;PROGRESSISTAS;ELEITO POR QP;136575;2776274.85;20538718;20.327840746842394;0.1351727430115161
130001615412;1199;ANA PAULA PROCOPIO JUNQUEIRA;ANA PAULA JUNQUEIRA LEAO;MG;PP;PROGRESSISTAS;ELEITO POR QP;77990;2335208.96;20538718;29.942415181433518;0.11369789292593627
240001611140;5577;ISMAEL DOS SANTOS;ISMAEL;SC;PSD;Partido Social Democrático;ELEITO POR QP;110531;1698542.59;7609601;15.367115017506402;0.22321046661973473
60001614170;2201;FRANCISCO DE ASSIS CAVALCANTE NOGUEIRA;DELEGADO CAVALCANTE;CE;PL;Partido Liberal;NÃO ELEITO;24379;661754.7;8791688;27.144456294351695;0.07527049413036495
60001614169;2266;CELSO DOS SANTOS;CELSO SANTOS;CE;PL;Partido Liberal;NÃO ELEITO;783;0.0;8791688;0.0;0.0
130001606150;3320;GASPAR REIS BATISTA DE OLIVEIRA;GASPAR CHAVEIRO;MG;PMN;Partido da Mobilização Nacional;NÃO ELEITO;1252;12800.0;20538718;10.223642172523961;0.0006232131917873355
130001606146;3381;ADRIANA APARECIDA RIBEIRO;SARGENTA  ADRIANA;MG;PMN;Partido da Mobilização Nacional;NÃO ELEITO;175;14100.0;20538718;80.57142857142857;0.0006865082815782368
130001606152;3365;WANDERLEI ESPECHIT VALERIO;DR VANDERLEI;MG;PMN;Partido da Mobilização Nacional;NÃO ELEITO;141;0.0;20538718;0.0;0.0
130001606160;3388;NEUDITE NOGUEIRA SILVA;NEUDITE NOGUEIRA;MG;PMN;Partido da Mobilização Nacional;NÃO ELEITO;330;9930.0;20538718;30.09090909090909;0.0004834771089412689
130001606144;3360;BRUNO CARNEIRO BRAZ;BRUNO BRAZ;MG;PMN;Partido da Mobilização Nacional;NÃO ELEITO;940;6037.25;20538718;6.422606382978723;0.0002939448314154759
130001606166;3315;JOSE GERALDO MENDES DA SILVA;JOSE MENDES DA SILVA PAPAGAIO;MG;PMN;Partido da Mobilização Nacional;NÃO ELEITO;249;0.0;20538718;0.0;0.0
130001606159;3395;ODIRLEI NUNES DA SILVA;PASTOR ODIRLEI NUNES;MG;PMN;Partido da Mobilização Nacional;NÃO ELEITO;104;0.0;20538718;0.0;0.0
130001606156;3336;SARAH REBECA LOPES ASSIS;SARAH REBECA;MG;PMN;Partido da Mobilização Nacional;NÃO ELEITO;100;60000.0;20538718;600.0;0.002921311836503135
130001606184;3390;GLAUCO FERREIRA MARCOLINO;CORONEL GLAUCO;MG;PMN;Partido da Mobilização Nacional;NÃO ELEITO;464;0.0;20538718;0.0;0.0
130001606153;3301;WAGNER TEIXEIRA PIRES;WAGNER TEIXEIRA;MG;PMN;Partido da Mobilização Nacional;NÃO ELEITO;446;400.0;20538718;0.8968609865470852;1.9475412243354235e-05
130001606171;3331;PAULO FRANCISCO GONTIJO DE MELO;PAULINHO TOTONHO;MG;PMN;Partido da Mobilização Nacional;NÃO ELEITO;585;20700.0;20538718;35.38461538461539;0.0010078525835935817
130001606178;3314;MINEIA NUNES DE SOUZA CARVALHO RENDE;MINEIA NUNES;MG;PMN;Partido da Mobilização Nacional;NÃO ELEITO;1408;2000.0;20538718;1.4204545454545454;9.737706121677117e-05
130001606181;3350;VALDIVINO PEREIRA GUIMARAES;VALDIVINO GUIMARES;MG;PMN;Partido da Mobilização Nacional;NÃO ELEITO;3841;156490.0;20538718;40.741994272324916;0.007619268154906261
130001606158;3334;PAULO LEONARDO VILELA CARDOSO;PAULO LEONARDO VILELA CARDOSO;MG;PMN;Partido da Mobilização Nacional;NÃO ELEITO;77;0.0;20538718;0.0;0.0
130001606190;3375;TATIANE APARECIDA MOREIRA;TATIANE MOREIRA;MG;PMN;Partido da Mobilização Nacional;NÃO ELEITO;68;15000.0;20538718;220.58823529411765;0.0007303279591257838
130001606186;3344;RAILDA DA CONCEICAO PEREIRA;RAILDA PEREIRA;MG;PMN;Partido da Mobilização Nacional;NÃO ELEITO;172;10000.0;20538718;58.13953488372093;0.00048688530608385585
130001606162;3343;JANE MARIZA CONDE DE ARAGAO;DRA JANE ARAGAO;MG;PMN;Partido da Mobilização Nacional;NÃO ELEITO;131;0.0;20538718;0.0;0.0
130001606182;3310;SONIA MARIA DE SOUZA;DRA. SONIA SOUZA;MG;PMN;Partido da Mobilização Nacional;NÃO ELEITO;256;0.0;20538718;0.0;0.0
130001606187;3377;ANGELITA MOREIRA ROCHA;ANGELITA MOREIRA ROCHA;MG;PMN;Partido da Mobilização Nacional;NÃO ELEITO;423;129660.0;20538718;306.5248226950355;0.006312954878683275
130001606142;3391;ANDREA CRISTINA BOTELHO;ANDREA BOTELHO;MG;PMN;Partido da Mobilização Nacional;NÃO ELEITO;156;4978.99;20538718;31.91660256410256;0.00024241970701384575
130001606155;3399;RENAN HENRIQUE DE PAULA;RENAN HENRIQUE;MG;PMN;Partido da Mobilização Nacional;NÃO ELEITO;792;269.36;20538718;0.3401010101010101;1.3114742604674742e-05
130001606165;3311;JOAO PAULO MELLO RODRIGUES SARMENTO;JOAO SARMENTO;MG;PMN;Partido da Mobilização Nacional;NÃO ELEITO;1114;16230.0;20538718;14.569120287253142;0.0007902148517740981
130001606154;3355;HENRIQUE JOSE DA SILVA SOUZA;PROFESSOR HENRIQUE JOSE;MG;PMN;Partido da Mobilização Nacional;NÃO ELEITO;1180;149896.1;20538718;127.03059322033899;0.007298220852927627
130001606175;3332;GILSEMAR BARBOSA NOVAIS;PASTOR GIL NOVAIS;MG;PMN;Partido da Mobilização Nacional;NÃO ELEITO;883;5000.0;20538718;5.662514156285391;0.00024344265304192793
130001606173;3369;MARIA SUELI QUIRINO PIO;MARIA SUELI PIO;MG;PMN;Partido da Mobilização Nacional;NÃO ELEITO;96;4978.0;20538718;51.854166666666664;0.00024237150536854344
130001606188;3363;SERGIO RODRIGUES GODINHO;SARGENTO GODINHO;MG;PMN;Partido da Mobilização Nacional;NÃO ELEITO;1254;32440.0;20538718;25.869218500797448;0.0015794559329360284
130001671997;3321;RAILDA RODRIGUES DA SILVA OLIVEIRA;PROFESSORA RAILDA;MG;PMN;Partido da Mobilização Nacional;NÃO ELEITO;196;0.0;20538718;0.0;0.0
130001671996;3383;LEONARDO MONTEIRO DA SILVA;LEO SUPERVISOR;MG;PMN;Partido da Mobilização Nacional;NÃO ELEITO;463;1280.0;20538718;2.7645788336933044;6.232131917873355e-05
130001606149;3389;FLAVIA TATIANE TOBIAS DA SILVA;FLAVIA TOBIAS;MG;PMN;Partido da Mobilização Nacional;NÃO ELEITO;123;4990.53;20538718;40.57341463414634;0.0002429815726570665
130001606170;3356;MARIA DA GLORIA DOS SANTOS CHAVES;GLORINHA DO SAO COSME;MG;PMN;Partido da Mobilização Nacional;NÃO ELEITO;294;15000.0;20538718;51.02040816326531;0.0007303279591257838
130001606192;3340;MARCOS ROBERTO MONTEIRO DOS SANTOS;ROBERTINHO DA 40;MG;PMN;Partido da Mobilização Nacional;NÃO ELEITO;843;19798.0;20538718;23.485172004744957;0.0009639355289848178
130001606191;3337;ERICK SANTOS NAZARETH;ERICK SANTOS;MG;PMN;Partido da Mobilização Nacional;NÃO ELEITO;50;0.0;20538718;0.0;0.0
130001606161;3323;JERRY ARARIPY ANDRADE COIMBRA;SARGENTO JERRY ANDRADE;MG;PMN;Partido da Mobilização Nacional;NÃO ELEITO;296;9993.0;20538718;33.76013513513514;0.00048654448636959715
130001606172;3384;PATRICIA FRANCELI DA SILVA;PATRICIA FRANCIELI;MG;PMN;Partido da Mobilização Nacional;NÃO ELEITO;14;0.0;20538718;0.0;0.0
130001606167;3333;HELVIO VIEIRA MAIA;HELVIO MAIA;MG;PMN;Partido da Mobilização Nacional;NÃO ELEITO;10679;432090.72;20538718;40.461721134937726;0.021037862246319365
130001606176;3338;JOSE EDUARDO SIMOES MENDONCA;ZÉ EDUARDO;MG;PMN;Partido da Mobilização Nacional;NÃO ELEITO;5085;299544.67;20538718;58.9075063913471;0.01458438983387376
130001606193;3370;RENATO PENHA DE OLIVEIRA;RENATO CORONEL;MG;PMN;Partido da Mobilização Nacional;NÃO ELEITO;945;10000.0;20538718;10.582010582010582;0.00048688530608385585
130001606147;3322;CLEITON XAVIER DA SILVA;CLEITON XAVIER;MG;PMN;Partido da Mobilização Nacional;NÃO ELEITO;10670;853010.0;20538718;79.94470477975632;0.04153180349425899
130001606183;3325;MARIA HELENA CORNELIO DA SILVA;MARIA  HELENA ;MG;PMN;Partido da Mobilização Nacional;NÃO ELEITO;122;5000.0;20538718;40.98360655737705;0.00024344265304192793
130001606177;3307;MILTON DE SOUZA LIMA;MILTON LEAO;MG;PMN;Partido da Mobilização Nacional;NÃO ELEITO;27;0.0;20538718;0.0;0.0
130001606179;3347;SANDRA ALVES DE OLIVEIRA;SANDRA ALVES;MG;PMN;Partido da Mobilização Nacional;NÃO ELEITO;43;4800.0;20538718;111.62790697674419;0.0002337049469202508
130001606168;3351;MARCELO DE CASTRO DOCO;MARCELO DOCO;MG;PMN;Partido da Mobilização Nacional;NÃO ELEITO;226;0.0;20538718;0.0;0.0
130001606151;3330;SERGIO MACHADO DE ANDRADE;SERGIO PATORO;MG;PMN;Partido da Mobilização Nacional;NÃO ELEITO;150;2000.0;20538718;13.333333333333334;9.737706121677117e-05
130001606163;3303;LUIZ CARLOS LOURES MARTINS;LUIZ DA DESTAK;MG;PMN;Partido da Mobilização Nacional;NÃO ELEITO;1104;19968.0;20538718;18.08695652173913;0.0009722125791882433
130001606164;3302;DIEGO MORAES DELGADO;DIEGO DELGADO;MG;PMN;Partido da Mobilização Nacional;NÃO ELEITO;936;0.0;20538718;0.0;0.0
130001606185;3380;WILSON NOGUEIRA BARBOSA;WILSON NOGUEIRA;MG;PMN;Partido da Mobilização Nacional;NÃO ELEITO;134;20000.0;20538718;149.2537313432836;0.0009737706121677117
130001606145;3367;FABIO ANTONIO DE CARVALHO JUNIOR;FABIO CARVALHO JUNIOR;MG;PMN;Partido da Mobilização Nacional;NÃO ELEITO;442;0.0;20538718;0.0;0.0
130001606143;3345;DENIVAL RODRIGUES DOS SANTOS;FEINHO LOCUTOR;MG;PMN;Partido da Mobilização Nacional;NÃO ELEITO;8174;87799.54;20538718;10.741318815757278;0.004274830590692174
130001606148;3300;ELTON GERALDO TAVARES;SARGENTO ELTON;MG;PMN;Partido da Mobilização Nacional;NÃO ELEITO;10873;111988.3;20538718;10.299668904626138;0.005452545772331068
130001606169;3312;MARCIO BARBOSA RIBEIRO;MARCIO CHUPA CABRA;MG;PMN;Partido da Mobilização Nacional;NÃO ELEITO;1478;5000.0;20538718;3.3829499323410013;0.00024344265304192793
130001606174;3328;JOSE MAURICIO CORREIA;MAURICIO POETA;MG;PMN;Partido da Mobilização Nacional;NÃO ELEITO;284;0.0;20538718;0.0;0.0
130001606189;3335;LAFAETE EUZEBIO SIQUEIRA;SARGENTO LAFAETE;MG;PMN;Partido da Mobilização Nacional;NÃO ELEITO;391;11200.0;20538718;28.644501278772378;0.0005453115428139185
130001606180;3366;SANDRO DRUMOND MACHADO;SANDRO FUSCA;MG;PMN;Partido da Mobilização Nacional;NÃO ELEITO;11980;297461.31;20538718;24.82982554257095;0.014482954096745474
150001718128;1200;EMMANUEL BEZERRA DE SANTANA;MIMINHO;PB;PDT;Partido Democrático Trabalhista;NÃO ELEITO;339;35000.0;3974495;103.2448377581121;0.008806150215310372
150001718126;1237;GILVANDRO SOARES DA SILVA;GILVANDRO SILVA;PB;PDT;Partido Democrático Trabalhista;NÃO ELEITO;263;31574.27;3974495;120.05425855513307;0.007944221844536224
150001725482;1257;IOLANDA AMERICO DA SILVA;IOLANDA AMERICO;PB;PDT;Partido Democrático Trabalhista;NÃO ELEITO;137;35000.0;3974495;255.47445255474452;0.008806150215310372
150001718124;1234;EVANILDO MENDES DE LACERDA FILHO;NILDO LACERDA;PB;PDT;Partido Democrático Trabalhista;NÃO ELEITO;2531;84956.5;3974495;33.566376926116156;0.021375420021914733
150001718125;1212;FERNANDO ANTONIO SOUZA MEDEIROS GUEDES;FERNANDO MEDEIROS;PB;PDT;Partido Democrático Trabalhista;NÃO ELEITO;1268;86086.06;3974495;67.89121451104101;0.021659622165834905
150001737743;1211;EVILLIANE LINS TENÓRIO;VIVI LINS ENFERMEIRA;PB;PDT;Partido Democrático Trabalhista;NÃO ELEITO;435;44991.3;3974495;103.42827586206897;0.011320004176631246
150001718129;1251;IGOR JUAREZ DE PONTES;IGOR CASABLANCAS;PB;PDT;Partido Democrático Trabalhista;NÃO ELEITO;346;50026.0;3974495;144.58381502890174;0.012586756304889049
150001718121;1222;MAYANNE BASTOS MAIA LORENZO;MAYANNE BASTOS;PB;PDT;Partido Democrático Trabalhista;NÃO ELEITO;688;72829.09;3974495;105.85623546511627;0.018324111616695955
220001600708;4422;FERNANDO RODRIGUES MÁXIMO;DR FERNANDO MÁXIMO;RO;UNIÃO;UNIÃO BRASIL;ELEITO POR QP;85604;2330111.95;1581016;27.219662048502407;1.473806685068336
200001603652;1311;NATÁLIA BASTOS BONAVIDES;NATÁLIA BONAVIDES;RN;PT;Partido dos Trabalhadores;ELEITO POR QP;157565;2316179.56;3302729;14.699835369530035;0.7012926461723018
260001728384;4444;YANDRA BARRETO FERREIRA;YANDRA DE ANDRÉ;SE;UNIÃO;UNIÃO BRASIL;ELEITO POR QP;131471;3243514.88;2209558;24.670953137954378;1.4679473813314698
180001610762;1310;FLORENTINO ALVES VERAS NETO;FLORENTINO NETO;PI;PT;Partido dos Trabalhadores;ELEITO POR QP;105739;1110088.39;3269200;10.498381770207775;0.33955964456136056
180001610756;1311;REJANE RIBEIRO SOUSA DIAS;REJANE DIAS;PI;PT;Partido dos Trabalhadores;ELEITO POR QP;125774;2683381.71;3269200;21.33494768394104;0.820806836534932
180001610755;1313;FRANCISCO DE ASSIS DE OLIVEIRA COSTA;DR. FRANCISCO;PI;PT;Partido dos Trabalhadores;ELEITO POR QP;128080;1468469.58;3269200;11.465252810743285;0.44918315795913377
60001668471;1415;EDUARDO DA SILVA DOS SANTOS;EDUARDO SANTOS;CE;PTB;Partido Trabalhista Brasileiro;NÃO ELEITO;131;0.0;8791688;0.0;0.0
60001732736;1445;DANIELE LINO MAGALHÃES;DANIELE LINO;CE;PTB;Partido Trabalhista Brasileiro;NÃO ELEITO;80;0.0;8791688;0.0;0.0
60001668479;1499;LUZILANE DE SOUZA SILVA;LUZILANE SOUZA;CE;PTB;Partido Trabalhista Brasileiro;NÃO ELEITO;506;40000.0;8791688;79.05138339920948;0.00454975199301886
60001668483;1470;RAYANA MARIA MILEM GUERRA;RAYANA GUERRA;CE;PTB;Partido Trabalhista Brasileiro;NÃO ELEITO;909;384976.3;8791688;423.5162816281628;0.04378866720475067
60001733366;1441;SUENY RABELO DANTAS;SUENY RABELO;CE;PTB;Partido Trabalhista Brasileiro;NÃO ELEITO;108;0.0;8791688;0.0;0.0
270001654159;1011;ANTONIO POINCARE ANDRADE FILHO;TOINHO ANDRADE;TO;REPUBLICANOS;REPUBLICANOS;ELEITO POR QP;63813;846088.0;1511459;13.258865748358485;0.5597823030594942
190001723564;3588;WELLINGTON RODRIGUES SOARES;WELLINGTON RODRIGUES;RJ;PMB;Partido da Mulher Brasileira;NÃO ELEITO;1146;2812.5;16054524;2.4541884816753927;0.00017518426581815817
140001721309;2800;ANTONIO ALVES MENDES;LOURINHO;PA;PRTB;Partido Renovador Trabalhista Brasileiro;NÃO ELEITO;1521;0.0;8116132;0.0;0.0
140001721316;2822;GABRIEL BATALHA MIRANDA DE OLIVEIRA;GABRIEL BATALHA;PA;PRTB;Partido Renovador Trabalhista Brasileiro;NÃO ELEITO;858;0.0;8116132;0.0;0.0
140001721312;2812;CLEBER FERREIRA DA COSTA;CLEBER PARABRISA;PA;PRTB;Partido Renovador Trabalhista Brasileiro;NÃO ELEITO;109;0.0;8116132;0.0;0.0
140001721315;2817;MARIA ESMERALDA BARROS ARAUJO EVANGELISTA;ALDA  EVANGELISTA;PA;PRTB;Partido Renovador Trabalhista Brasileiro;NÃO ELEITO;134;0.0;8116132;0.0;0.0
140001721311;2801;BRUNO CLISMAN CHAGAS PEREIRA;BRUNO CLISMAN;PA;PRTB;Partido Renovador Trabalhista Brasileiro;NÃO ELEITO;142;0.0;8116132;0.0;0.0
140001732789;2855;MARCELA RAMOS DE MATOS;ENF. MARCELA RAMOS;PA;PRTB;Partido Renovador Trabalhista Brasileiro;NÃO ELEITO;180;0.0;8116132;0.0;0.0
140001721314;2810;LUIZ EVANDRO PIRES DE OLIVEIRA;SUBOFICIAL PIRES;PA;PRTB;Partido Renovador Trabalhista Brasileiro;NÃO ELEITO;364;950.0;8116132;2.60989010989011;0.00011705083160303455
140001721317;2828;KLEBER DURANS MATOS;KLEBER DURANS;PA;PRTB;Partido Renovador Trabalhista Brasileiro;NÃO ELEITO;31;0.0;8116132;0.0;0.0
140001721310;2808;ALESSANDRA PINHEIRO TENORIO;ALESSANDRA PINHEIRO;PA;PRTB;Partido Renovador Trabalhista Brasileiro;NÃO ELEITO;525;0.0;8116132;0.0;0.0
140001721313;2877;JOAO BATISTA RODRIGUES DE OLIVEIRA;JOAO CORAGEM;PA;PRTB;Partido Renovador Trabalhista Brasileiro;NÃO ELEITO;2635;0.0;8116132;0.0;0.0
60001634340;8080;LINIK SUED CARVALHO DA MOTA;SUED CARVALHO;CE;UP;Unidade Popular;NÃO ELEITO;2140;10000.0;8791688;4.672897196261682;0.001137437998254715
80001621243;3600;ANA BORGES ALMEIDA;ANA BORGES;ES;AGIR;AGIR;NÃO ELEITO;37;0.0;3833486;0.0;0.0
80001621241;3690;OSMAR DE JESUS MATOS;OSMAR MATOS;ES;AGIR;AGIR;NÃO ELEITO;68;0.0;3833486;0.0;0.0
80001621242;3636;PASCOALINO DA COSTA BARBOSA;PASCOAL COSTA;ES;AGIR;AGIR;NÃO ELEITO;71;0.0;3833486;0.0;0.0
230001602190;2814;GLEISSON MORAIS DA SILVA;GLEISSON MORAIS;RR;PRTB;Partido Renovador Trabalhista Brasileiro;NÃO ELEITO;88;0.0;636303;0.0;0.0
230001602196;2828;HAYDEE LUCAS PARREIRA;HAYDEE PARREIRA;RR;PRTB;Partido Renovador Trabalhista Brasileiro;NÃO ELEITO;37;0.0;636303;0.0;0.0
230001602188;2822;ANTONIO PEREIRA MATOS;MARRETA;RR;PRTB;Partido Renovador Trabalhista Brasileiro;NÃO ELEITO;62;0.0;636303;0.0;0.0
230001602195;2844;SARA DO NASCIMENTO LOPES;SARA LOPES;RR;PRTB;Partido Renovador Trabalhista Brasileiro;NÃO ELEITO;65;0.0;636303;0.0;0.0
230001602194;2829;WALDEMIR MACHADO DE AMORIM;NEGÃO FORTE SOM;RR;PRTB;Partido Renovador Trabalhista Brasileiro;NÃO ELEITO;38;0.0;636303;0.0;0.0
230001602189;2800;DIOMAR POLICARPO DE AMARAL;BAIXINHO DO GRÊMIO;RR;PRTB;Partido Renovador Trabalhista Brasileiro;NÃO ELEITO;134;0.0;636303;0.0;0.0
230001602193;2808;VICTÓRIA AYRES ROCHA DOS SANTOS;VIVI ROCHA;RR;PRTB;Partido Renovador Trabalhista Brasileiro;NÃO ELEITO;24;0.0;636303;0.0;0.0
90001645000;2818;ALAIDE VIGIANA DE MOURA;DRA. ALAÍDES;GO;PRTB;Partido Renovador Trabalhista Brasileiro;NÃO ELEITO;315;5000.0;7055228;15.873015873015873;0.0007086943185960822
90001645012;2812;ANISIO DE OLIVEIRA;DR. ANISIO DE OLIVEIRA;GO;PRTB;Partido Renovador Trabalhista Brasileiro;NÃO ELEITO;947;5000.0;7055228;5.279831045406547;0.0007086943185960822
90001645005;2800;DANIEL ALVES CALDEIRA;DANIEL CALDEIRA;GO;PRTB;Partido Renovador Trabalhista Brasileiro;NÃO ELEITO;1876;61500.0;7055228;32.782515991471215;0.008716940118731812
90001645015;2877;NAYARA BARCELOS FERREIRA;NAYARA BARCELOS;GO;PRTB;Partido Renovador Trabalhista Brasileiro;NÃO ELEITO;15230;144603.5;7055228;9.494648719632306;0.020495935779821714
90001644999;2825;CAMILA COSTA GOMIDE;CAMILA COSTA ;GO;PRTB;Partido Renovador Trabalhista Brasileiro;NÃO ELEITO;209;10000.0;7055228;47.84688995215311;0.0014173886371921644
90001645003;2833;MEYRE MARIA DA CONCEIÇÃO;GALEGA DA DINIZ;GO;PRTB;Partido Renovador Trabalhista Brasileiro;NÃO ELEITO;973;18498.35;7055228;19.011664953751282;0.0026219351096803674
90001645006;2828;HELEANDRO FERREIRA DE SENA;LEANDRO SENA;GO;PRTB;Partido Renovador Trabalhista Brasileiro;NÃO ELEITO;8480;81631.0;7055228;9.626297169811322;0.011570285184263358
90001645008;2829;IGOR RECELLY FRANCO DE FREITAS;IGOR FRANCO;GO;PRTB;Partido Renovador Trabalhista Brasileiro;NÃO ELEITO;16026;106341.0;7055228;6.635529764133284;0.015072652506765196
90001645013;2823;JAIR GONÇALVES NUNES;JAIR NUNES;GO;PRTB;Partido Renovador Trabalhista Brasileiro;NÃO ELEITO;1005;51903.0;7055228;51.644776119402984;0.0073566722436184916
90001644998;2822;WAGNER CAMARGO DA COSTA MACEDO;CAPITÃO WAGÃO;GO;PRTB;Partido Renovador Trabalhista Brasileiro;NÃO ELEITO;1381;10000.0;7055228;7.24112961622013;0.0014173886371921644
90001645004;2890;JOMARI ANTÔNIO CORREIA LEITE;JOMARI LEITE;GO;PRTB;Partido Renovador Trabalhista Brasileiro;NÃO ELEITO;797;12000.0;7055228;15.0564617314931;0.0017008663646305973
90001645007;2899;VICTOR HUGO MONTEIRO DE ANDRADE;VICTOR DIMBA;GO;PRTB;Partido Renovador Trabalhista Brasileiro;NÃO ELEITO;2927;80159.8;7055228;27.386334130509056;0.011361758967959646
90001645011;2888;LILIANE DA COSTA MENDES;LILIANE COSTA;GO;PRTB;Partido Renovador Trabalhista Brasileiro;NÃO ELEITO;5205;42100.0;7055228;8.08837656099904;0.005967206162579012
90001645002;2808;JOAO MARTINS ARRUDA SOBRINHO;BATIHÁ;GO;PRTB;Partido Renovador Trabalhista Brasileiro;NÃO ELEITO;415;0.0;7055228;0.0;0.0
90001645014;2821;ZAIRA PERES SIQUEIRA;ZAIRA CAMINHONEIRA;GO;PRTB;Partido Renovador Trabalhista Brasileiro;NÃO ELEITO;949;31886.2;7055228;33.599789251844044;0.004519513756323679
90001645001;2870;THYAGO GERALDO DE OLIVEIRA GALDENES;THYAGO GALDENES;GO;PRTB;Partido Renovador Trabalhista Brasileiro;NÃO ELEITO;2759;26177.0;7055228;9.487857919536063;0.003710298235577929
90001645009;2844;EDSON PEREIRA GERALDINO;EDINHO DA ARANTINA;GO;PRTB;Partido Renovador Trabalhista Brasileiro;NÃO ELEITO;1894;66000.0;7055228;34.84688489968321;0.009354765005468285
90001728125;2855;JOSMAR DOS SANTOS MOURA;JOSMAR MOURA;GO;PRTB;Partido Renovador Trabalhista Brasileiro;NÃO ELEITO;578;12000.0;7055228;20.761245674740483;0.0017008663646305973
80001721784;7000;EDUARDO CORREIA;DR EDUARDO CORREIA;ES;AVANTE;AVANTE;NÃO ELEITO;664;4810.0;3833486;7.243975903614458;0.0012547326376045197
80001721785;7077;IVONETE ROCHA DA FONSECA FONTOURA;IVONETE ROCHA;ES;AVANTE;AVANTE;NÃO ELEITO;349;0.0;3833486;0.0;0.0
80001721780;7088;SAULO BUSSOLAR MARIA;SAULO BUSSOLAR;ES;AVANTE;AVANTE;NÃO ELEITO;1026;1090.0;3833486;1.0623781676413255;0.00028433650207669993
80001721783;7018;VERÔNICA SEPULCRO BASTOS;VERÔNICA SEPULCRO;ES;AVANTE;AVANTE;NÃO ELEITO;505;0.0;3833486;0.0;0.0
80001721789;7020;MIGUEL MATES SANTOS;MIGUEL DA POLICLINICA;ES;AVANTE;AVANTE;NÃO ELEITO;57;0.0;3833486;0.0;0.0
80001730774;7007;REGINALDO ROSA;REGINALDO ROSA;ES;AVANTE;AVANTE;NÃO ELEITO;56;0.0;3833486;0.0;0.0
80001721788;7010;SHEILA RAMOS MOSCHEN;SHEILA MOSCHEN;ES;AVANTE;AVANTE;NÃO ELEITO;319;997.52;3833486;3.1270219435736677;0.0002602122454601373
30001621527;5118;ALZENI NATIVIDADE DA CONCEIÇÃO;ALZE NATIVIDADE;AP;PATRIOTA;Patriota;NÃO ELEITO;176;69000.0;733508;392.04545454545456;0.09406850368366808
30001621530;5115;BENERAN ULISSES DOS SANTOS;BENERAN DOS SANTOS;AP;PATRIOTA;Patriota;NÃO ELEITO;212;57499.0;733508;271.22169811320754;0.07838905642474248
30001621534;5111;SILVIO ROBERTO LOPES NEGRÃO;ROBERTO NEGRÃO;AP;PATRIOTA;Patriota;NÃO ELEITO;144;55500.0;733508;385.4166666666667;0.07566379644121128
30001621529;5199;PAULO SERGIO GAHMA DOS SANTOS;PROFESSOR SERGINHO GAHMÃ;AP;PATRIOTA;Patriota;NÃO ELEITO;124;29410.0;733508;237.17741935483872;0.04009499555560403
30001621535;5112;VANUZA MUNIZ AGUIAR;VANUZA MUNIZ;AP;PATRIOTA;Patriota;NÃO ELEITO;78;29000.0;733508;371.79487179487177;0.039536037780092376
30001621532;5122;ARIANA OLIVEIRA MORAES;ARIANA MORAES;AP;PATRIOTA;Patriota;NÃO ELEITO;157;69000.0;733508;439.49044585987264;0.09406850368366808
30001621531;5151;JOÃO DE JESUS DOS SANTOS DA SILVA;MODERNO MAXIMUS;AP;PATRIOTA;Patriota;NÃO ELEITO;37;55460.0;733508;1498.918918918919;0.0756092639753077
30001621533;5180;EZIEL DE LIMA GOMES;EZIEL GOMES;AP;PATRIOTA;Patriota;NÃO ELEITO;150;55495.0;733508;369.96666666666664;0.07565697988297333
30001621528;5101;OTACILIO PEREIRA BARBOSA;OTACILIO BARBOSA;AP;PATRIOTA;Patriota;NÃO ELEITO;332;55422.25;733508;166.93448795180723;0.0755577989606112
230001610956;3333;WEULLER JACKSON LOPES DOS PASSOS;JACKSON FALCÃO;RR;PMN;Partido da Mobilização Nacional;NÃO ELEITO;745;99967.1;636303;134.1840268456376;0.15710612711239771
230001610953;3312;CLAUDIONEI SIMON;CLAUDIONEI DO AGRO;RR;PMN;Partido da Mobilização Nacional;NÃO ELEITO;823;101000.0;636303;122.72174969623329;0.15872941035952998
230001610954;3311;SAMARA SOUSA AMIM MAGALHAES;SAMARA MAGALHÃES;RR;PMN;Partido da Mobilização Nacional;NÃO ELEITO;133;0.0;636303;0.0;0.0
230001610955;3388;STELLA ANDREOTTI BROSSI ARAUJO;STELLA BROSSI;RR;PMN;Partido da Mobilização Nacional;NÃO ELEITO;83;99815.11;636303;1202.591686746988;0.15686726292348144
230001610957;3338;FILIPE SILVA COSTA;FILIPE BARCELOS;RR;PMN;Partido da Mobilização Nacional;NÃO ELEITO;890;0.0;636303;0.0;0.0
230001610952;3322;SHAOLYN GOMES BEZERRA;SHAOLYN;RR;PMN;Partido da Mobilização Nacional;NÃO ELEITO;372;250000.0;636303;672.0430107526881;0.39289458009784645
90001654085;2727;WENDEL GONÇALVES CAMPO BELO;PASTOR WENDEL GONÇALVES;GO;DC;Democracia Cristã;NÃO ELEITO;3047;10000.0;7055228;3.2819166393173616;0.0014173886371921644
90001654084;2700;IVON EBER GONÇALVES DO NASCIMENTO;IVON EBER A JATO;GO;DC;Democracia Cristã;NÃO ELEITO;800;8900.0;7055228;11.125;0.0012614758871010263
90001654092;2722;WELITON CRUZ NOGUEIRA;PASTOR WELITON;GO;DC;Democracia Cristã;NÃO ELEITO;134;5001.0;7055228;37.32089552238806;0.0007088360574598015
90001654086;2710;ELIANE MARIA DOS SANTOS MARTINS;ELIANE MARTINS;GO;DC;Democracia Cristã;NÃO ELEITO;571;5000.0;7055228;8.756567425569177;0.0007086943185960822
90001654091;2733;VILSON GONÇALVES PEREIRA;MISSIONÁRIO GONÇALVES;GO;DC;Democracia Cristã;NÃO ELEITO;44;4900.0;7055228;111.36363636363636;0.0006945204322241606
90001654093;2790;GERALDO SOUSA DA SILVA;GERALDO SILVA;GO;DC;Democracia Cristã;NÃO ELEITO;146;5000.0;7055228;34.24657534246575;0.0007086943185960822
90001654088;2780;AURILENE RODRIGUES MALTA MARTINS;AURILENE MALTA;GO;DC;Democracia Cristã;NÃO ELEITO;46;5000.0;7055228;108.69565217391305;0.0007086943185960822
90001654089;2750;ARACELLY CANTUARIO PIRES;ARACELLY CANTUARIO;GO;DC;Democracia Cristã;NÃO ELEITO;95;5000.0;7055228;52.63157894736842;0.0007086943185960822
90001654087;2770;MARCIA MARTINS ROSA SOARES;MARCIA ROSA;GO;DC;Democracia Cristã;NÃO ELEITO;77;5000.0;7055228;64.93506493506493;0.0007086943185960822
120001613512;1944;MARIA TELMA DE OLIVEIRA MINARI;TELMA MINARI;MS;PODE;Podemos;NÃO ELEITO;1770;499968.89;2756700;282.46829943502826;0.1813649980048609
120001613510;1920;WILSON MATOS DA SILVA;WILSON MATOS;MS;PODE;Podemos;NÃO ELEITO;2176;299909.9;2756700;137.82624080882354;0.108793085936083
120001613509;1900;VINICIUS DE SIQUEIRA;VINICIUS SIQUEIRA;MS;PODE;Podemos;NÃO ELEITO;3218;503450.78;2756700;156.4483467992542;0.18262806253854247
120001613513;1988;DIONE MARLY GANDOLFO HASHIOKA;DIONE HASHIOKA;MS;PODE;Podemos;NÃO ELEITO;17703;737155.72;2756700;41.64015816528272;0.26740512932128996
120001613514;1966;ATHAYDE NERY DE FREITAS JUNIOR;ATHAYDE NERY;MS;PODE;Podemos;NÃO ELEITO;1677;503491.07;2756700;300.2331961836613;0.1826426778394457
120001613515;1969;FLÁVIO PEREIRA MOURA;FLÁVIO CABO ALMI;MS;PODE;Podemos;NÃO ELEITO;26683;732292.61;2756700;27.44416332496346;0.26564102368774256
120001613516;1999;CARLOS AUGUSTO FERREIRA MOREIRA;DR. GUTO;MS;PODE;Podemos;NÃO ELEITO;9148;682840.17;2756700;74.64365653694797;0.24770202415932094
190001723486;2121;GUSTAVO GALVÃO PEDRO;GUSTAVO PEDRO;RJ;PCB;Partido Comunista Brasileiro;NÃO ELEITO;1360;25692.96;16054524;18.891882352941177;0.0016003563855272196
190001723487;2100;MARIANA LIMA NOGUEIRA;MARI NOGUEIRA;RJ;PCB;Partido Comunista Brasileiro;NÃO ELEITO;2878;37074.38;16054524;12.881994440583737;0.0023092793034536555
190001723488;2123;GABRIEL RODRIGUES DAUMAS MARQUES;GABRIEL MARQUES;RJ;PCB;Partido Comunista Brasileiro;NÃO ELEITO;1018;25924.32;16054524;25.465933202357565;0.0016147672768124424
150001718474;5130;SEVERINO FRANCISCO DA SILVA FILHO;SEVERINO XELECO;PB;PATRIOTA;Patriota;NÃO ELEITO;287;42053.04;3974495;146.5262717770035;0.010580725350013021
150001718477;5177;VAGNE LACERDA LINS;VAGNER LACERDA;PB;PATRIOTA;Patriota;NÃO ELEITO;330;42926.89;3974495;130.08148484848485;0.010800589760460133
150001718481;5100;GESIANI DE LIMA SILVA;GEISI PATRIOTA;PB;PATRIOTA;Patriota;NÃO ELEITO;227;89816.0;3974495;395.6651982378855;0.02259809107823761
150001718473;5122;THALITA SIBELLE SANTOS LOPES DA SILVA;THALITA LOPES;PB;PATRIOTA;Patriota;NÃO ELEITO;166;55000.0;3974495;331.32530120481925;0.013838236052630586
150001718478;5111;ANTONIO CARLOS DE ARAUJO CRUZ;DR ANTONIO CARLOS;PB;PATRIOTA;Patriota;NÃO ELEITO;353;37677.45;3974495;106.73498583569405;0.009479808126567022
150001718475;5112;ROBERTO CARLOS DE ALMEIDA LIMA;ROBERTO LIMA;PB;PATRIOTA;Patriota;NÃO ELEITO;208;39805.0;3974495;191.37019230769232;0.010015108837726555
150001718476;5134;SILVIO DIAS SOARES;SILVIO SOARES;PB;PATRIOTA;Patriota;NÃO ELEITO;234;43000.0;3974495;183.76068376068375;0.010818984550238457
150001718472;5151;JESSYCA LUANA PAULINO GONÇALVES;JESSYCA LUANA;PB;PATRIOTA;Patriota;NÃO ELEITO;90;55000.0;3974495;611.1111111111111;0.013838236052630586
150001718471;5113;HELIO FERREIRA SERRANO;HELIO SERRANO;PB;PATRIOTA;Patriota;NÃO ELEITO;272;42000.0;3974495;154.41176470588235;0.010567380258372448
150001718479;5131;KATHELLEM LAYS DE JESUS OLIVEIRA;KATHELLEM DE JESUS;PB;PATRIOTA;Patriota;NÃO ELEITO;165;54993.340000000004;3974495;333.2929696969697;0.01383656036804676
210001650016;9001;ALEXANDRE DE SOUZA FERNANDES;ALE FERNANDES;RS;PROS;Partido Republicano da Ordem Social;NÃO ELEITO;76;0.0;10880506;0.0;0.0
210001650017;9010;JONAS RUSCHEL;RUSCHEL;RS;PROS;Partido Republicano da Ordem Social;NÃO ELEITO;605;5815.22;10880506;9.611933884297521;0.0005344622759272409
210001650021;9007;FILIPE MACHADO MACHADO;FILIPE MACHADO;RS;PROS;Partido Republicano da Ordem Social;NÃO ELEITO;702;80.0;10880506;0.11396011396011396;7.352599226543324e-06
140001723497;9011;HERALDO GONÇALVES DO NASCIMENTO;PR. HERALDO TAVARES;PA;PROS;Partido Republicano da Ordem Social;NÃO ELEITO;399;0.0;8116132;0.0;0.0
140001732350;9090;MARCIO XAVIER DA SILVA;MARCIO XAVIER;PA;PROS;Partido Republicano da Ordem Social;NÃO ELEITO;436;2505000.0;8116132;5745.412844036698;0.308644561226949
140001723496;9041;KENDER DE SOUZA QUEIROZ;KENDER QUEIROZ;PA;PROS;Partido Republicano da Ordem Social;NÃO ELEITO;116;0.0;8116132;0.0;0.0
140001723491;9029;MARCOS DOS SANTOS HOLANDA;CABO HOLANDA;PA;PROS;Partido Republicano da Ordem Social;NÃO ELEITO;305;0.0;8116132;0.0;0.0
140001723500;9030;MARIA DIERLI FURTADO DO CARMO;DRA DIERLI;PA;PROS;Partido Republicano da Ordem Social;NÃO ELEITO;44;0.0;8116132;0.0;0.0
140001723489;9022;LUIS ALEXANDRE RIBEIRO DE CASTRO;DR. ALEXANDRE;PA;PROS;Partido Republicano da Ordem Social;NÃO ELEITO;135;0.0;8116132;0.0;0.0
140001723495;9005;TAMARIA CLEMENTINO DA SILVA;TAMARIA SILVA;PA;PROS;Partido Republicano da Ordem Social;NÃO ELEITO;26;0.0;8116132;0.0;0.0
140001723490;9007;ROSIANY PINHEIRO DOS SANTOS;ROSI DA PRATINHA;PA;PROS;Partido Republicano da Ordem Social;NÃO ELEITO;24;0.0;8116132;0.0;0.0
140001723499;9002;RENATO DE OLIVEIRA;RENATO PERES;PA;PROS;Partido Republicano da Ordem Social;NÃO ELEITO;126;0.0;8116132;0.0;0.0
140001725939;9038;SHIRLEY HELENA ROLIM DE SOUZA;PROFESSORA SHIRLEY ALVES;PA;PROS;Partido Republicano da Ordem Social;NÃO ELEITO;540;100000.0;8116132;185.1851851851852;0.01232114016874048
20001697692;3611;JOSÉ ROBSON DOS SANTOS AMORIM;ROBSON AMORIM;AL;AGIR;AGIR;NÃO ELEITO;30;2955.0;3127511;98.5;0.0009448408015191633
20001697694;3614;JANAINA DE OLIVEIRA SILVA;JANAINA OLIVEIRA;AL;AGIR;AGIR;NÃO ELEITO;8;0.0;3127511;0.0;0.0
20001697697;3636;NAILTON VITOR DA SILVA;VICTOR DO VALLE;AL;AGIR;AGIR;NÃO ELEITO;84;3000.0;3127511;35.714285714285715;0.000959229240120978
20001697701;3615;HEMERSON LEITE DOS SANTOS;HEMERSON TAL;AL;AGIR;AGIR;NÃO ELEITO;135;2999.5;3127511;22.21851851851852;0.0009590693685809579
20001697699;3678;WAGNER ELIEZER CARDOSO DE MOURA;WAGNER MOURA;AL;AGIR;AGIR;NÃO ELEITO;211;3000.0;3127511;14.218009478672986;0.000959229240120978
20001697698;3601;THYCIA FIRMINO RATTES;THYCIA RATTES;AL;AGIR;AGIR;NÃO ELEITO;8;14900.0;3127511;1862.5;0.004764171892600857
20001697696;3612;JOSÉ GOMES ALVES;THEO ALVES;AL;AGIR;AGIR;NÃO ELEITO;62;3000.0;3127511;48.38709677419355;0.000959229240120978
100001723263;7020;RITA DE CASSIA CORDEIRO AMARAL;RITA AMARAL;MA;AVANTE;AVANTE;NÃO ELEITO;72;0.0;6775152;0.0;0.0
100001723259;7026;ANA CLÁUDIA SANTOS;ANA CLÁUDIA;MA;AVANTE;AVANTE;NÃO ELEITO;56;0.0;6775152;0.0;0.0
100001723255;7000;SATIRA DE JESUS PINHEIRO FONTOURA;MISSIONÁRIA ROSANGELA;MA;AVANTE;AVANTE;NÃO ELEITO;257;0.0;6775152;0.0;0.0
100001723257;7022;KERLYSON PABLO SIQUEIRA DOS SANTOS;KERLYSON PABLO;MA;AVANTE;AVANTE;NÃO ELEITO;633;0.0;6775152;0.0;0.0
100001723258;7007;ANALAMACIA PEREIRA DE BRITO;ANALAMACIA BRITO;MA;AVANTE;AVANTE;NÃO ELEITO;4534;5540.0;6775152;1.2218791354212615;0.0008176938318136626
100001723260;7030;ALFREDO HORACIO FIGUEIREDO CORREA;ALFREDO CORREA;MA;AVANTE;AVANTE;NÃO ELEITO;119;0.0;6775152;0.0;0.0
30001611394;1923;CLEISER RUAN SOUZA DOS SANTOS;D RUAN ASSAMU;AP;PODE;Podemos;NÃO ELEITO;184;150000.0;733508;815.2173913043479;0.20449674713840885
30001733394;1955;KÁTIA SENA MACIEL;KA NEVES;AP;PODE;Podemos;NÃO ELEITO;76;105770.0;733508;1391.7105263157894;0.14419747296553004
30001611386;1980;MARCO JOHNNY DE OLIVEIRA DO NASCIMENTO;PROFESSOR MARCO JOHNNY;AP;PODE;Podemos;NÃO ELEITO;334;500000.0;733508;1497.005988023952;0.6816558237946961
30001729140;1919;STEFANNY DE ALMEIDA BRANDÃO;MC RAINHA;AP;PODE;Podemos;NÃO ELEITO;271;264620.9;733508;976.4608856088562;0.36076075516558787
30001611388;1999;WALDEIR GARCIA RIBEIRO;WALDEIR;AP;PODE;Podemos;NÃO ELEITO;4824;899681.9;733508;186.50122305140962;1.226546813395355
30001611387;1970;VALDIR BARBOZA FURTADO;CAPITÃO VALDIR;AP;PODE;Podemos;NÃO ELEITO;1391;334156.35;733508;240.22742631200575;0.4555592440709576
30001611389;1900;SANDRA DOS SANTOS LACERDA;SANDRA LACERDA;AP;PODE;Podemos;NÃO ELEITO;13744;1172998.4;733508;85.34621653084982;1.599162381323721
30001611393;1922;ANTÔNIO CIRILO FERNANDES BORGES;CIRILO FERNANDES;AP;PODE;Podemos;NÃO ELEITO;3555;1502000.0;733508;422.50351617440225;2.0476940946792674
30001611390;1910;SATH FALCONY VAZ LEITE DOS SANTOS;DR SATH;AP;PODE;Podemos;NÃO ELEITO;1900;399980.6;733508;210.51610526315787;0.5452982107897937
270001643931;2300;EMMANOEL MARLON PEREIRA;EMMANOEL MARLON;TO;CIDADANIA;Cidadania;NÃO ELEITO;1024;78118.3;1511459;76.28740234375;0.05168403509456757
270001643928;2344;MARIA APARECIDA BELTRÃO PEREIRA;CIDA BELTRÃO;TO;CIDADANIA;Cidadania;NÃO ELEITO;112;19966.0;1511459;178.26785714285714;0.013209752960550039
270001643930;4560;VALTONIA GONÇALVES DOS SANTOS;VALTONIA;TO;PSDB;Partido da Social Democracia Brasileira;NÃO ELEITO;2543;549170.0;1511459;215.95359811246558;0.3633376757159804
270001643927;4545;MARTTHA DE AGUIAR FRANCO RAMOS;MARTHA RAMOS;TO;PSDB;Partido da Social Democracia Brasileira;NÃO ELEITO;6599;720888.43;1511459;109.24207152598879;0.4769487164388846
270001643929;4500;RAIMUNDO REGO DE NEGREIROS;MAJOR NEGREIROS;TO;PSDB;Partido da Social Democracia Brasileira;NÃO ELEITO;3470;877188.65;1511459;252.7921181556196;0.5803588784082135
270001643926;4555;MARIA DE FÁTIMA PEREIRA DE SENA E SILVA;PROFESSORA FÁTIMA SENA;TO;PSDB;Partido da Social Democracia Brasileira;NÃO ELEITO;4656;850000.0;1511459;182.56013745704468;0.5623705307256102
270001643933;4510;WILLIANS PANS PEREIRA SANTOS;MAURICIO WILLIAM;TO;PSDB;Partido da Social Democracia Brasileira;NÃO ELEITO;144;363134.85;1511459;2521.7697916666666;0.24025451566995862
140001651204;1616;WELLINGTA JOSYANE SIQUEIRA MACÊDO;WELLINGTA MACÊDO;PA;PSTU;Partido Socialista dos Trabalhadores Unificado;NÃO ELEITO;628;7490.5;8116132;11.927547770700636;0.0009229150043395056
70001612562;2822;KOE KENDY UYARA;KOE KENDY;DF;PRTB;Partido Renovador Trabalhista Brasileiro;NÃO ELEITO;77;0.0;2817068;0.0;0.0
70001612563;2829;DILMAR NUNES DE CARVALHO;DILMAR CARVALHO;DF;PRTB;Partido Renovador Trabalhista Brasileiro;NÃO ELEITO;122;0.0;2817068;0.0;0.0
70001612564;2820;MARIA DAS GRAÇAS MOREIRA NASCIMENTO;DOUTORA GRAÇAS;DF;PRTB;Partido Renovador Trabalhista Brasileiro;NÃO ELEITO;220;2265.0;2817068;10.295454545454545;0.0008040274498166179
150001636668;1999;JULIANNY LUÍSA DE ANDRADE OLIVEIRA;JULIANNY;PB;PODE;Podemos;NÃO ELEITO;298;1800.0;3974495;6.040268456375839;0.0004528877253588192
150001636669;1919;EMERSON PEREIRA DE LIMA;MISSINHO DO BODE;PB;PODE;Podemos;NÃO ELEITO;335;4800.0;3974495;14.328358208955224;0.001207700600956851
150001636670;1900;JOSE CARLOS FIRMINO DA SILVA;CARLOS GALEGO;PB;PODE;Podemos;NÃO ELEITO;562;500.0;3974495;0.8896797153024911;0.00012580214593300532
80001602792;2300;HELENA MARIA FERREIRA LUIZ;HELENA VITÓRIA;ES;CIDADANIA;Cidadania;NÃO ELEITO;564;248478.66999999998;3833486;440.56501773049644;0.06481794116373452
80001729172;2340;FELICIO PEZENTE NETO;FELICIO;ES;CIDADANIA;Cidadania;NÃO ELEITO;151;0.0;3833486;0.0;0.0
80001602789;4577;RODRIGO MARCIO CALDEIRA;RODRIGO CALDEIRA;ES;PSDB;Partido da Social Democracia Brasileira;NÃO ELEITO;18045;1116067.28;3833486;61.84911499030203;0.29113639126372187
80001602791;4555;ANDERSON MERLIN SALVADOR;ANDERSON SALVADOR;ES;PSDB;Partido da Social Democracia Brasileira;NÃO ELEITO;6218;45385.5;3833486;7.2990511418462525;0.011839224142203729
80001729171;4511;CRISTINA DE SOUZA MARTINS PRATTI;CRIS PRATTI;ES;PSDB;Partido da Social Democracia Brasileira;NÃO ELEITO;731;394631.0;3833486;539.8508891928865;0.10294311756975244
110001643687;2717;BENEDITO JULIANO JOSETTI DA ROSA;DITINHO;MT;DC;Democracia Cristã;NÃO ELEITO;582;7866.0;3658813;13.515463917525773;0.0021498775695833593
110001643688;2727;CLEIDE CORREA GUERRA;MISSIONÁRIA CLEIDE GUERRA;MT;DC;Democracia Cristã;NÃO ELEITO;543;8996.0;3658813;16.567219152854513;0.002458720902106776
110001643695;2722;VALDELICIO ALVES MENDES;NENÊ ALVES;MT;DC;Democracia Cristã;NÃO ELEITO;741;4806.0;3658813;6.48582995951417;0.0013135407576172929
110001643693;2701;SIMONE MACEDO GOMES;SIMONE;MT;DC;Democracia Cristã;NÃO ELEITO;40;2000.0;3658813;50.0;0.0005466253672980827
110001643690;2733;KENIA MEDEIROS DE OLIVEIRA NASCIMENTO;KENIA OLIVEIRA;MT;DC;Democracia Cristã;NÃO ELEITO;5;3000.0;3658813;600.0;0.0008199380509471241
80001602788;4520;MARCO ANTONIO SANDRE CORREIA;MARCO ZOIM;ES;PSDB;Partido da Social Democracia Brasileira;NÃO ELEITO;2678;17785.0;3833486;6.641150112023898;0.0046393804490221175
80001602787;4522;NEUZA DE OLIVEIRA;NEUZINHA DE OLIVEIRA;ES;PSDB;Partido da Social Democracia Brasileira;NÃO ELEITO;7863;1100995.8;3833486;140.02235787867227;0.2872048574065485
80001602786;4599;REGINA CELIA CIRIACO LIMA;REGINA DO PROJETO HARPA;ES;PSDB;Partido da Social Democracia Brasileira;NÃO ELEITO;406;149987.44;3833486;369.4271921182266;0.0391256000413201
80001602790;4567;SERGIO MAJESKI;SERGIO MAJESKI;ES;PSDB;Partido da Social Democracia Brasileira;NÃO ELEITO;40124;939938.97;3833486;23.425854102282923;0.24519170540860197
80001602785;4500;MAX FREITAS MAURO FILHO;MAX FILHO;ES;PSDB;Partido da Social Democracia Brasileira;NÃO ELEITO;16822;1083726.7;3833486;64.42317798121508;0.2827000542065368
80001602784;4545;VIVIANE GALVÃO GUEDES PEREIRA;VIVIANE GALVÃO;ES;PSDB;Partido da Social Democracia Brasileira;NÃO ELEITO;492;309994.51;3833486;630.0701422764228;0.0808649125104409
110001643689;2788;FABIO CESAR VIEIRA;FABÃO;MT;DC;Democracia Cristã;NÃO ELEITO;401;10000.0;3658813;24.93765586034913;0.0027331268364904136
110001643692;2777;RENATO SILVEIRA D AVILA;DR RENATO;MT;DC;Democracia Cristã;NÃO ELEITO;71;0.0;3658813;0.0;0.0
110001728130;2700;JOÃO PINTO;JOÃO PINTO;MT;DC;Democracia Cristã;NÃO ELEITO;197;8993.0;3658813;45.6497461928934;0.002457900964055829
10001614247;3600;UZIR SANTOS DE LIMA;UZIR SANTOS;AC;AGIR;AGIR;NÃO ELEITO;26;2500.0;830026;96.15384615384616;0.003011953842409756
10001614245;3603;NILVA MARIA SANTOS DANIEL;NILVA DANIEL;AC;AGIR;AGIR;NÃO ELEITO;16;2500.0;830026;156.25;0.003011953842409756
10001614246;3636;RAIMUNDO JINKINGS DE MELO;JINKINGS;AC;AGIR;AGIR;NÃO ELEITO;50;0.0;830026;0.0;0.0
10001614243;3663;FRANCISCO SARAIVA GAMA DE SOUZA;SARAIVA GAMA;AC;AGIR;AGIR;NÃO ELEITO;105;2500.0;830026;23.80952380952381;0.003011953842409756
10001614240;3678;JHONATHAN MARTINS DA COSTA;PROF COSTA;AC;AGIR;AGIR;NÃO ELEITO;52;2450.0;830026;47.11538461538461;0.0029517147655615606
10001614248;3628;SORAIA RAMALHO DO NASCIMENTO;SORAIA RAMALHO;AC;AGIR;AGIR;NÃO ELEITO;13;2500.0;830026;192.30769230769232;0.003011953842409756
10001614242;3654;EMILSON CHAVES DA SILVA;EMILSON CHAVES;AC;AGIR;AGIR;NÃO ELEITO;30;2240.0;830026;74.66666666666667;0.002698710642799141
110001618186;1051;ACACIO AMBROSINI;ACACIO AMBROSINI;MT;REPUBLICANOS;REPUBLICANOS;NÃO ELEITO;31819;835897.61;3658813;26.27039221848581;0.22846141904491976
110001618190;1030;KALYNKA BARBARA MEIRELES DE ALMEIDA LISSONI NANI;KALYNKA MEIRELES;MT;REPUBLICANOS;REPUBLICANOS;NÃO ELEITO;9630;412180.85;3658813;42.8017497403946;0.11265425426224297
110001618189;1044;EUNICE TEODORA DOS SANTOS CRESCENCIO;NICINHA;MT;REPUBLICANOS;REPUBLICANOS;NÃO ELEITO;4092;503804.94;3658813;123.11948680351907;0.13769628018704427
110001618188;1077;ERNANDO CARDOSO;ERNANDO CARDOSO;MT;REPUBLICANOS;REPUBLICANOS;NÃO ELEITO;7260;447314.02;3658813;61.61350137741047;0.12225659524004097
110001618184;1070;SIRLEI TERESINHA THEIS DE ALMEIDA;SIRLEI THEIS;MT;REPUBLICANOS;REPUBLICANOS;NÃO ELEITO;2592;1044071.65;3658813;402.8054205246914;0.28535802458338266
110001618183;1022;LEONARDO RIBEIRO ALBUQUERQUE;DR LEONARDO;MT;REPUBLICANOS;REPUBLICANOS;NÃO ELEITO;40222;2296871.54;3658813;57.10485654616876;0.6277641245945065
110001618182;1000;FELIPE TANAHASHI ALVES;FELIPE WELLATON;MT;REPUBLICANOS;REPUBLICANOS;NÃO ELEITO;26544;853993.33;3658813;32.17274449969861;0.2334072088406814
110001618185;1050;ICARO FRANCIO SEVERO;ICARO FRANCIO SEVERO;MT;REPUBLICANOS;REPUBLICANOS;NÃO ELEITO;4827;372083.02;3658813;77.0837000207168;0.10169500873643994
110001618187;1010;EDUARDO VICTOR MAGALHÃES;EDUARDO MAGALHÃES;MT;REPUBLICANOS;REPUBLICANOS;NÃO ELEITO;25755;2251299.12;3658813;87.41211881188119;0.6153086041839253
40001719231;5013;EVALCILENE COSTA DOS SANTOS;VAL SANTOS;AM;PSOL;Partido Socialismo e Liberdade;NÃO ELEITO;458;72512.02;3941175;158.32318777292576;0.01839857910394743
40001719229;5050;WELTON YUDI ODA;PROFESSOR WELTON ODA;AM;PSOL;Partido Socialismo e Liberdade;NÃO ELEITO;872;54863.020000000004;3941175;62.916307339449546;0.013920472955400357
40001719232;5044;JOSÉ LUIZ DA SILVA VASQUES;JOSÉ LUIZ;AM;PSOL;Partido Socialismo e Liberdade;NÃO ELEITO;304;54243.020000000004;3941175;178.43098684210528;0.013763159463865473
200001667344;5100;TEREZA KARINA DE LIMA MAGALHAES;KARINA MAGALHÃES;RN;PATRIOTA;Patriota;NÃO ELEITO;165;50000.0;3302729;303.030303030303;0.015138995660861064
200001667345;5122;MARIA SUELI PEDRO DA SILVA;SUELI PEDRO;RN;PATRIOTA;Patriota;NÃO ELEITO;467;79919.53;3302729;171.13389721627408;0.024198028357761112
200001724063;5123;JACK DOUGLAS FELIX FERREIRA;JACK DOUGLAS;RN;PATRIOTA;Patriota;NÃO ELEITO;86;20000.0;3302729;232.5581395348837;0.006055598264344425
200001724064;5109;REVIL ALVES DOS SANTOS;REVIL ALVES;RN;PATRIOTA;Patriota;NÃO ELEITO;19;20000.0;3302729;1052.6315789473683;0.006055598264344425
200001667347;5151;RODRIGO BEZERRA DE SOUZA;RODRIGO BEZERRA;RN;PATRIOTA;Patriota;NÃO ELEITO;546;150000.0;3302729;274.72527472527474;0.04541698698258319
200001667343;5190;MARCEL DE BRITO VITAL;MARCEL VITAL;RN;PATRIOTA;Patriota;NÃO ELEITO;1349;509950.85000000003;3302729;378.0213862120089;0.15440287410804823
200001667346;5111;ANDIARA DE FREITAS EMIDIO;ANDIARA FREITAS;RN;PATRIOTA;Patriota;NÃO ELEITO;672;185300.12;3302729;275.7442261904762;0.05610515425274069
60001645990;3550;MANOEL PARENTE DE HOLANDA;PARENTE;CE;PMB;Partido da Mulher Brasileira;NÃO ELEITO;343;2200.0;8791688;6.41399416909621;0.00025023635961603734
60001645993;3556;WILLIAMS DA SILVA BORGES;WILLIAM BORGES;CE;PMB;Partido da Mulher Brasileira;NÃO ELEITO;361;2200.0;8791688;6.094182825484765;0.00025023635961603734
60001645994;3588;CARLOS ANTONIO MARTINS MORAIS;CARLOS MARTINS;CE;PMB;Partido da Mulher Brasileira;NÃO ELEITO;104;2200.0;8791688;21.153846153846153;0.00025023635961603734
60001645989;3570;JUCILENE FERREIRA DE SOUSA;JUCILENE FERREIRA;CE;PMB;Partido da Mulher Brasileira;NÃO ELEITO;144;2200.0;8791688;15.277777777777779;0.00025023635961603734
60001645991;3500;MARCIO BARROS MAIA;MÁRCIO BARROS;CE;PMB;Partido da Mulher Brasileira;NÃO ELEITO;124;2200.0;8791688;17.741935483870968;0.00025023635961603734
60001645992;3511;NUBIA LAFAIETE GONCALVES DA SILVA;NUBIA LAFAIETE;CE;PMB;Partido da Mulher Brasileira;NÃO ELEITO;170;2200.0;8791688;12.941176470588236;0.00025023635961603734
60001645987;3535;CHISTIANNE MARIA GOMES DE FREITAS;CHRIS GOMES;CE;PMB;Partido da Mulher Brasileira;NÃO ELEITO;508;2200.0;8791688;4.330708661417323;0.00025023635961603734
60001645995;3555;CARLOS ALBERTO FELIX CAVALCANTE;CARLINHOS DO HOSPITAL;CE;PMB;Partido da Mulher Brasileira;NÃO ELEITO;685;2200.0;8791688;3.2116788321167884;0.00025023635961603734
40001719226;1818;VANDERLECIA ORTEGA DOS SANTOS;VANDA WITOTO;AM;REDE;Rede Sustentabilidade;NÃO ELEITO;25545;1080896.46;3941175;42.31342571931885;0.2742574130811243
40001719228;1801;BRUNO FARIAS DA LUZ;BRUNO LUZ;AM;REDE;Rede Sustentabilidade;NÃO ELEITO;196;106378.0;3941175;542.7448979591836;0.026991442907254817
40001719227;1819;JEFFERSON PRAIA BEZERRA;JEFFERSON PRAIA;AM;REDE;Rede Sustentabilidade;NÃO ELEITO;1335;250536.2;3941175;187.66756554307116;0.06356891028690682
40001719234;1888;JERSON ARANHA DE OLIVEIRA JUNIOR;JERSON ARANHA;AM;REDE;Rede Sustentabilidade;NÃO ELEITO;524;99875.0;3941175;190.60114503816794;0.02534142736620424
40001719233;1800;GEORGE GOMES DE OLIVEIRA;DELEGADO GEORGE GOMES;AM;REDE;Rede Sustentabilidade;NÃO ELEITO;158;0.0;3941175;0.0;0.0
40001719230;1881;ELISANGELA DE OLIVEIRA BRUNNO;LILI BRUNO;AM;REDE;Rede Sustentabilidade;NÃO ELEITO;193;30961.0;3941175;160.41968911917098;0.007855779050663824
190001639102;2882;REGIS AYRTON LERMEN;CORONEL LERMEN;RJ;PRTB;Partido Renovador Trabalhista Brasileiro;NÃO ELEITO;1044;28000.0;16054524;26.81992337164751;0.001744056690811886
190001639078;2834;JORGE DA SILVA COSTA;JORGE COSTA;RJ;PRTB;Partido Renovador Trabalhista Brasileiro;NÃO ELEITO;202;0.0;16054524;0.0;0.0
190001639112;2803;ZULEIDE DA SILVA RAMOS;MISSIONÁRIA ZULEIDE;RJ;PRTB;Partido Renovador Trabalhista Brasileiro;NÃO ELEITO;263;2118.4300000000003;16054524;8.054866920152092;0.0001319522148398794
190001639076;2817;JOSE DE RIBAMAR CUTRIM GOMES;CUTRIM;RJ;PRTB;Partido Renovador Trabalhista Brasileiro;NÃO ELEITO;285;0.0;16054524;0.0;0.0
190001639070;2853;JOSÉ MAIA MENDES DA SILVA FILHO;JOSÉ MAIA;RJ;PRTB;Partido Renovador Trabalhista Brasileiro;NÃO ELEITO;74;0.0;16054524;0.0;0.0
190001639074;2823;MARCELO BOSCHER NUNES;MARCELO BOSCHER;RJ;PRTB;Partido Renovador Trabalhista Brasileiro;NÃO ELEITO;1437;3236.9;16054524;2.2525400139178844;0.00020161918223174976
190001639089;2818;MARIA DO CARMO SANTOS FERREIRA DE MELLO;MARIA DO CARMO;RJ;PRTB;Partido Renovador Trabalhista Brasileiro;NÃO ELEITO;170;2061.68;16054524;12.127529411764705;0.00012841738565403743
190001639090;2805;ALINE DO NASCIMENTO VIANA;ALINE NASCIMENTO;RJ;PRTB;Partido Renovador Trabalhista Brasileiro;NÃO ELEITO;1338;35414.43;16054524;26.468183856502243;0.002205884771171042
190001639085;2864;ANDREA PAOLA COSTA PRADO;ANDREA PAOLA A ARACI EMPREGADA;RJ;PRTB;Partido Renovador Trabalhista Brasileiro;NÃO ELEITO;100;6360.51;16054524;63.6051;0.0003961817865169967
190001639067;2824;ALEXANDRE CARVALHO DA SILVA;ALEXANDRE CARVALHO;RJ;PRTB;Partido Renovador Trabalhista Brasileiro;NÃO ELEITO;874;3700.0;16054524;4.233409610983982;0.0002304646341429992
190001639106;2800;FLAVIA DE OLIVEIRA FREITAS;FLAVINHA FREITAS;RJ;PRTB;Partido Renovador Trabalhista Brasileiro;NÃO ELEITO;1024;2118.4300000000003;16054524;2.0687792968750003;0.0001319522148398794
190001639110;2829;FLÁVIO CAUTIERO HORTA JARDIM;FLÁVIO HORTA;RJ;PRTB;Partido Renovador Trabalhista Brasileiro;NÃO ELEITO;2344;0.0;16054524;0.0;0.0
190001639096;2804;DÉBORA CLAUDIA SANTOS MONTEIRO;DÉBORA MONTEIRO;RJ;PRTB;Partido Renovador Trabalhista Brasileiro;NÃO ELEITO;133;8118.42;16054524;61.04075187969925;0.0005056780257078939
190001639071;2855;ANTÔNIO FERNANDES ANTUNES;DR ANTÔNIO ANTUNES;RJ;PRTB;Partido Renovador Trabalhista Brasileiro;NÃO ELEITO;4565;4000.0;16054524;0.8762322015334063;0.0002491509558302694
190001639107;2846;GASPAR HERBERT STEIN;GASPAR STEIN;RJ;PRTB;Partido Renovador Trabalhista Brasileiro;NÃO ELEITO;82;311.1;16054524;3.7939024390243907;1.9377715589699205e-05
190001639103;2850;ANDRÉ RICARDO DOS SANTOS AFFONSO;ANDRÉ AFFONSO;RJ;PRTB;Partido Renovador Trabalhista Brasileiro;NÃO ELEITO;241;0.0;16054524;0.0;0.0
190001639104;2832;TAÍS DE ALMEIDA OLIVEIRA;TAÍS ALMEIDA;RJ;PRTB;Partido Renovador Trabalhista Brasileiro;NÃO ELEITO;21;8118.42;16054524;386.5914285714286;0.0005056780257078939
190001639099;2876;FÁBIO ALVES GARRIDO;PROFESSOR FÁBIO GARRIDO;RJ;PRTB;Partido Renovador Trabalhista Brasileiro;NÃO ELEITO;508;670.4;16054524;1.3196850393700787;4.175770019715315e-05
190001639109;2844;ELISÂNGELA DE FREITAS;ELISÂNGELA FREITAS;RJ;PRTB;Partido Renovador Trabalhista Brasileiro;NÃO ELEITO;37;8118.42;16054524;219.41675675675677;0.0005056780257078939
190001639114;2828;GUSTAVO MODESTO SCHMIDT;DR GUSTAVO DO SANEAMENTO;RJ;PRTB;Partido Renovador Trabalhista Brasileiro;NÃO ELEITO;4588;89803.95;16054524;19.573659546643416;0.0055936849949584306
190001639092;2827;GLORIA DE OLIVEIRA;GLORIA OLIVEIRA;RJ;PRTB;Partido Renovador Trabalhista Brasileiro;NÃO ELEITO;376;2118.43;16054524;5.634122340425532;0.00013195221483987938
190001639098;2809;DANIELLE DA SILVA PASSOS CARVALHO;DANIELLE CARVALHO;RJ;PRTB;Partido Renovador Trabalhista Brasileiro;NÃO ELEITO;284;2188.43;16054524;7.705739436619718;0.00013631235656690912
190001639081;2825;MARIA DO CARMO SILVA;PASTORA CARMINHA;RJ;PRTB;Partido Renovador Trabalhista Brasileiro;NÃO ELEITO;154;124946.72;16054524;811.3423376623376;0.0077826486789642595
190001639105;2854;RAFAELA OLIVEIRA DE MELO;RAFAELA DE MELO;RJ;PRTB;Partido Renovador Trabalhista Brasileiro;NÃO ELEITO;71;2118.0;16054524;29.830985915492956;0.00013192543111212765
190001639069;2821;LETICIA GABRIEL CABRAL DE BARROS;LETICIA CABRAL;RJ;PRTB;Partido Renovador Trabalhista Brasileiro;NÃO ELEITO;64;2118.4300000000003;16054524;33.100468750000005;0.0001319522148398794
190001639075;2880;LEANDRO DOS SANTOS COSTA;LEANDRO COSTA;RJ;PRTB;Partido Renovador Trabalhista Brasileiro;NÃO ELEITO;463;3011.54;16054524;6.504406047516198;0.00018758201738027237
190001639094;2888;DANIEL FERNANDES DE OLIVEIRA;DANIEL FERNANDES;RJ;PRTB;Partido Renovador Trabalhista Brasileiro;NÃO ELEITO;597;0.0;16054524;0.0;0.0
190001639101;2822;ALEXANDRE DA SILVA PIMENTEL;ALEXANDRE PIMENTEL;RJ;PRTB;Partido Renovador Trabalhista Brasileiro;NÃO ELEITO;1518;1500.0;16054524;0.9881422924901185;9.343160843635102e-05
190001639111;2883;ANDERSON LUIS DE AZEVEDO BARRETO;ANDERSON BARRETO;RJ;PRTB;Partido Renovador Trabalhista Brasileiro;NÃO ELEITO;520;0.0;16054524;0.0;0.0
190001639087;2899;RICARDO GOMES ARANHA;RICARDO ARANHA;RJ;PRTB;Partido Renovador Trabalhista Brasileiro;NÃO ELEITO;247;0.0;16054524;0.0;0.0
190001639091;2833;FRANKLIN JOSÉ DA MOTA;FRANKLIN MOTA;RJ;PRTB;Partido Renovador Trabalhista Brasileiro;NÃO ELEITO;282;0.0;16054524;0.0;0.0
190001639083;2860;DARIO JOSE DA SILVA FERREIRA;DARIO FERREIRA;RJ;PRTB;Partido Renovador Trabalhista Brasileiro;NÃO ELEITO;253;0.0;16054524;0.0;0.0
190001639095;2801;HELIMAR DE AZEVEDO;HELIMAR AZEVEDO;RJ;PRTB;Partido Renovador Trabalhista Brasileiro;NÃO ELEITO;185;0.0;16054524;0.0;0.0
190001639084;2858;MAURO CESAR MACEDO DO NASCIMENTO;SUBTENENTE MAURO NASCIMENTO;RJ;PRTB;Partido Renovador Trabalhista Brasileiro;NÃO ELEITO;853;0.0;16054524;0.0;0.0
190001639093;2826;BEATRIZ PEREIRA CORBETA;BEATRIZ;RJ;PRTB;Partido Renovador Trabalhista Brasileiro;NÃO ELEITO;68;2118.43;16054524;31.153382352941176;0.00013195221483987938
190001639080;2873;EDUARDO PACHECO TERRA;DR EDUARDO TERRA;RJ;PRTB;Partido Renovador Trabalhista Brasileiro;NÃO ELEITO;3692;29000.0;16054524;7.854821235102925;0.0018063444297694532
190001639066;2812;LENILSON TEIXEIRA FAZOLO;BED LENNY;RJ;PRTB;Partido Renovador Trabalhista Brasileiro;NÃO ELEITO;1649;2510.0;16054524;1.5221346270466949;0.00015634222478349405
190001639072;2869;NELSON ALVES FERREIRA NETTO;NELSON ROSA NETTO;RJ;PRTB;Partido Renovador Trabalhista Brasileiro;NÃO ELEITO;556;0.0;16054524;0.0;0.0
190001639097;2877;DENIS DE PAULA FERREIRA;DENIS DE PAULA;RJ;PRTB;Partido Renovador Trabalhista Brasileiro;NÃO ELEITO;1915;5000.0;16054524;2.6109660574412534;0.00031143869478783673
190001639068;2866;SARITA ALVES FERREIRA PAIVA;DRA SARITA PAIVA;RJ;PRTB;Partido Renovador Trabalhista Brasileiro;NÃO ELEITO;840;27118.42;16054524;32.283833333333334;0.0016891450659016734
190001639100;2802;HENYS PINTO DA SILVA;HENYS PINTO;RJ;PRTB;Partido Renovador Trabalhista Brasileiro;NÃO ELEITO;1265;0.0;16054524;0.0;0.0
190001639088;2816;LAERCIO DO CARMO;DR LAÉRCIO DO CARMO;RJ;PRTB;Partido Renovador Trabalhista Brasileiro;NÃO ELEITO;143;0.0;16054524;0.0;0.0
250001604967;5512;RICARDO AUGUSTO MACHADO DA SILVA;RICARDO SILVA;SP;PSD;Partido Social Democrático;ELEITO POR QP;133936;1657642.01;44420459;12.376373865129613;0.03731708422913865
250001604948;5577;ANTONIO CEZAR CORREIA FREIRE;CEZINHA DE MADUREIRA;SP;PSD;Partido Social Democrático;ELEITO POR QP;143434;1624142.91;44420459;11.323276977564593;0.03656294749228053
250001604939;5500;MARCO AURELIO BERTAIOLLI;MARCO BERTAIOLLI;SP;PSD;Partido Social Democrático;ELEITO POR QP;157552;2350761.26;44420459;14.920542170204122;0.052920688190097265
230001610811;5051;JOSÉ LUÍS OCA;LUÍS OCA;RR;PSOL;Partido Socialismo e Liberdade;NÃO ELEITO;52;54213.0;636303;1042.5576923076924;0.0851999754833782
230001610804;5055;JÚNIOR ARAÚJO RIBEIRO;JÚNIOR PARICARANA;RR;PSOL;Partido Socialismo e Liberdade;NÃO ELEITO;145;54243.02;636303;374.08979310344824;0.08524715426455634
230001610808;5050;EUNICE MACHADO MOREIRA;EUNICE MOREIRA;RR;PSOL;Partido Socialismo e Liberdade;NÃO ELEITO;412;102323.44;636303;248.35786407766992;0.16080929997186874
230001610805;1880;YANO RODRIGUES DA SILVA;YANO RODRIGUES;RR;REDE;Rede Sustentabilidade;NÃO ELEITO;455;549766.39;636303;1208.2777802197802;0.8640009398038356
230001610810;1818;JOENIA BATISTA DE CARVALHO;JOENIA WAPICHANA;RR;REDE;Rede Sustentabilidade;NÃO ELEITO;11221;1950298.29;636303;173.80788610640764;3.065046510860392
230001610806;1813;ANTONIA COSTA DA SILVA;PROFESSORA DRA ANTONIA COSTA;RR;REDE;Rede Sustentabilidade;NÃO ELEITO;405;590000.0;636303;1456.79012345679;0.9272312090309177
230001610809;1823;HENRIQUE MATOS SOUZA SILVA;HENRIQUE MATOS;RR;REDE;Rede Sustentabilidade;NÃO ELEITO;130;546732.2;636303;4205.632307692307;0.8592324725798872
230001610807;1888;CÍRIO RICARDO PALACIO;PROFESSOR CÍRIO RICARDO;RR;REDE;Rede Sustentabilidade;NÃO ELEITO;684;549990.61;636303;804.0798391812865;0.8643533190948337
210001601587;1022;LUCIANO LORENZINI ZUCCO;TENENTE CORONEL ZUCCO;RS;REPUBLICANOS;REPUBLICANOS;ELEITO POR QP;259023;1807206.54;10880506;6.977011848368678;0.16609581760260048
210001601602;1010;ANTONIO CARLOS GOMES DA SILVA;CARLOS GOMES;RS;REPUBLICANOS;REPUBLICANOS;ELEITO POR QP;102363;1644247.55;10880506;16.062908961245764;0.15111866580469696
250001613792;5088;SÔNIA BONE DE SOUSA SILVA SANTOS;SÔNIA GUAJAJARA;SP;PSOL;Partido Socialismo e Liberdade;ELEITO POR QP;156966;1337949.85;44420459;8.523819489570991;0.03012012662903821
250001613814;5070;ERIKA SANTOS SILVA;ERIKA HILTON;SP;PSOL;Partido Socialismo e Liberdade;ELEITO POR QP;256903;1479837.39;44420459;5.7602962596777765;0.03331432009741277
250001613762;5000;SÂMIA DE SOUZA BOMFIM;SÂMIA BOMFIM;SP;PSOL;Partido Socialismo e Liberdade;ELEITO POR QP;226187;2003954.27;44420459;8.859723458907895;0.045113317491834115
250001613809;5021;LUIZA ERUNDINA DE SOUSA;LUIZA ERUNDINA;SP;PSOL;Partido Socialismo e Liberdade;ELEITO POR QP;113983;1663696.65;44420459;14.596006860672205;0.037453387188097265
250001613761;5010;GUILHERME CASTRO BOULOS;GUILHERME BOULOS;SP;PSOL;Partido Socialismo e Liberdade;ELEITO POR QP;1001472;2823009.89;44420459;2.818860527303809;0.06355201980240682
220001643593;2200;SÍLVIA CRISTINA AMANCIO CHAGAS;SILVIA CRISTINA;RO;PL;Partido Liberal;ELEITO POR QP;65012;3037075.72;1581016;46.71561742447548;1.920964569618524
200001647099;1488;MELQUIZEDEQUE TAHAN LOPES DE SOUZA BARROS;MELQUIZEDEQUE LOPES;RN;PTB;Partido Trabalhista Brasileiro;NÃO ELEITO;83;0.0;3302729;0.0;0.0
200001647094;1404;LUCIANO DO NASCIMENTO COSTA;LUCIANO COSTA;RN;PTB;Partido Trabalhista Brasileiro;NÃO ELEITO;262;611.0;3302729;2.33206106870229;0.0001849985269757222
200001647096;1414;ANTONIO VALMIR DA SILVA JUNIOR;VALMIR JUNIOR;RN;PTB;Partido Trabalhista Brasileiro;NÃO ELEITO;1521;1293.5;3302729;0.8504273504273504;0.0003916458177464757
200001647100;1411;MARLENE DOS SANTOS SILVA GERMANO;MARLENE GERMANO;RN;PTB;Partido Trabalhista Brasileiro;NÃO ELEITO;224;0.0;3302729;0.0;0.0
200001647097;1444;JEAN CARLOS DA COSTA;DR JEAN CARLOS;RN;PTB;Partido Trabalhista Brasileiro;NÃO ELEITO;591;1800.0;3302729;3.045685279187817;0.0005450038437909983
200001732362;1455;MARIA SOLEDADE SANTANA;SOL DA SAÚDE;RN;PTB;Partido Trabalhista Brasileiro;NÃO ELEITO;333;0.0;3302729;0.0;0.0
200001647098;1400;CARLOS GILBERTO DE SOUSA CABRAL;CABRAL DA ELETRONICA;RN;PTB;Partido Trabalhista Brasileiro;NÃO ELEITO;159;0.0;3302729;0.0;0.0
250001612129;2323;ALEX SPINELLI MANENTE;ALEX MANENTE;SP;CIDADANIA;Cidadania;ELEITO POR QP;196866;3007097.87;44420459;15.274846189794074;0.06769623587185356
250001612102;2345;ARNALDO CALIL PEREIRA JARDIM;ARNALDO JARDIM;SP;CIDADANIA;Cidadania;ELEITO POR QP;113462;3453214.09;44420459;30.434983430575873;0.07773927077160549
20001700145;2929;MARINA NOBRE TENÓRIO CRISÓSTOMO;MARINA TENÓRIO;AL;PCO;Partido da Causa Operária;NÃO ELEITO;55;0.0;3127511;0.0;0.0
20001700144;2930;LEONARDO ARMANDO NUNES SOARES FILHO;LEONARDO FILHO;AL;PCO;Partido da Causa Operária;NÃO ELEITO;19;0.0;3127511;0.0;0.0
270001643519;4444;CARLOS HENRIQUE AMORIM;CARLOS GAGUIM;TO;UNIÃO;UNIÃO BRASIL;ELEITO POR QP;52203;2199647.38;1511459;42.1364170641534;1.4553139582350563
70001615584;1616;TÂNIA DE SOUSA LIMA;TÂNIA;DF;PSTU;Partido Socialista dos Trabalhadores Unificado;NÃO ELEITO;209;2292.0;2817068;10.966507177033494;0.0008136118829932398
70001615585;1600;EVERTON SALVADOR DA SILVA;EVERTON;DF;PSTU;Partido Socialista dos Trabalhadores Unificado;NÃO ELEITO;95;2292.0;2817068;24.126315789473683;0.0008136118829932398
220001713812;3522;WILLIAN FREITAS DE ALBUQUERQUE;WILLIAN FREITAS;RO;PMB;Partido da Mulher Brasileira;NÃO ELEITO;83;0.0;1581016;0.0;0.0
220001713814;3567;JÉSSIKA MEDEIROS PEREIRA BRIZON;JÉSSIKA MEDEIROS;RO;PMB;Partido da Mulher Brasileira;NÃO ELEITO;27;0.0;1581016;0.0;0.0
100001632850;3636;ANTONIA AUZENIR COELHO PINTO;AUZENIR COELHO;MA;AGIR;AGIR;NÃO ELEITO;924;5000.0;6775152;5.411255411255412;0.0007379908229365186
100001632868;3677;SIDNEY FREITAS DA SILVA;SIDNEY DA SIDBENS;MA;AGIR;AGIR;NÃO ELEITO;854;9551.3;6775152;11.184192037470725;0.001409754349422714
100001632855;3645;QUINTINO DONIZETI MARQUES;MINEIRO DA SUCATA;MA;AGIR;AGIR;NÃO ELEITO;171;2250.0;6775152;13.157894736842104;0.0003320958703214334
100001632851;3612;CLIDENOR RODRIGUES GUIMARAES FILHO;CLIDENOR GUIMARAES;MA;AGIR;AGIR;NÃO ELEITO;511;1280.0;6775152;2.5048923679060664;0.00018892565067174876
100001632856;3674;SAMIA UCHOA DE SOUSA MEDEIROS;SAMIA UCHOA;MA;AGIR;AGIR;NÃO ELEITO;73;3000.0;6775152;41.0958904109589;0.0004427944937619112
100001632860;3610;INALDO DOMINGOS PEREIRA SILVA;SARGENTO INALDO PEREIRA;MA;AGIR;AGIR;NÃO ELEITO;1190;1000.0;6775152;0.8403361344537815;0.00014759816458730373
100001632864;3623;ANGELA COSTA DE MELO;ANGELA MELO;MA;AGIR;AGIR;NÃO ELEITO;94;3000.0;6775152;31.914893617021278;0.0004427944937619112
100001632853;3622;JULIO RODRIGUES HUMILDE;IRMÃO JÚLIO HUMILDE;MA;AGIR;AGIR;NÃO ELEITO;235;180.0;6775152;0.7659574468085106;2.656766962571467e-05
100001632854;3635;MARLON MOURA DE SOUSA;MARLON MOURA;MA;AGIR;AGIR;NÃO ELEITO;678;0.0;6775152;0.0;0.0
100001632857;3663;BRUNA EVERTON DE MORAIS RÊGO SARAIVA LEAO;BRUNA LEÃO;MA;AGIR;AGIR;NÃO ELEITO;51;0.0;6775152;0.0;0.0
100001632859;3653;ESTELMO MORAIS CARVALHO;ESTELMO DA ALPHAVILLE;MA;AGIR;AGIR;NÃO ELEITO;585;6955.0;6775152;11.88888888888889;0.0010265452347046973
100001632858;3620;FERNANDO LOBATO SILVA;FERNANDO LOBATO;MA;AGIR;AGIR;NÃO ELEITO;622;0.0;6775152;0.0;0.0
100001632866;3633;SANDRA MARIA ABREU;SANDRA ABREU;MA;AGIR;AGIR;NÃO ELEITO;181;2000.0;6775152;11.049723756906078;0.00029519632917460745
100001632862;3600;LAIONES DA SILVA NASCIMENTO;LAIONES NASCIMENTO;MA;AGIR;AGIR;NÃO ELEITO;352;4420.0;6775152;12.556818181818182;0.0006523838874758825
100001632867;3602;SAVIO RODRIGUES MESQUITA;SAVIO RODRIGUES;MA;AGIR;AGIR;NÃO ELEITO;339;0.0;6775152;0.0;0.0
100001632852;3606;FRANCISCO DAS CHAGAS OLIVEIRA SANTOS;FRANK NIGTH;MA;AGIR;AGIR;NÃO ELEITO;275;0.0;6775152;0.0;0.0
100001632863;3671;SARA CHRISTINA MENDES NASCIMENTO;SARAH MENDES;MA;AGIR;AGIR;NÃO ELEITO;62;30000.0;6775152;483.8709677419355;0.004427944937619111
50001615795;5166;KELMUTH CRISOSTOMO MACEDO;KELMUTH MACLAREM;BA;PATRIOTA;Patriota;NÃO ELEITO;1201;0.0;14136417;0.0;0.0
50001615786;5123;ALFREDO DE SOUZA CERQUEIRA FILHO;XEXEU BEIJA FLOR;BA;PATRIOTA;Patriota;NÃO ELEITO;698;19412.56;14136417;27.81169054441261;0.0013732305717919894
50001615799;5101;MARIA DO CARMO DE SOUZA DE JESUS;MÓ DE JESUS;BA;PATRIOTA;Patriota;NÃO ELEITO;48;339638.35;14136417;7075.798958333333;0.024025773291775417
50001615803;5120;VIVIANE DE JESUS CONCEIÇÃO;VIVIANE CONCEIÇÃO;BA;PATRIOTA;Patriota;NÃO ELEITO;58;28900.0;14136417;498.2758620689655;0.00204436527303913
50001615806;5100;ODAIR JOSÉ DA CRUZ SILVA;ODAIR;BA;PATRIOTA;Patriota;NÃO ELEITO;1877;0.0;14136417;0.0;0.0
50001615808;5173;SILENE SANTOS LIMA;SISSI SANTOS;BA;PATRIOTA;Patriota;NÃO ELEITO;472;9990.1;14136417;21.165466101694918;0.0007066925091414607
50001615809;5106;ANTONIO GONÇALVES DA SILVA;GALEGO DA  MAGNA  MOTO;BA;PATRIOTA;Patriota;NÃO ELEITO;167;0.0;14136417;0.0;0.0
50001615797;5150;MARCOS PAULO ALMEIDA DAMASCENO;SARGENTO DAMASCENO;BA;PATRIOTA;Patriota;NÃO ELEITO;697;0.0;14136417;0.0;0.0
50001615788;5111;GEAN SOUZA SAMPAIO;GEAN;BA;PATRIOTA;Patriota;NÃO ELEITO;270;4800.0;14136417;17.77777777777778;0.0003395485574597863
50001615793;5155;KÁTIA REGINA GUIMARÃES;KATIA GUIMARAES;BA;PATRIOTA;Patriota;NÃO ELEITO;537;29983.0;14136417;55.8342644320298;0.002120975916315994
50001615792;5117;JUAREZ JOSE DE OLIVEIRA;JUAREZ DE OLIVEIRA;BA;PATRIOTA;Patriota;NÃO ELEITO;461;0.0;14136417;0.0;0.0
50001615789;5154;GELSON SILVA SOUZA;GELSON DO MEL;BA;PATRIOTA;Patriota;NÃO ELEITO;114;10000.0;14136417;87.71929824561404;0.0007073928280412215
50001615807;5133;RIGOBERTO BATISTA DA SILVA;RIGO;BA;PATRIOTA;Patriota;NÃO ELEITO;281;0.0;14136417;0.0;0.0
50001615811;5114;GILMARIO LEAL DA SILVA;GILMARIO LEAL;BA;PATRIOTA;Patriota;NÃO ELEITO;613;15000.0;14136417;24.469820554649267;0.0010610892420618323
50001615796;5113;LUCIDALVA MANAIA DA SILVA DE JESUS;TIA LÚ;BA;PATRIOTA;Patriota;NÃO ELEITO;64;25000.0;14136417;390.625;0.0017684820701030536
50001615810;5161;CHARLES JOSÉ PEREIRA DE LIMA;CHARLES LIMA;BA;PATRIOTA;Patriota;NÃO ELEITO;30;0.0;14136417;0.0;0.0
50001615812;5177;JOSÉ GEOVALDO VIANA DE MIRANDA;GEOVALDO MIRANDA;BA;PATRIOTA;Patriota;NÃO ELEITO;1013;360349.65;14136417;355.72522211253704;0.025490875799716435
50001615804;5108;REGINALDO DE OLIVEIRA SANTOS;PR REGIS SANTOS;BA;PATRIOTA;Patriota;NÃO ELEITO;554;1500.0;14136417;2.707581227436823;0.00010610892420618322
50001615800;5153;NAWCKTON LUCIANO DE JESUS;NAL DO POVO;BA;PATRIOTA;Patriota;NÃO ELEITO;373;10000.0;14136417;26.80965147453083;0.0007073928280412215
50001615805;5125;MARIA DA PENHA GRAMACHO;PENHA GRAMACHO;BA;PATRIOTA;Patriota;NÃO ELEITO;106;25000.0;14136417;235.8490566037736;0.0017684820701030536
50001615790;5190;JOÃO MARCOS LEITE DULTRA;MARCOS DULTRA;BA;PATRIOTA;Patriota;NÃO ELEITO;653;0.0;14136417;0.0;0.0
50001615813;5174;CLAUDEMEIRE MOTA DA SILVA;MEIRE DA ENFERMAGEM;BA;PATRIOTA;Patriota;NÃO ELEITO;21;20011.0;14136417;952.9047619047619;0.0014155637881932883
50001615791;5152;JOSÉ DALMO ALVES NETO;DALMO DA PESCA;BA;PATRIOTA;Patriota;NÃO ELEITO;886;10000.0;14136417;11.286681715575622;0.0007073928280412215
50001615794;5122;KATIA SUELY DE OLIVEIRA BARRETO VIEIRA;PROFESSORA KATIA;BA;PATRIOTA;Patriota;NÃO ELEITO;1462;25841.95;14136417;17.675752393980847;0.0018280410092599844
140001615686;7000;ANTONIO AUGUSTO PINTO DA ROCHA;AVERTANO ROCHA;PA;AVANTE;AVANTE;NÃO ELEITO;211;0.0;8116132;0.0;0.0
140001615683;7072;CARMEM LÚCIA CARDOSO SANCHEZ;CARMEM LÚCIA;PA;AVANTE;AVANTE;NÃO ELEITO;152;0.0;8116132;0.0;0.0
140001615682;7055;CARLOS MAGNO PINHEIRO;CARLOS MAGNO;PA;AVANTE;AVANTE;NÃO ELEITO;211;0.0;8116132;0.0;0.0
140001615684;7007;NIUZA DE SALES GONÇALVES;NIUZA SALES;PA;AVANTE;AVANTE;NÃO ELEITO;302;740.0;8116132;2.4503311258278146;9.117643724867955e-05
140001615687;7022;JACKSON DE SOUSA AZEVEDO;JACKSON AZEVEDO;PA;AVANTE;AVANTE;NÃO ELEITO;365;8051.5;8116132;22.05890410958904;0.0009920366006861397
100001615465;2020;ALUISIO GUIMARAES MENDES FILHO;ALUISIO MENDES;MA;PSC;Partido Social Cristão;ELEITO POR QP;126577;1299222.64;6775152;10.26428687676276;0.19176287705427125
100001648828;1422;ANA CLERES SANTOS FERREIRA;ANA CLERES;MA;PTB;Partido Trabalhista Brasileiro;NÃO ELEITO;120;0.0;6775152;0.0;0.0
100001648830;1411;CICERO RIBEIRO DINIZ;TIM MARCOS DINIZ;MA;PTB;Partido Trabalhista Brasileiro;NÃO ELEITO;123;0.0;6775152;0.0;0.0
100001648829;1477;MARDONE SOUSA OLIVEIRA;MARDONE DIFERENTE;MA;PTB;Partido Trabalhista Brasileiro;NÃO ELEITO;520;900.0;6775152;1.7307692307692308;0.00013283834812857336
100001648826;1414;ANTONIO CICERO LOPES ASSUNÇÃO;PASTOR ANTÔNIO CICERO;MA;PTB;Partido Trabalhista Brasileiro;NÃO ELEITO;269;0.0;6775152;0.0;0.0
150001621679;4040;GERVASIO AGRIPINO MAIA;GERVASIO MAIA;PB;PSB;Partido Socialista Brasileiro;ELEITO POR QP;69405;2500000.0;3974495;36.02045962106477;0.6290107296650266
210001597011;3030;MARCEL VAN HATTEM;MARCEL VAN HATTEM;RS;NOVO;Partido Novo;ELEITO POR QP;256913;1838068.24;10880506;7.154438428573097;0.16893223899697313
190001619523;4445;CAROLINA TRINDADE CORRÊA;CAROLINA FILHA DE ALAIR CORRÊA;RJ;UNIÃO;UNIÃO BRASIL;NÃO ELEITO;2331;450205.0;16054524;193.13813813813815;0.02804225151739161
190001619485;4441;CLÁUDIO VASQUE CHUMBINHO DOS SANTOS;CLAUDIO CHUMBINHO;RJ;UNIÃO;UNIÃO BRASIL;NÃO ELEITO;8448;662868.48;16054524;78.46454545454546;0.041288578845439454
190001619490;4465;ELDERSON FERREIRA DA SILVA;SAMUCA SILVA;RJ;UNIÃO;UNIÃO BRASIL;NÃO ELEITO;2147;450205.0;16054524;209.69026548672565;0.02804225151739161
140001651732;1900;SANDRA PALHARINI CAMPANA;SANDRA CAMPANA;PA;PODE;Podemos;NÃO ELEITO;1327;295048.11;8116132;222.34220798794271;0.03635329119831959
140001651733;1955;SILVANO OLIVEIRA DA SILVA;SILVANO;PA;PODE;Podemos;NÃO ELEITO;2809;399925.0;8116132;142.37273050907797;0.04927531981983536
140001651731;1919;NAYARA BARBALHO DA CRUZ;NAY BARBALHO;PA;PODE;Podemos;NÃO ELEITO;17731;763827.33;8116132;43.0786379786814;0.09411223597644788
140001651726;1922;ANDRE LUIS DOS SANTOS PINHEIRO;ANDRE PINHEIRO;PA;PODE;Podemos;NÃO ELEITO;3146;58370.0;8116132;18.553719008264462;0.0071918495164938175
140001651737;1911;WALDEMIR LISBOA E SILVA NETO D IPPOLITO;NETO D IPPOLITO;PA;PODE;Podemos;NÃO ELEITO;4527;307372.35;8116132;67.89758117958912;0.037871778083451574
140001651734;1999;JOSE AUGUSTO DA CONCEICAO;ZÉ AUGUSTO;PA;PODE;Podemos;NÃO ELEITO;6336;212263.6;8116132;33.501199494949496;0.026153295683214617
140001729138;1965;REGINA CELIA FERREIRA CORDEIRO;CÉLIA (COLETIVO CULTURA);PA;PODE;Podemos;NÃO ELEITO;108;0.0;8116132;0.0;0.0
140001727612;1915;ADRIANO PIETRO SANTIAGO VIANA;PROFESSOR PIETRO VIANA;PA;PODE;Podemos;NÃO ELEITO;920;124812.5;8116132;135.66576086956522;0.01537832307310921
140001725212;1977;VALERIA PEREIRA PINHEIRO;VALERIA PINHEIRO;PA;PODE;Podemos;NÃO ELEITO;853;125000.0;8116132;146.54161781946073;0.015401425210925598
140001651725;1935;REFSON SILVA NASCIMENTO;SARGENTO REFSON;PA;PODE;Podemos;NÃO ELEITO;782;249494.22;8116132;319.0463171355499;0.030740532559105742
140001651736;1913;MICHELE CRISTINA FARIAS DA SILVA;MICHELE AME PET;PA;PODE;Podemos;NÃO ELEITO;720;123175.0;8116132;171.07638888888889;0.015176564402846085
140001651730;1910;LUCELINO LIMA DE SOUSA;LUCELINO SOUSA;PA;PODE;Podemos;NÃO ELEITO;4654;330000.0;8116132;70.90674688440052;0.04065976255684358
140001725214;1933;ANA CAROLINA SILVA DA CUNHA LIMA;CAROL CUNHA;PA;PODE;Podemos;NÃO ELEITO;327;121550.0;8116132;371.71253822629967;0.014976345875104052
140001651729;1901;KLEVERTON ANTUNES FIRMINO GOMES;CORONEL FIRMINO;PA;PODE;Podemos;NÃO ELEITO;15284;857528.17;8116132;56.106266029835126;0.10565724781213515
140001651728;1944;CARLOS EMIDIO CANCELA;CARLINHOS CANCELA;PA;PODE;Podemos;NÃO ELEITO;1085;314624.0;8116132;289.97603686635944;0.038765264044498045
140001725213;1959;ALESSANDRO FELIX DA SILVA;ALESSANDRO FÉLIX;PA;PODE;Podemos;NÃO ELEITO;308;50000.0;8116132;162.33766233766235;0.00616057008437024
140001651735;1909;DARIO GONCALVES PANTOJA JUNIOR;DARINHO PANTOJA;PA;PODE;Podemos;NÃO ELEITO;5063;267172.0;8116132;52.76950424649417;0.03291863661162731
140001651727;1988;MARIA GRACIETE SOUZA MAUES;GRACIETE MAUES;PA;PODE;Podemos;NÃO ELEITO;828;92334.5;8116132;111.51509661835749;0.011376663169105678
180001608873;1000;THIAGO GOMES DUARTE;THIAGO DUARTE;PI;REPUBLICANOS;REPUBLICANOS;NÃO ELEITO;19035;253316.3;3269200;13.307922248489623;0.07748571515967209
180001608872;1015;LUANA MARIA MACHADO BARRADAS;LUANA BARRADAS;PI;REPUBLICANOS;REPUBLICANOS;NÃO ELEITO;3411;74596.0;3269200;21.869246555262386;0.022817814755903585
180001608869;1051;ANTONIO JOSE DE FREITAS LIRA;ANTÔNIO JOSÉ LIRA;PI;REPUBLICANOS;REPUBLICANOS;NÃO ELEITO;1083;60643.9;3269200;55.99621421975993;0.018550073412455646
180001608868;1012;ANA FLÁVIA TEIXEIRA FIDELIS;ANA FIDELIS;PI;REPUBLICANOS;REPUBLICANOS;NÃO ELEITO;22440;297791.11;3269200;13.270548573975043;0.09108990272849626
180001608870;1011;JOSE LUIZ DE CARVALHO;JOSE LUIZ DE CARVALHO;PI;REPUBLICANOS;REPUBLICANOS;NÃO ELEITO;1225;52757.2;3269200;43.06710204081632;0.016137648354337453
180001608866;1010;MARINA SANTOS BATISTA DIAS;DRA MARINA;PI;REPUBLICANOS;REPUBLICANOS;NÃO ELEITO;26542;2505000.0;3269200;94.37872051842363;0.7662425058118194
180001608874;1080;VANICLEUDI DE MEDEIROS NASCIMENTO QUEIROZ;VANI QUEIROZ;PI;REPUBLICANOS;REPUBLICANOS;NÃO ELEITO;2869;20513.82;3269200;7.150163820146393;0.0062748745870549365
180001608871;1099;KARLA RODRIGUES BERGER MARINHO;KARLA BERGER;PI;REPUBLICANOS;REPUBLICANOS;NÃO ELEITO;3909;30363.08;3269200;7.7674801739575345;0.009287617765814268
180001608865;1077;MARA RAQUEL SOARES DE ALMEIDA;PASTORA RAQUEL;PI;REPUBLICANOS;REPUBLICANOS;NÃO ELEITO;3300;43094.11;3269200;13.058821212121213;0.013181851829193687
180001608867;1001;WELLINGTON  FRANCISCO RAULINO;WELLINGTON  RAULINO O XERIFE;PI;REPUBLICANOS;REPUBLICANOS;NÃO ELEITO;5439;45144.22;3269200;8.300095605809892;0.013808950201884253
180001608875;1020;JAMES GUERRA JUNIOR;DELEGADO JAMES GUERRA;PI;REPUBLICANOS;REPUBLICANOS;NÃO ELEITO;10038;53219.12;3269200;5.301765291890815;0.01627894286063869
100001666494;2929;DIMAS CASSIMIRO DO NASCIMENTO;DIMAS CASSIMIRO DO NASCIMENTO;MA;PCO;Partido da Causa Operária;NÃO ELEITO;63;0.0;6775152;0.0;0.0
90001652508;2210;GUSTAVO GAYER MACHADO DE ARAUJO;GUSTAVO GAYER;GO;PL;Partido Liberal;ELEITO POR QP;200586;121916.83;7055228;0.6078032863709332;0.01728035295244888
90001652505;2250;ALCIDES RIBEIRO FILHO;PROFESSOR ALCIDES;GO;PL;Partido Liberal;ELEITO POR QP;90162;1142530.1;7055228;12.671969344069565;0.16194091813900274
160001597825;3055;WILLIAM DOUGLAS BARROS SIMOES;WILLIAM BARROS;PR;NOVO;Partido Novo;NÃO ELEITO;582;11624.9;11443208;19.97405498281787;0.0010158777154098745
160001597831;3033;ALVARO DOS SANTOS MORAES JUNIOR;ALVARO MORAES;PR;NOVO;Partido Novo;NÃO ELEITO;1416;16112.9;11443208;11.379166666666666;0.001408075427799617
160001597846;3023;CARINA DANIEL;CARINA DANIEL;PR;NOVO;Partido Novo;NÃO ELEITO;464;500.0;11443208;1.0775862068965518;4.3694041041637976e-05
160001597845;3034;FABIO FRANCISCO MUNIZ DOS SANTOS;FÁBIO MUNIZ;PR;NOVO;Partido Novo;NÃO ELEITO;312;2810.68;11443208;9.008589743589743;0.000245619934549822
160001597832;3099;ANDREY FERNANDO DIAS;ANDREY DIAS;PR;NOVO;Partido Novo;NÃO ELEITO;1098;14486.74;11443208;13.19375227686703;0.001265968424239077
160001597822;3066;LEDICLEIA FERREIRA DA SILVA;LEDI FERREIRA PR;PR;NOVO;Partido Novo;NÃO ELEITO;182;4370.0;11443208;24.01098901098901;0.0003818859187039159
160001597824;3050;RONALDO DAI NOGAMI;SAMURAI DO NOVO;PR;NOVO;Partido Novo;NÃO ELEITO;761;75762.68;11443208;99.55674113009198;0.006620755298688968
160001597826;3040;MARCOS VINÍCIUS DIAS RAMOS GUERREIRO;MARCOS GUERREIRO;PR;NOVO;Partido Novo;NÃO ELEITO;1062;11826.890000000001;11443208;11.136431261770246;0.0010335292341098756
160001597848;3005;GERSON FAUSTINO ROSA;GERSON ROSA;PR;NOVO;Partido Novo;NÃO ELEITO;703;2269.46;11443208;3.2282503556187767;0.00019832375676471145
160001597847;3003;JOSE CARLOS ALVES SILVA;MARINHO SILVA;PR;NOVO;Partido Novo;NÃO ELEITO;2422;229164.31;11443208;94.61779933938894;0.020026229532837295
160001597836;3043;DANILO DE OLIVEIRA TEO;DANILO TÉO;PR;NOVO;Partido Novo;NÃO ELEITO;541;21630.0;11443208;39.9815157116451;0.0018902042154612588
160001597837;3051;DOUGLAS ALBERTO DOS SANTOS;DOUGLAS SANTOS;PR;NOVO;Partido Novo;NÃO ELEITO;2855;73208.49;11443208;25.642203152364274;0.006397549533312687
160001597839;3012;KELIN CRISTINA PICCOLLI;KELIN PICCOLLI;PR;NOVO;Partido Novo;NÃO ELEITO;911;27850.7;11443208;30.571569703622394;0.0024338192576766936
160001597834;3011;CAMILA ALVES RIBEIRO;CAMILA RIBEIRO;PR;NOVO;Partido Novo;NÃO ELEITO;597;1370.83;11443208;2.2961976549413734;0.00011979420456221717
160001597842;3010;GEANE DEROSSO CHU;GEANE CHU;PR;NOVO;Partido Novo;NÃO ELEITO;1116;17115.15;11443208;15.336155913978496;0.0014956601330675804
160001597844;3031;JAIRO EDUARDO FABRICIO LEMOS;JAIRO EDUARDO;PR;NOVO;Partido Novo;NÃO ELEITO;1209;22480.0;11443208;18.59387923904053;0.0019644840852320435
160001597830;3070;ADEMIR VICENTE DA SILVA;ADEMIR VICENTE;PR;NOVO;Partido Novo;NÃO ELEITO;1192;10147.76;11443208;8.513221476510067;0.0008867932838413844
160001597823;3000;LEONARDO RAZERA STENCEL;LEONARDO RAZERA;PR;NOVO;Partido Novo;NÃO ELEITO;4325;131650.12;11443208;30.439334104046242;0.011504651492833128
160001597827;3030;RODRIGO MARCIAL LEDRA RIBEIRO;RODRIGO MARCIAL;PR;NOVO;Partido Novo;NÃO ELEITO;6002;180236.29;11443208;30.02937187604132;0.01575050370490513
160001597829;3032;ODIRACY BORTOLOTTE;DRA. ODIRACY BORTOLOTTE;PR;NOVO;Partido Novo;NÃO ELEITO;552;5606.07;11443208;10.155923913043477;0.0004899037053245908
160001597833;3036;ARYON JAKSON SCHWINDEN;ARYON;PR;NOVO;Partido Novo;NÃO ELEITO;536;2080.0;11443208;3.8805970149253732;0.00018176721073321397
160001597835;3001;CAROLINA BORTOLOTTE MAIA;CAROLINA MAIA;PR;NOVO;Partido Novo;NÃO ELEITO;1506;56170.99;11443208;37.29813413014608;0.004908675084818872
160001597828;3022;SHERYL MARGITH CALONACI LACERDA;SHERYL CALONACI;PR;NOVO;Partido Novo;NÃO ELEITO;254;1443.0;11443208;5.681102362204724;0.0001261010024461672
160001597843;3009;HENRIQUE ANTUNES MECABO;HENRIQUE MECABÔ;PR;NOVO;Partido Novo;NÃO ELEITO;27651;652230.96;11443208;23.587970055332537;0.05699721266973387
160001597841;3020;FELIPE SÁ FERREIRA;FELIPE SÁ;PR;NOVO;Partido Novo;NÃO ELEITO;2516;29252.36;11443208;11.626534181240064;0.002556307636809538
160001597840;3077;FABRIZIO MELLER DA SILVA;FABRIZIO MELLER;PR;NOVO;Partido Novo;NÃO ELEITO;1118;16639.56;11443208;14.883327370304116;0.0014540992351095954
260001667975;1311;JOAO SOMARIVA DANIEL;JOAO DANIEL;SE;PT;Partido dos Trabalhadores;ELEITO POR QP;68969;1702009.19;2209558;24.677887021705402;0.7702939637701296
190001606478;3321;EDILBERTO SOARES COSTA;GILBERTO COSTA;RJ;PMN;Partido da Mobilização Nacional;NÃO ELEITO;442;2050.0;16054524;4.638009049773756;0.00012768986486301308
190001606485;3311;LUIZ EDUARDO SOUZA DOS SANTOS REGO;LUIZINHO SOS HOMEM;RJ;PMN;Partido da Mobilização Nacional;NÃO ELEITO;395;3100.0;16054524;7.848101265822785;0.00019309199076845878
190001606450;3310;JEFFERSON BELO DE CASTRO;JEFFERSON SOMBRA;RJ;PMN;Partido da Mobilização Nacional;NÃO ELEITO;919;49951.0;16054524;54.35364526659412;0.0031113348486694467
190001606465;3379;HELOISA SILVA DOS SANTOS;HELOISA SANTOS;RJ;PMN;Partido da Mobilização Nacional;NÃO ELEITO;192;0.0;16054524;0.0;0.0
190001606467;3357;MANOEL DE MATOS FILHO;MANOEL MATTOS;RJ;PMN;Partido da Mobilização Nacional;NÃO ELEITO;138;1700.0;16054524;12.318840579710145;0.0001058891562278645
190001606475;3377;MARCOS DIAS PEREIRA;MARCOS DIAS;RJ;PMN;Partido da Mobilização Nacional;NÃO ELEITO;19748;418013.5;16054524;21.167384038890013;0.02603711576873908
190001606488;3305;NIVIA FERNANDA SILVA;FERNANDA DA  SOS;RJ;PMN;Partido da Mobilização Nacional;NÃO ELEITO;2914;99956.8;16054524;34.30226492793411;0.006226083065433768
190001606481;3331;ERIKA FABRICIA OLIVEIRA PEIXOTO;ERIKA PEIXOTO;RJ;PMN;Partido da Mobilização Nacional;NÃO ELEITO;87;13000.0;16054524;149.42528735632183;0.0008097406064483755
190001606461;3359;GILMAR FERREIRA MARTINS;GILMAR MARTINS;RJ;PMN;Partido da Mobilização Nacional;NÃO ELEITO;312;480.0;16054524;1.5384615384615385;2.9898114699632327e-05
190001606477;3326;DAVID MUNIZ DINIZ;DAVID MUNIZ DINIZ;RJ;PMN;Partido da Mobilização Nacional;NÃO ELEITO;1136;44493.7;16054524;39.166989436619716;0.0027714119708563143
190001606464;3355;BARBARA CRISTINA TEIXEIRA DE OLIVEIRA;BARBARA CRISTINA;RJ;PMN;Partido da Mobilização Nacional;NÃO ELEITO;305;39261.0;16054524;128.72459016393444;0.0024454789192130517
190001606452;3301;LEONARDO FIAUX DE ANDRADE;LEONARDO ANDRADE;RJ;PMN;Partido da Mobilização Nacional;NÃO ELEITO;10112;225381.33;16054524;22.28850178006329;0.014038493448949342
190001606455;3356;SANDRA SAMPAIO COSTA;SANDRA SAMPAIO;RJ;PMN;Partido da Mobilização Nacional;NÃO ELEITO;209;14950.0;16054524;71.5311004784689;0.0009312016974156319
190001606479;3396;EDSON VINICIUS CORREA NASCIMENTO;VINICIUS DIPLOMATA;RJ;PMN;Partido da Mobilização Nacional;NÃO ELEITO;1231;126316.43;16054524;102.61285946385053;0.007867964817891829
190001606462;3316;MARCOS DIAS BORGES;MARCÃO BORGES;RJ;PMN;Partido da Mobilização Nacional;NÃO ELEITO;1052;50000.0;16054524;47.52851711026616;0.0031143869478783676
190001606489;3309;RITIELE MARIOTTI BORGES;RITIELE MARIOTTI DO AÇAÍ;RJ;PMN;Partido da Mobilização Nacional;NÃO ELEITO;330;42500.0;16054524;128.78787878787878;0.0026472289056966125
190001606458;3333;BRUNO CHAGAS DE BRITO DA SILVA;DR BRUNO CHAGAS;RJ;PMN;Partido da Mobilização Nacional;NÃO ELEITO;16360;223936.92;16054524;13.688075794621028;0.013948524415921643
190001606463;3307;ANDERSON LUIZ BRAVO;ANDERSON BRAVO;RJ;PMN;Partido da Mobilização Nacional;NÃO ELEITO;491;40804.0;16054524;83.10386965376782;0.0025415889004245782
190001606457;3342;TAMIRES PIMENTEL MOREIRA;TATÁ DO SOCIAL;RJ;PMN;Partido da Mobilização Nacional;NÃO ELEITO;515;100000.0;16054524;194.1747572815534;0.006228773895756735
190001606474;3300;MARCELO DO NASCIMENTO;MARCELO NASCIMENTO;RJ;PMN;Partido da Mobilização Nacional;NÃO ELEITO;2083;63145.25;16054524;30.314570331253;0.00393317484841033
190001606472;3340;JUVENAL VITOR PINTO DE CARVALHO;JUVENAL VITOR;RJ;PMN;Partido da Mobilização Nacional;NÃO ELEITO;1114;54130.0;16054524;48.590664272890486;0.0033716353097731208
190001606484;3360;LUIS CARLOS DA SILVA VIEIRA;CARLINHOS JACARÉ;RJ;PMN;Partido da Mobilização Nacional;NÃO ELEITO;1021;1020.0;16054524;0.9990205680705191;6.35334937367187e-05
190001606460;3337;GERSON DA SILVA PAULO;GERSON PAULO;RJ;PMN;Partido da Mobilização Nacional;NÃO ELEITO;1511;51095.0;16054524;33.81535407015222;0.0031825920220369037
190001606470;3303;ALEXANDRE DE SOUZA MUNIZ;ALEXANDRE MUNIZ;RJ;PMN;Partido da Mobilização Nacional;NÃO ELEITO;747;700.0;16054524;0.9370816599732262;4.3601417270297143e-05
190001606471;3330;ANA MARIA DA SILVA GONÇALVES;CANTORA ANA GONÇALVES;RJ;PMN;Partido da Mobilização Nacional;NÃO ELEITO;1065;205000.0;16054524;192.4882629107981;0.012768986486301306
190001606453;3334;MAURO MARCIO DE PAULA ROSA;PROF DR MAURO ROSA;RJ;PMN;Partido da Mobilização Nacional;NÃO ELEITO;946;8700.0;16054524;9.19661733615222;0.000541903328930836
190001606466;3320;JARBAS SEVERINO OLIVEIRA;JARBAS DA MARÉ;RJ;PMN;Partido da Mobilização Nacional;NÃO ELEITO;1888;5990.0;16054524;3.172669491525424;0.00037310355635582844
190001606486;3318;MARTINHO LUTERO PEREIRA MONTEIRO;PASTOR MARTINHO MONTEIRO;RJ;PMN;Partido da Mobilização Nacional;NÃO ELEITO;797;14999.99;16054524;18.82056461731493;0.0009343154614861207
190001606456;3313;SUZANE FERREIRA VASCONCELLOS;SUZANE VASCONCELLOS;RJ;PMN;Partido da Mobilização Nacional;NÃO ELEITO;200;90000.0;16054524;450.0;0.0056058965061810614
190001606483;3399;GEFERSON JORGE OLIVEIRA DOS SANTOS;GEFERSON DO CQO;RJ;PMN;Partido da Mobilização Nacional;NÃO ELEITO;1270;59672.17;16054524;46.98596062992126;0.0037168445479915818
190001606491;3317;ALEXANDRE GUSMÃO COIMBRA;ALEXANDRE COIMBRA;RJ;PMN;Partido da Mobilização Nacional;NÃO ELEITO;406;1500.0;16054524;3.6945812807881775;9.343160843635102e-05
190001606476;3353;CLAUDIA DA SILVA FERREIRA;CLAUDIA FERREIRA;RJ;PMN;Partido da Mobilização Nacional;NÃO ELEITO;74;0.0;16054524;0.0;0.0
190001606459;3381;CARLA CRISTINA MOTTA PEIXOTO;TININHA;RJ;PMN;Partido da Mobilização Nacional;NÃO ELEITO;517;49978.0;16054524;96.66924564796905;0.003113016617621301
190001606468;3302;MARCELO HORTA DE ALBUQUERQUE;PROFESSOR MARCELO HORTA;RJ;PMN;Partido da Mobilização Nacional;NÃO ELEITO;471;1500.0;16054524;3.1847133757961785;9.343160843635102e-05
190001606454;3328;RICARDO NASCIMENTO LAURENTINO;RICARDO LAURENTINO;RJ;PMN;Partido da Mobilização Nacional;NÃO ELEITO;1011;50000.0;16054524;49.45598417408507;0.0031143869478783676
190001606487;3308;NIVALDA FARIA DE AGUIAR;NIVALDA AGUIAR;RJ;PMN;Partido da Mobilização Nacional;NÃO ELEITO;81;19980.0;16054524;246.66666666666666;0.0012445090243721956
190001606480;3375;ELIZABETE LOURDES BARBOZA;BETH LYRA;RJ;PMN;Partido da Mobilização Nacional;NÃO ELEITO;49;55000.0;16054524;1122.4489795918366;0.003425825642666204
190001606469;3345;MARCO ANTONIO FURTADO;MARCO FURTADO;RJ;PMN;Partido da Mobilização Nacional;NÃO ELEITO;873;98964.87;16054524;113.36182130584191;0.006164297988529588
190001606490;3315;SANDRO DA CONCEIÇÃO DA ROCHA;SANDRINHO ROCHA;RJ;PMN;Partido da Mobilização Nacional;NÃO ELEITO;555;20000.0;16054524;36.03603603603604;0.001245754779151347
190001606451;3378;MARIO RAMOS FILHO;MARIO RAMOS;RJ;PMN;Partido da Mobilização Nacional;NÃO ELEITO;686;8352.57;16054524;12.175758017492711;0.0005202626997848083
190001606482;3338;EZEQUIEL OLIVEIRA SILVA;EZEQUIEL OLIVEIRA;RJ;PMN;Partido da Mobilização Nacional;NÃO ELEITO;2256;39964.35;16054524;17.714694148936168;0.0024892890004088565
190001606448;3322;PIETRO DI IORIO COMES;PIETRO COMES;RJ;PMN;Partido da Mobilização Nacional;NÃO ELEITO;1893;48000.0;16054524;25.356576862123614;0.0029898114699632326
190001606447;3366;PERRY SOUZA AZEREDO;CORONEL PERRY SOUZA;RJ;PMN;Partido da Mobilização Nacional;NÃO ELEITO;2346;39957.69;16054524;17.032263427109974;0.0024888741640673993
190001606445;3393;MESAC EFLAIN DA SILVA ESPINDOLA;MESAC BOMBEIRO;RJ;PMN;Partido da Mobilização Nacional;NÃO ELEITO;12345;21387.89;16054524;1.732514378290806;0.001332203309173165
190001606449;3306;VALTER DE MELLO;VALTER MELLO;RJ;PMN;Partido da Mobilização Nacional;NÃO ELEITO;341;4719.5;16054524;13.840175953079179;0.0002939669840102391
190001606446;3314;MONICA RODRIGUES DA SILVA;MONICA SILVA;RJ;PMN;Partido da Mobilização Nacional;NÃO ELEITO;64;0.0;16054524;0.0;0.0
190001606473;3344;MABELLE FERNANDA DE JESUS PEREZ;MABELLE PEREZ;RJ;PMN;Partido da Mobilização Nacional;NÃO ELEITO;556;33868.299999999996;16054524;60.914208633093516;0.002109579829336578
80001615730;2222;GILVAN AGUIAR COSTA;GILVAN O FEDERAL DA DIREITA;ES;PL;Partido Liberal;ELEITO POR QP;87994;432827.08;3833486;4.918824919880901;0.11290691553327703
170001610411;7070;WALDEMAR DE ANDRADA IGNÁCIO DE OLIVEIRA;WALDEMAR OLIVEIRA;PE;AVANTE;AVANTE;ELEITO POR QP;141386;2373647.76;9058155;16.788421484446832;0.2620453900380375
260001670200;1213;CRISTIANO DOS SANTOS;CRISTIANO PRIME;SE;PDT;Partido Democrático Trabalhista;NÃO ELEITO;461;69987.0;2209558;151.81561822125815;0.031674660724000006
260001670201;1200;ASTROGILDO VIEIRA SANTOS;ASTROGILDO DA FARMACIA;SE;PDT;Partido Democrático Trabalhista;NÃO ELEITO;4337;99844.03;2209558;23.021450311275075;0.045187331583963854
260001670204;1255;ARLEIDE FERREIRA DOS SANTOS;ARLEIDE DO SANTA MARIA;SE;PDT;Partido Democrático Trabalhista;NÃO ELEITO;446;58915.25;2209558;132.0969730941704;0.026663816926281184
260001670202;1201;ANTONIO BITTENCOURT JUNIOR;PROFESSOR BITTENCOURT;SE;PDT;Partido Democrático Trabalhista;NÃO ELEITO;1788;290000.0;2209558;162.1923937360179;0.13124796905082373
260001670203;1212;LUIZ ROBERTO DANTAS DE SANTANA;LUIZ ROBERTO;SE;PDT;Partido Democrático Trabalhista;NÃO ELEITO;35564;702286.21;2209558;19.747109717692048;0.31784013363758723
260001670198;1210;EDSON LUIZ CAMPOS DA SILVA;FREI EDSON LUIZ;SE;PDT;Partido Democrático Trabalhista;NÃO ELEITO;431;39685.81;2209558;92.07844547563805;0.01796097228495473
260001670205;1234;NATALIA PEREIRA DALTO;NATALIA DALTO;SE;PDT;Partido Democrático Trabalhista;NÃO ELEITO;1606;120290.95;2209558;74.90096513075964;0.05444118235411788
260001670206;1222;PRISCILLA MENDONÇA ANDRADE MELO;PRISCILLA MENDONÇA;SE;PDT;Partido Democrático Trabalhista;NÃO ELEITO;7171;343455.61;2209558;47.8950787895691;0.15544086645383376
260001670199;1233;EDIRAN HORACIO DOS SANTOS;COELHINHO;SE;PDT;Partido Democrático Trabalhista;NÃO ELEITO;1457;40001.3;2209558;27.454564172958136;0.018103756497905917
40001609233;5525;ATILA SIDNEY LINS DE ALBUQUERQUE;ATILA LINS;AM;PSD;Partido Social Democrático;ELEITO POR QP;102401;1742489.74;3941175;17.01633519203914;0.44212442735986096
60001619124;1322;JOSE NOBRE GUIMARAES;GUIMARÃES DO PT;CE;PT;Partido dos Trabalhadores;ELEITO POR QP;186136;2047212.47;8791688;10.998476758928955;0.2328577253878891
60001619128;1313;LUIZIANNE DE OLIVEIRA LINS;LUIZIANNE LINS;CE;PT;Partido dos Trabalhadores;ELEITO POR QP;182232;2309946.38;8791688;12.675854844374204;0.26274207865429255
70001595679;1331;ERIKA JUCÁ KOKAY;ERIKA KOKAY;DF;PT;Partido dos Trabalhadores;ELEITO POR QP;146092;2604856.56;2817068;17.830247789064426;0.9246693938520476
100001614966;1919;FÁBIO HENRIQUE DIAS DE MACEDO;FÁBIO MACEDO;MA;PODE;Podemos;ELEITO POR QP;95270;3276530.9;6775152;34.39205311220741;0.4836099470535864
190001596781;2211;CARLOS ROBERTO COELHO DE MATTOS JUNIOR;CARLOS JORDY;RJ;PL;Partido Liberal;ELEITO POR QP;114587;509864.4;16054524;4.4495832860621185;0.0317583006509567
190001596769;2277;SÓSTENES SILVA CAVALCANTE;SÓSTENES CAVALCANTE;RJ;PL;Partido Liberal;ELEITO POR QP;65443;1999972.8599999999;16054524;30.56053145485384;0.12457378742589938
190001738867;2282;ROBERTO LUIZ RODRIGUES DE OLIVEIRA;ROBERTO MONTEIRO PAI;RJ;PL;Partido Liberal;ELEITO POR QP;94221;64385.0;16054524;0.6833402320077265;0.0040103960727829735
190001596770;2222;SORAYA ALENCAR DOS SANTOS;SORAYA SANTOS;RJ;PL;Partido Liberal;ELEITO POR QP;130379;2498790.28;16054524;19.165588630070793;0.15564399667034662
190001596786;2220;HELIO FERNANDO BARBOSA LOPES;HELIO FERNANDO BARBOSA LOPES;RJ;PL;Partido Liberal;ELEITO POR QP;132986;869852.65;16054524;6.540934008091077;0.0541811547947482
190001596803;2256;LUCIANO VIEIRA MENDES;LUCIANO VIEIRA;RJ;PL;Partido Liberal;ELEITO POR QP;84942;736107.25;16054524;8.665998563725836;0.04585045623277277
190001596794;2212;EDUARDO PAZUELLO;GENERAL  PAZUELLO;RJ;PL;Partido Liberal;ELEITO POR QP;205324;944065.37;16054524;4.597929954608326;0.05880369732543923
190001596802;2233;LUIZ EDUARDO CARNEIRO DA SILVA DE SOUZA LIMA;LUIZ LIMA;RJ;PL;Partido Liberal;ELEITO POR QP;69088;607256.23;16054524;8.789604996526169;0.037824617534596476
190001596785;2269;ALTINEU CORTES FREITAS COUTINHO;ALTINEU CORTES;RJ;PL;Partido Liberal;ELEITO POR QP;167512;1337469.0;16054524;7.984317541429868;0.08330791993583865
110001623293;1520;JUAREZ ALVES DA COSTA;JUAREZ COSTA;MT;MDB;Movimento Democrático Brasileiro;ELEITO POR QP;77528;2589694.69;3658813;33.40334704880817;0.7077964055555722
10001621643;1101;MARIA DO SOCORRO NERI MEDEIROS DE SOUZA;SOCORRO NERI;AC;PP;PROGRESSISTAS;ELEITO POR QP;25842;1124782.56;830026;43.525368005572325;1.3551172613869928
40001618446;4455;SAULLO VELAME VIANNA;SAULLO VIANNA;AM;UNIÃO;UNIÃO BRASIL;ELEITO POR QP;127287;2561000.0;3941175;20.119886555579125;0.6498062126142584
190001601720;7733;AUREO LIDIO MOREIRA RIBEIRO;AUREO RIBEIRO;RJ;SOLIDARIEDADE;Solidariedade;ELEITO POR QP;103321;2864250.0;16054524;27.721857124882646;0.1784076563092123
220001635096;5500;CICERO RODRIGUES DA SILVA;MAJOR R SILVA;RO;PSD;Partido Social Democrático;NÃO ELEITO;1543;241082.46;1581016;156.24268308489954;0.15248578129506596
220001635099;5511;MARIA AUXILIADORA DE OLIVEIRA SILVA;DORINHA DO AMAURI;RO;PSD;Partido Social Democrático;NÃO ELEITO;2602;519893.1;1581016;199.80518831667948;0.3288348125509166
220001635101;5555;EXPEDITO GONÇALVES FERREIRA NETTO;EXPEDITO NETTO;RO;PSD;Partido Social Democrático;NÃO ELEITO;20054;1286248.08;1581016;64.13922808417274;0.8135579146574102
220001635100;5517;ROSANI TEREZINHA PIRES DA COSTA DONADON;ROSANI DONADON;RO;PSD;Partido Social Democrático;NÃO ELEITO;15365;1142826.8;1581016;74.37857468272047;0.7228432855834477
220001635094;5590;BERNARDO DA SILVA LIMA JUNIOR;SARGENTO S JUNIOR;RO;PSD;Partido Social Democrático;NÃO ELEITO;221;30000.0;1581016;135.74660633484163;0.01897514003653347
220001635095;5566;ADA CLEIA SICHINEL DANTAS BOABAID;ADA DANTAS BOABAID;RO;PSD;Partido Social Democrático;NÃO ELEITO;2389;509771.76;1581016;213.38290498116368;0.32243301775567107
220001635097;5522;EDSON ALEOTTI;DR EDSON ALEOTTI;RO;PSD;Partido Social Democrático;NÃO ELEITO;3290;205686.59;1581016;62.51872036474164;0.1300977282962348
220001635098;5510;JOLIANE TAMIRES DURAN SIMÕES;JOLIANE FURIA;RO;PSD;Partido Social Democrático;NÃO ELEITO;24630;408153.79;1581016;16.57140844498579;0.2581591773897291
160001614556;1512;SERGIO DE SOUZA;SÉRGIO SOUZA;PR;MDB;Movimento Democrático Brasileiro;ELEITO POR QP;105661;3097984.38;11443208;29.320036531927578;0.27072691329214676
50001602850;2706;NEIVA MARIA SANTANA GUERRA;NEIVA GUERRA;BA;DC;Democracia Cristã;NÃO ELEITO;212;12000.0;14136417;56.60377358490566;0.0008488713936494657
50001723633;2728;DANIEL DOS SANTOS PEREIRA;DANIEL PEREIRA;BA;DC;Democracia Cristã;NÃO ELEITO;164;8000.0;14136417;48.78048780487805;0.0005659142624329772
50001723631;2790;TAIS BRAGA CERQUEIRA;TAIS BRAGA;BA;DC;Democracia Cristã;NÃO ELEITO;22;12000.0;14136417;545.4545454545455;0.0008488713936494657
50001602848;2729;CLAUDIONOR RODRIGUES BASILIO;CLAUDIONOR BASILIO;BA;DC;Democracia Cristã;NÃO ELEITO;530;8000.0;14136417;15.09433962264151;0.0005659142624329772
50001602844;2708;VINICIUS COSTA LIRA;DR. VINICIUS;BA;DC;Democracia Cristã;NÃO ELEITO;1190;8000.0;14136417;6.722689075630252;0.0005659142624329772
50001602847;2718;AILTON COSTA DE ALMEIDA;AILTON COSTA;BA;DC;Democracia Cristã;NÃO ELEITO;225;0.0;14136417;0.0;0.0
50001723634;2712;EDMILSON DA SILVA COSTA;BICHO SOM;BA;DC;Democracia Cristã;NÃO ELEITO;298;6000.0;14136417;20.13422818791946;0.00042443569682473287
50001602843;2770;JOSANIEL SANTOS AZEVEDO;JOSANIEL AZEVEDO;BA;DC;Democracia Cristã;NÃO ELEITO;242;7926.889999999999;14136417;32.75574380165289;0.0005607425134671678
50001723630;2700;LUIS CARLOS LARANJEIRA DE SANTANA;LUIS CARLOS SANTANA;BA;DC;Democracia Cristã;NÃO ELEITO;258;7660.0;14136417;29.689922480620154;0.0005418629062795756
50001602841;2727;ELIS KAILA LIMA COSTA;ELIS DAS MADEIRAS;BA;DC;Democracia Cristã;NÃO ELEITO;183;12000.0;14136417;65.57377049180327;0.0008488713936494657
50001602849;2788;ELISANGELA DE FIGUEIREDO RIBEIRO TEIXEIRA;ELISANGELA FIGUEIREDO;BA;DC;Democracia Cristã;NÃO ELEITO;33;12000.0;14136417;363.6363636363636;0.0008488713936494657
50001723629;2764;CARLOS VICENTE BATISTA;VICENTE BATISTA;BA;DC;Democracia Cristã;NÃO ELEITO;207;7850.0;14136417;37.92270531400966;0.0005553033700123589
50001602842;2707;RUBENS SANTOS FILHO;PASTOR RUBINHO;BA;DC;Democracia Cristã;NÃO ELEITO;159;7999.35;14136417;50.31037735849057;0.0005658682818991545
50001723632;2722;CRISTINA LUCIA DOS SANTOS;CRISTINA DOS SANTOS;BA;DC;Democracia Cristã;NÃO ELEITO;112;12000.000000000002;14136417;107.14285714285715;0.000848871393649466
50001602845;2711;JOANDERSON BISPO DOS SANTOS;JOANDERSON  PAI IASC;BA;DC;Democracia Cristã;NÃO ELEITO;1644;8000.0;14136417;4.866180048661801;0.0005659142624329772
80001650199;1122;EVAIR VIEIRA DE MELO;EVAIR DE MELO;ES;PP;PROGRESSISTAS;ELEITO POR QP;75034;2057931.26;3833486;27.426650051976438;0.5368302531951337
260001618176;1077;LUIZ AUGUSTO CARVALHO RIBEIRO FILHO;GUSTINHO RIBEIRO;SE;REPUBLICANOS;REPUBLICANOS;ELEITO POR QP;71831;2029376.6300000001;2209558;28.252100485862652;0.9184536590576035
60001601183;5555;DOMINGOS GOMES DE AGUIAR NETO;DOMINGOS NETO;CE;PSD;Partido Social Democrático;ELEITO POR QP;175074;1165667.93;8791688;6.658144156185384;0.13258749969289174
60001601189;5511;CÉLIO STUDART BARBOSA;CÉLIO STUDART;CE;PSD;Partido Social Democrático;ELEITO POR QP;205106;1424853.59;8791688;6.946913254609812;0.16206826152156448
270001697137;1234;DHOSER MIQUELIN FEITOSA;MIQUELIN FEITOSA;TO;PDT;Partido Democrático Trabalhista;NÃO ELEITO;1000;59939.4;1511459;59.9394;0.0396566496345584
270001697140;1212;JOÃO CARLOS PINHEIRO DA SILVA;JOHN FAIAL;TO;PDT;Partido Democrático Trabalhista;NÃO ELEITO;868;50472.0;1511459;58.14746543778802;0.033392900502097644
270001697136;1244;LILIANE BASILIO SIQUEIRA;LILIANE SIQUEIRA;TO;PDT;Partido Democrático Trabalhista;NÃO ELEITO;279;193242.23;1511459;692.6244802867384;0.12785145346317697
270001697139;1213;JOANYR SOARES ARAUJO;JÔ ARAUJO;TO;PDT;Partido Democrático Trabalhista;NÃO ELEITO;463;45743.38;1511459;98.7977969762419;0.030264386926803836
270001697135;1210;DJACY ALMEIDA DA SILVA;DJACY ALMEIDA;TO;PDT;Partido Democrático Trabalhista;NÃO ELEITO;640;61992.51;1511459;96.863296875;0.04101501264672082
270001697138;1221;GABRIELLE TAVARES BORGES;DRA. GABRIELLE BORGES;TO;PDT;Partido Democrático Trabalhista;NÃO ELEITO;417;59933.3;1511459;143.72494004796164;0.03965261379898496
210001596133;1922;MAURICIO BEDIN MARCON;MAURICIO MARCON;RS;PODE;Podemos;ELEITO POR QP;140634;71663.31999999999;10880506;0.5095732184251318;0.006586395890044084
270001672962;2022;RAIMUNDO NONATO NORONHA ALVES;RAIMUNDO CONTADOR;TO;PSC;Partido Social Cristão;NÃO ELEITO;804;31919.6;1511459;39.70099502487562;0.021118402814763747
270001672958;2000;ENISON NUNES DE SOUSA;ENISON NUNES;TO;PSC;Partido Social Cristão;NÃO ELEITO;903;29818.95;1511459;33.02209302325581;0.01972858674962404
270001672959;2002;FABIULA DE CARLA PINTO MACHADO IANOWICH;DOUTORA FABIULA;TO;PSC;Partido Social Cristão;NÃO ELEITO;464;299882.94;1511459;646.2994396551724;0.1984062683804192
270001672957;2040;MANOEL ARAGÃO DA SILVA;SARGENTO ARAGÃO;TO;PSC;Partido Social Cristão;NÃO ELEITO;2271;99873.0;1511459;43.9775429326288;0.06607721413548101
270001672963;2025;ELIANE SOARES DE SOUSA;PROFESSORA ELIANE;TO;PSC;Partido Social Cristão;NÃO ELEITO;693;157425.56;1511459;227.16531024531025;0.10415470085526633
270001672961;2020;OSIRES RODRIGUES DAMASO;OSIRES DAMASO;TO;PSC;Partido Social Cristão;NÃO ELEITO;41113;2825522.3;1511459;68.72576314061246;1.8694005593271137
270001672960;2030;MAIRAN MORAIS NASCIMENTO;MAIRAN MORAIS;TO;PSC;Partido Social Cristão;NÃO ELEITO;197;150658.67;1511459;764.7648223350254;0.0996776425956642
270001672964;2023;ROBERT DELMONDES BARBOSA;ROBERT DELMONDES;TO;PSC;Partido Social Cristão;NÃO ELEITO;2261;202433.42;1511459;89.53269349845202;0.13393245863764747
270001672965;2010;VANDERLAM MARQUES DE ARAÚJO;DILAN DO S;TO;PSC;Partido Social Cristão;NÃO ELEITO;1284;50701.3;1511459;39.48699376947041;0.03354460822291574
70001613520;8080;CAIO SAD BARBOSA;CAIO SAD;DF;UP;Unidade Popular;NÃO ELEITO;1472;17424.22;2817068;11.83710597826087;0.0061852323053614615
10001716348;2345;CARLOS LEANDRO DA COSTA SOUSA;CARLOS LEANDRO;AC;CIDADANIA;Cidadania;NÃO ELEITO;273;15000.0;830026;54.94505494505494;0.018071723054458536
10001716344;2323;MARIA ODETE OLIVEIRA DA CONCEIÇÃO SAMPAIO;PASTORA ODETE;AC;CIDADANIA;Cidadania;NÃO ELEITO;119;20000.0;830026;168.0672268907563;0.02409563073927805
10001716346;4500;MINORU MARTINS KINPARA;MINORU KINPARA;AC;PSDB;Partido da Social Democracia Brasileira;NÃO ELEITO;19077;2041249.33;830026;107.00054148975207;2.459259505123936
10001716341;4545;SÉRGIO SEBASTIÃO DE BARROS;SÉRGIO BARROS;AC;PSDB;Partido da Social Democracia Brasileira;NÃO ELEITO;3491;702206.6;830026;201.1476940704669;0.8460055468141962
10001716345;4515;MARCIA MARIA SOUZA DA SILVA;MARCIA MARIA;AC;PSDB;Partido da Social Democracia Brasileira;NÃO ELEITO;253;129999.81;830026;513.8332411067194;0.15662137089681527
10001716347;4533;JOSÉ MANOEL DOS SANTOS;ZÉ PREGO;AC;PSDB;Partido da Social Democracia Brasileira;NÃO ELEITO;609;0.0;830026;0.0;0.0
10001716343;4522;JOÃO RICARDO PERES LEORNE;SGT LEORNE;AC;PSDB;Partido da Social Democracia Brasileira;NÃO ELEITO;668;0.0;830026;0.0;0.0
10001716340;4511;NORMANDO RODRIGUES SALES;NORMANDO SALES;AC;PSDB;Partido da Social Democracia Brasileira;NÃO ELEITO;3887;849287.41;830026;218.49431695394907;1.0232057911438919
10001716342;4555;LANNA CARMEN VAZ DE ARAUJO;LANNA VAZ;AC;PSDB;Partido da Social Democracia Brasileira;NÃO ELEITO;4711;2603000.32;830026;552.5366843557631;3.1360467262471294
210001649220;1415;RICARDO WAGNER;RICARDO WAGNER;RS;PTB;Partido Trabalhista Brasileiro;NÃO ELEITO;23378;661723.87;10880506;28.30540978697921;0.06081738018434069
210001649247;1488;NEY DA ROCHA RIOS;NEY RIOS;RS;PTB;Partido Trabalhista Brasileiro;NÃO ELEITO;379;29800.0;10880506;78.62796833773088;0.002738843211887388
210001649222;1466;PAULO MINCARONE FILHO;PAULO MINCARONE FILHO;RS;PTB;Partido Trabalhista Brasileiro;NÃO ELEITO;1339;97864.38;10880506;73.08766243465273;0.008994469558676775
210001649227;1407;MICHAEL DAVID SOARES GUERIN;GUERIN;RS;PTB;Partido Trabalhista Brasileiro;NÃO ELEITO;2855;122313.75;10880506;42.841943957968475;0.011241549795570169
210001649245;1414;ANDREIA MARIA TEIXEIRA GREZZANA;ANDREIA GREZZANA;RS;PTB;Partido Trabalhista Brasileiro;NÃO ELEITO;788;49466.3;10880506;62.77449238578681;0.004546323488999501
210001649221;1441;RENAN BERLEZE RECCHIA;RENAN BERLEZE RECCHIA;RS;PTB;Partido Trabalhista Brasileiro;NÃO ELEITO;177;45506.0;10880506;257.0960451977401;0.004182342255038506
210001649239;1450;EDMILSON FREIRE PINTO;DR EDMILSON FREIRE;RS;PTB;Partido Trabalhista Brasileiro;NÃO ELEITO;2030;68847.0;10880506;33.91477832512315;0.006327554986872853
210001649241;1422;WAMBERT GOMES DI LORENZO;PROFESSOR WAMBERT DI LORENZO;RS;PTB;Partido Trabalhista Brasileiro;NÃO ELEITO;3843;486562.26;10880506;126.61000780640126;0.04471871620676465
210001649223;1411;PEDRO SOARES DE OLIVEIRA;PEDRO DE OLIVEIRA;RS;PTB;Partido Trabalhista Brasileiro;NÃO ELEITO;3825;80902.0;10880506;21.150849673202615;0.0074354997828226
210001649237;1440;FLORINDO CARLOS MINUSSI;CARLOS MINUSSI;RS;PTB;Partido Trabalhista Brasileiro;NÃO ELEITO;992;63599.93;10880506;64.11283266129033;0.00584530995157762
210001649244;1405;ARIEL JOEL BRANDÃO DOS SANTOS;ARIEL BRANDÃO MORTADELA;RS;PTB;Partido Trabalhista Brasileiro;NÃO ELEITO;980;50000.0;10880506;51.02040816326531;0.004595374516589578
210001649226;1433;MARISTELA PANEGALLI;MARISTELA PANEGALLI;RS;PTB;Partido Trabalhista Brasileiro;NÃO ELEITO;745;88771.0;10880506;119.15570469798658;0.008158719824243469
210001649246;1404;AMINIE PINHEIRO JARDIM CARDOSO DA SILVEIRA;AMINIE P J C S;RS;PTB;Partido Trabalhista Brasileiro;NÃO ELEITO;3111;100000.0;10880506;32.14400514304082;0.009190749033179155
210001649225;1490;NADIR TEREZINHA DA ROSA MACHADO;PROFESSORA NADIR;RS;PTB;Partido Trabalhista Brasileiro;NÃO ELEITO;4147;375879.78;10880506;90.63896310585966;0.03454616724626594
210001649229;1412;MARA LUIZA DA SILVA GROSS;MARA GROSS;RS;PTB;Partido Trabalhista Brasileiro;NÃO ELEITO;622;28984.0;10880506;46.59807073954984;0.0026638466997766464
210001697645;1455;ERALDO ANTONIO ALMEIDA ROGGIA;ERALDO ROGGIA;RS;PTB;Partido Trabalhista Brasileiro;NÃO ELEITO;2413;282963.0;10880506;117.26605884790717;0.026006419186754733
210001649242;1430;VIVIA CORRÊA DE QUADROS;VIVIA QUADROS;RS;PTB;Partido Trabalhista Brasileiro;NÃO ELEITO;392;99195.43;10880506;253.0495663265306;0.009116803023682906
210001649230;1400;LÚCIA ANITA TEIXEIRA DE LIMA;LÚCIA LIMA;RS;PTB;Partido Trabalhista Brasileiro;NÃO ELEITO;1365;50462.0;10880506;36.968498168498165;0.004637835777122865
210001649228;1409;MÁRCIO DAL BELLO DE MENEZES;MÁRCIO MENEZES;RS;PTB;Partido Trabalhista Brasileiro;NÃO ELEITO;425;33000.0;10880506;77.6470588235294;0.0030329471809491214
210001649234;1470;GISLAINE DE FÁTIMA SCHMIDT PRATE PIRES;GISLAINE PIRES;RS;PTB;Partido Trabalhista Brasileiro;NÃO ELEITO;3953;579953.85;10880506;146.71233240576777;0.053302102861760285
210001649224;1402;PATRÍCIA SILVA DE OLIVEIRA;PATRÍCIA OLIVEIRA;RS;PTB;Partido Trabalhista Brasileiro;NÃO ELEITO;616;48750.0;10880506;79.1396103896104;0.004480490153674839
210001649236;1460;FRANCIELE GOTTSCHALK DA CUNHA;FRAN CUNHA;RS;PTB;Partido Trabalhista Brasileiro;NÃO ELEITO;228;57513.33;10880506;252.25144736842105;0.005285905820924137
210001649238;1401;FLÁVIO LUIZ SILVA DE SOUZA;FLÁVIO DE SOUZA;RS;PTB;Partido Trabalhista Brasileiro;NÃO ELEITO;591;96516.0;10880506;163.30964467005077;0.008870543336863193
210001649218;1423;SANDRO JOÃO DAMASCENO CYNTRÃO;SANDRO CYNTRÃO;RS;PTB;Partido Trabalhista Brasileiro;NÃO ELEITO;2142;79548.14;10880506;37.13732026143791;0.007311069907962001
210001649233;1444;JEFFERSON OLEA HOMRICH;JEFFERSON OLEA HOMRICH;RS;PTB;Partido Trabalhista Brasileiro;NÃO ELEITO;7282;316797.0;10880506;43.504119747322164;0.02911601721464057
210001649217;1477;TELMO VIEIRA;TELMO VIEIRA;RS;PTB;Partido Trabalhista Brasileiro;NÃO ELEITO;2521;62707.97;10880506;24.87424434748116;0.005763332146501275
210001649243;1499;ARNO VARLEI QUEVEDO;ARNO QUEVEDO;RS;PTB;Partido Trabalhista Brasileiro;NÃO ELEITO;2984;68757.94;10880506;23.042205093833783;0.0063193697057839044
210001649219;1438;RUBENS GOLDENBERG;GOLD;RS;PTB;Partido Trabalhista Brasileiro;NÃO ELEITO;2985;1701100.0;10880506;569.8827470686767;0.1563438318034106
210001649240;1403;VELOCINO JOÃO UEZ;UEZ;RS;PTB;Partido Trabalhista Brasileiro;NÃO ELEITO;8691;188821.6;10880506;21.726107467495112;0.017354119376433413
210001649231;1417;JOSÉ VALDOIR RIBEIRO;CORONEL VALDOIR;RS;PTB;Partido Trabalhista Brasileiro;NÃO ELEITO;924;74304.0;10880506;80.41558441558442;0.00682909416161344
210001649232;1456;JOSÉ FRANCISCO SCHULTE ULGUIM;DOUTOR SCHULTE;RS;PTB;Partido Trabalhista Brasileiro;NÃO ELEITO;695;68558.0;10880506;98.64460431654676;0.0063009937221669655
170001618847;1221;CRISTIANO JOSÉ DA SILVA;CRISTIANO JOSÉ;PE;PDT;Partido Democrático Trabalhista;NÃO ELEITO;322;24527.95;9058155;76.17375776397516;0.0027078306785432577
170001618852;1232;RITA DE CASSIA SILVA DE CARVALHO CABRAL;PROFESSORA RITA;PE;PDT;Partido Democrático Trabalhista;NÃO ELEITO;1258;49947.0;9058155;39.70349761526232;0.005514036798884541
170001724742;1274;SIDNEY SOUZA ARAUJO RIBEIRO;DR. SIDNEY RIBEIRO;PE;PDT;Partido Democrático Trabalhista;NÃO ELEITO;4609;279996.7;9058155;60.7499891516598;0.03091100781560925
170001618849;1245;HERIKA DE ARAUJO SILVA;HERIKA ARAÚJO;PE;PDT;Partido Democrático Trabalhista;NÃO ELEITO;1839;144770.8;9058155;78.72256661228928;0.01598237168606631
170001618855;1211;MARIA TEREZA MENDES DA SILVA;TEREZA DO CEPEC;PE;PDT;Partido Democrático Trabalhista;NÃO ELEITO;1278;100177.5;9058155;78.38615023474179;0.011059371362048894
170001618851;1246;ROBSON ANTONIO DA SILVA;ROBSON LOBAO;PE;PDT;Partido Democrático Trabalhista;NÃO ELEITO;253;20000.0;9058155;79.05138339920948;0.0022079551520149524
170001618838;1200;IRINEU CARDOSO JUNIOR;IRINEU CARDOSO;PE;PDT;Partido Democrático Trabalhista;NÃO ELEITO;2502;80072.0;9058155;32.003197442046364;0.008839769246607064
170001618856;1234;WOLNEY QUEIROZ MACIEL;WOLNEY QUEIROZ;PE;PDT;Partido Democrático Trabalhista;NÃO ELEITO;63242;1862159.9;9058155;29.444987508301445;0.2055782772540324
170001724741;1201;INALDO LINS DA ROCHA;INALDO LINS ADVOGADO;PE;PDT;Partido Democrático Trabalhista;NÃO ELEITO;1819;109859.04;9058155;60.395294117647055;0.012128191668170835
170001618848;1230;JULIANE MARIA LOPES DE ARAÚJO;JULIE BRONZE;PE;PDT;Partido Democrático Trabalhista;NÃO ELEITO;407;11900.01;9058155;29.23835380835381;0.0013137344194264727
170001618842;1202;JOSÉ FAGNER BEZERRA FERNANDES;FAGNER FERNANDES;PE;PDT;Partido Democrático Trabalhista;NÃO ELEITO;5002;176830.21;9058155;35.351901239504194;0.019521658660069295
170001618840;1270;ERIVALDO JOSÉ DE CARVALHO;MAJOR TOCA;PE;PDT;Partido Democrático Trabalhista;NÃO ELEITO;1394;51971.69;9058155;37.2824175035868;0.005737558034721199
170001618846;1236;ALDIONE ANTÔNIO DA SILVA;ALDI SILVA;PE;PDT;Partido Democrático Trabalhista;NÃO ELEITO;1246;73968.84;9058155;59.36504012841091;0.008165994068328485
170001618854;1214;CRISTIANO LACERDA MATIAS;CAMINHONEIRO CRISTIANO MATIAS;PE;PDT;Partido Democrático Trabalhista;NÃO ELEITO;1244;22000.0;9058155;17.684887459807072;0.0024287506672164474
170001618844;1222;MARIA GORETTI CORDEIRO DE QUEIROZ;GORETTI QUEIROZ;PE;PDT;Partido Democrático Trabalhista;NÃO ELEITO;7533;304911.95;9058155;40.47682862073543;0.033661595545671275
170001618850;1244;JOSEMI PEREIRA PAZ;PEDRO DO PIPA;PE;PDT;Partido Democrático Trabalhista;NÃO ELEITO;2296;81163.56;9058155;35.34998257839721;0.008960275022893734
170001724740;1266;NAYANA COSTA CRUZ;NAYANA CRUZ;PE;PDT;Partido Democrático Trabalhista;NÃO ELEITO;114;19855.0;9058155;174.16666666666666;0.002191947477162844
170001618853;1233;TONNY SCHEKTER MARQUES MAGALHAES;TONNY MAGALHAES;PE;PDT;Partido Democrático Trabalhista;NÃO ELEITO;3737;299999.7;9058155;80.27821782178218;0.033119294160897005
170001618836;1240;EDIVANIA ARCANJO DO NASCIMENTO BARROS;PROFESSORA EDIVANIA ARCANJO;PE;PDT;Partido Democrático Trabalhista;NÃO ELEITO;10106;318942.31;9058155;31.55969819908965;0.035210515828002505
170001618843;1210;ELENILDO MESSIAS DA SILVA;ELENILDO FURÃO;PE;PDT;Partido Democrático Trabalhista;NÃO ELEITO;1227;24958.75;9058155;20.341279543602283;0.0027553900325176595
170001618841;1212;ISABELLA MENEZES DE ROLDAO FIORENZANO;ISABELLA DE ROLDAO;PE;PDT;Partido Democrático Trabalhista;NÃO ELEITO;8755;1199909.08;9058155;137.05414962878356;0.13246727175677608
170001618837;1255;THALLES PITTER GOMES DA SILVA;THALLES CHERLES;PE;PDT;Partido Democrático Trabalhista;NÃO ELEITO;3134;149983.0;9058155;47.85673261008296;0.01655778687823293
170001618845;1277;JOSÉ LUIZ DA SILVA;WILL CONECTADO COM VOCÊ;PE;PDT;Partido Democrático Trabalhista;NÃO ELEITO;1992;80000.0;9058155;40.16064257028113;0.00883182060805981
170001618839;1213;JOSÉ CLAUDIO ANTÔNIO DE SANTANA;DINHO É JUNTOS POR PERNAMBUCO;PE;PDT;Partido Democrático Trabalhista;NÃO ELEITO;1585;45000.0;9058155;28.391167192429023;0.0049678990920336424
260001713926;5115;AVILETE SILVA CRUZ;PROFESSORA AVILETE;SE;PATRIOTA;Patriota;NÃO ELEITO;321;80860.94;2209558;251.9032398753894;0.03659597982945005
260001713933;5123;RICARDO SOUZA MOTA;RICARDO MOTA O CAMINHONEIRO;SE;PATRIOTA;Patriota;NÃO ELEITO;755;10000.0;2209558;13.245033112582782;0.004525792036235301
260001713931;5122;MANOEL DORIA NETO;DORINHA DO QUEIJO;SE;PATRIOTA;Patriota;NÃO ELEITO;402;45000.0;2209558;111.94029850746269;0.020366064163058858
260001713927;5110;ERONEIDE SOUZA DE BRITO CARDOSO;DR. ERONEIDE BRITO;SE;PATRIOTA;Patriota;NÃO ELEITO;504;48959.71;2209558;97.14228174603174;0.022158146561438986
260001713929;5151;ISMAEL SILVA SANTOS;ISMAEL SILVA;SE;PATRIOTA;Patriota;NÃO ELEITO;307;99627.99;2209558;324.5211400651466;0.045089556372813026
260001713932;5152;MARLENE ALVES CALUMBY;MARLENE CALUMBY;SE;PATRIOTA;Patriota;NÃO ELEITO;683;100000.0;2209558;146.41288433382138;0.045257920362353016
260001713930;5100;JOSE HAMILTON NASCIMENTO;HAMILTON DA NOZESTOUR;SE;PATRIOTA;Patriota;NÃO ELEITO;532;40000.0;2209558;75.18796992481202;0.018103168144941204
260001713928;5111;GILMAR RESENDE;GILMAR DOIDO;SE;PATRIOTA;Patriota;NÃO ELEITO;257;9777.5;2209558;38.04474708171206;0.004425093163429066
90001696020;2929;ISAQUE SANTOS BORGES;ISAQUE  BORGES;GO;PCO;Partido da Causa Operária;NÃO ELEITO;82;0.0;7055228;0.0;0.0
40001609257;1599;GINA MARIA REIS GONZALEZ;GINA GONZALEZ;AM;MDB;Movimento Democrático Brasileiro;NÃO ELEITO;260;199961.0;3941175;769.0807692307692;0.05073639206581793
40001609256;1500;NELSON RAIMUNDO DE OLIVEIRA AZEDO;DR. NELSON AZEDO;AM;MDB;Movimento Democrático Brasileiro;NÃO ELEITO;3417;99927.0;3941175;29.244073748902547;0.025354621400978133
40001609254;1512;ELI COSTA DE SOUZA;ELI SOUZA;AM;MDB;Movimento Democrático Brasileiro;NÃO ELEITO;1652;30000.0;3941175;18.159806295399516;0.007611943138784753
40001609250;1544;MARIA ELIZABETH DOS SANTOS OLIVEIRA;ELIZABETH OLIVEIRA;AM;MDB;Movimento Democrático Brasileiro;NÃO ELEITO;260;149853.01;3941175;576.3577307692308;0.038022419709858105
40001609255;1522;FRANCIDALVA DE MORAIS MACHADO;DALVA MORAIS;AM;MDB;Movimento Democrático Brasileiro;NÃO ELEITO;2710;600000.0;3941175;221.4022140221402;0.15223886277569507
40001609252;1519;ANTÔNIA SOCORRO DANTAS DA SILVA;TENENTE SOCORRO DANTAS;AM;MDB;Movimento Democrático Brasileiro;NÃO ELEITO;952;100000.0;3941175;105.04201680672269;0.02537314379594918
40001609249;1505;MÁRCIA AUXILIADORA CARDOSO BARANDA;MÁRCIA BARANDA;AM;MDB;Movimento Democrático Brasileiro;NÃO ELEITO;5418;1300000.0;3941175;239.94093761535623;0.3298508693473393
40001609251;1515;VIVIANE PEREIRA DA SILVA LAGO LIMA;VIVIANE LIMA;AM;MDB;Movimento Democrático Brasileiro;NÃO ELEITO;19337;1552466.3;3941175;80.28475461550396;0.39390950668265173
40001609253;1577;CÉSAR AUGUSTO OLIVEIRA DA FONSECA;SARGENTO AUGUSTO;AM;MDB;Movimento Democrático Brasileiro;NÃO ELEITO;1384;50000.0;3941175;36.127167630057805;0.01268657189797459
70001601744;5050;MARIA FÁTIMA DE SOUSA;PROFA. FÁTIMA SOUSA;DF;PSOL;Partido Socialismo e Liberdade;NÃO ELEITO;7989;200951.05;2817068;25.1534672674928;0.07133340409248197
70001601747;5013;RAPHAEL SEBBA DAHER FLEURY CURADO;RAPHAEL SEBBA;DF;PSOL;Partido Socialismo e Liberdade;NÃO ELEITO;15050;140514.68;2817068;9.336523588039867;0.049879761510904244
70001601751;5010;ROSELI FARIA;ROSELI FARIA;DF;PSOL;Partido Socialismo e Liberdade;NÃO ELEITO;4820;302859.67;2817068;62.83395643153526;0.10750882477810261
70001601743;5000;DANIELLE DE PAULA BENÍCIO DA SILVA;DANI SANCHEZ;DF;PSOL;Partido Socialismo e Liberdade;NÃO ELEITO;8958;188368.28;2817068;21.027939272158964;0.06686678489834111
70001601745;5099;THIAGO DE ÁVILA E SILVA OLIVEIRA;MANDATO COLETIVO BEM VIVER THI;DF;PSOL;Partido Socialismo e Liberdade;NÃO ELEITO;5516;97215.69;2817068;17.624309282088472;0.034509529056451604
70001601746;5088;MARIA EDUARDA KRASNY DE SOUZA DA SILVA;MADU MULHERES DE TODAS LUTAS;DF;PSOL;Partido Socialismo e Liberdade;NÃO ELEITO;2202;95353.25;2817068;43.303019981834694;0.03384840195550835
70001601750;1818;ALDEMARIO ARAUJO CASTRO;ALDEMARIO;DF;REDE;Rede Sustentabilidade;NÃO ELEITO;1160;266674.64;2817068;229.89193103448278;0.09466389877702633
70001601748;1881;LAURIANNE DE MIRANDA GOMES;MIRANDA COLETIVA AFROINDÍGENA;DF;REDE;Rede Sustentabilidade;NÃO ELEITO;1318;239749.53;2817068;181.9040440060698;0.08510604997820428
70001601749;1800;ROBERTO CABRAL BORGES;ROBERTO CABRAL;DF;REDE;Rede Sustentabilidade;NÃO ELEITO;2917;297875.14;2817068;102.11694892012342;0.10573942127062606
20001698711;3313;ISMAEL DAMIÃO DE OLIVEIRA;PROFESSOR ISMAEL;AL;PMN;Partido da Mobilização Nacional;NÃO ELEITO;365;50110.0;3127511;137.2876712328767;0.016022325740820735
20001698714;3300;MARIA JOSÉ DO NASCIMENTO SILVA;SORAYA;AL;PMN;Partido da Mobilização Nacional;NÃO ELEITO;50;50000.0;3127511;1000.0;0.0159871540020163
20001698713;3333;MARCELO ANTÔNIO DE ALBUQUERQUE CAVALCANTE;MARCELO ALBUQUERQUE;AL;PMN;Partido da Mobilização Nacional;NÃO ELEITO;357;50000.0;3127511;140.0560224089636;0.0159871540020163
150001619609;2899;EMILLY RAYANNE COELHO SILVA;EMILLY COELHO;PB;PRTB;Partido Renovador Trabalhista Brasileiro;NÃO ELEITO;1958;4720.0;3974495;2.4106230847803882;0.0011875722576075703
150001619606;2813;MOISES MENEZES GEHO;MOISÉS GIRRÔ;PB;PRTB;Partido Renovador Trabalhista Brasileiro;NÃO ELEITO;311;625.0;3974495;2.009646302250804;0.00015725268241625665
150001619611;2872;ADONAI GOLOMBKO;ADONAI;PB;PRTB;Partido Renovador Trabalhista Brasileiro;NÃO ELEITO;74;0.0;3974495;0.0;0.0
150001619614;2888;ANTONIO PAULO DE OLIVEIRA FERREIRA;PAULO FERREIRA;PB;PRTB;Partido Renovador Trabalhista Brasileiro;NÃO ELEITO;4057;3800.0;3974495;0.9366526990386985;0.0009560963090908405
150001619612;2878;RICARDO ALEXANDRE ARAUJO;RICARDO ALEXANDRE;PB;PRTB;Partido Renovador Trabalhista Brasileiro;NÃO ELEITO;95;0.0;3974495;0.0;0.0
150001619607;2810;MORGANA MACENA DE SANTANA;MORGANA MACENA;PB;PRTB;Partido Renovador Trabalhista Brasileiro;NÃO ELEITO;1457;20966.35;3974495;14.390082361015786;0.005275223644764932
150001619610;2801;JOELNA FIGUEIREDO;JOELNA FIGUEIREDO;PB;PRTB;Partido Renovador Trabalhista Brasileiro;NÃO ELEITO;370;2745.0;3974495;7.418918918918919;0.0006906537811721992
150001619616;2829;ATALIBA DE OLIVEIRA ARRUDA;ATALIBA O  ARRUDA;PB;PRTB;Partido Renovador Trabalhista Brasileiro;NÃO ELEITO;934;3000.0;3974495;3.2119914346895073;0.0007548128755980319
150001619615;2800;JOAO ALBERTO DA CUNHA FILHO;PROFESSOR JOÃO ALBERTO;PB;PRTB;Partido Renovador Trabalhista Brasileiro;NÃO ELEITO;2567;9570.45;3974495;3.7282625633034674;0.002407966295089062
150001619605;2882;JADER MEDEIROS CLEMENTINO JUNIOR;PASTOR JADER MEDEIROS;PB;PRTB;Partido Renovador Trabalhista Brasileiro;NÃO ELEITO;4003;9330.0;3974495;2.330751936047964;0.0023474680431098795
150001619604;2822;MARIA LÚCIA SALDANHA DE SOUSA;CABO LÚCIA;PB;PRTB;Partido Renovador Trabalhista Brasileiro;NÃO ELEITO;110;2511.0;3974495;22.827272727272728;0.0006317783768755527
180001608630;1224;JOSE VAGNER LEAL;VAGUINHO PALHAÇO;PI;PDT;Partido Democrático Trabalhista;NÃO ELEITO;730;49999.94;3269200;68.49306849315069;0.015294243239936377
180001608626;1290;MARCOS ANDRÉ PEREIRA DE SOUSA;SARGENTO MARCOS ANDRÉ;PI;PDT;Partido Democrático Trabalhista;NÃO ELEITO;683;49998.8;3269200;73.20468521229868;0.015293894530772055
180001608629;1244;SAFIRA BRINGEL DE SOUSA;COMENDADORA SAFIRA BRINGEL;PI;PDT;Partido Democrático Trabalhista;NÃO ELEITO;352;40234.8;3269200;114.3034090909091;0.012307231126881195
180001608631;1234;EVANDRO TAJRA HIDD FILHO;EVANDRO HIDD;PI;PDT;Partido Democrático Trabalhista;NÃO ELEITO;8874;1106615.71;3269200;124.70314514311471;0.33849740303438147
180001608625;1200;JANAÍNA MOURA EVANGELISTA DE MELO;JANAINA MELO;PI;PDT;Partido Democrático Trabalhista;NÃO ELEITO;892;79915.14;3269200;89.59096412556053;0.024444861128104733
180001608624;1223;MARCOS VINÍCIOS CARVALHO DIAS;MARQUINHOS;PI;PDT;Partido Democrático Trabalhista;NÃO ELEITO;319;0.0;3269200;0.0;0.0
180001608628;1212;AMANDA COSTA SANTOS;AMANDA COSTA;PI;PDT;Partido Democrático Trabalhista;NÃO ELEITO;2538;80669.05;3269200;31.784495665878644;0.024675471063257067
180001608627;1221;ETEVAN RIBEIRO MAGALHAES;ETEVAN RIBEIRO;PI;PDT;Partido Democrático Trabalhista;NÃO ELEITO;536;22814.9;3269200;42.56511194029851;0.0069787409763856605
70001639631;7733;FERNANDO FRANCISCO DA SILVA DE SOUZA;FERNANDO SOUZA;DF;SOLIDARIEDADE;Solidariedade;NÃO ELEITO;172;39999.83;2817068;232.55715116279072;0.014199099915231014
70001639634;7788;LIGIA BEATRIZ AMORIM AMARAL;LIGIA AMORIM;DF;SOLIDARIEDADE;Solidariedade;NÃO ELEITO;234;4964.0;2817068;21.213675213675213;0.0017621157884722698
70001639636;7757;VIVIANE ALVES RODRIGUES FREITAS;VIVI ALVES;DF;SOLIDARIEDADE;Solidariedade;NÃO ELEITO;331;39766.11;2817068;120.13930513595166;0.014116134221822122
70001639637;7761;WILMA MARIA SILVA DE MENEZES;WILMA MENEZES;DF;SOLIDARIEDADE;Solidariedade;NÃO ELEITO;633;3150.0;2817068;4.976303317535545;0.0011181838706058923
70001639635;7710;RODRIGO ANTONIO LOPES BELCHIOR;RODRIGUINHO;DF;SOLIDARIEDADE;Solidariedade;NÃO ELEITO;2736;30000.0;2817068;10.964912280701755;0.010649370196246594
70001639632;7777;RODOLPHO HOTH DOS REIS;RODOLPHO HOTH HOTH;DF;SOLIDARIEDADE;Solidariedade;NÃO ELEITO;478;5070.0;2817068;10.606694560669457;0.0017997435631656744
70001639630;7770;CLODOALDO BATISTA NERI JUNIOR;NERY JUNIOR;DF;SOLIDARIEDADE;Solidariedade;NÃO ELEITO;116;6000.0;2817068;51.724137931034484;0.002129874039249319
160001603316;1107;ADRIANA APARECIDA PEREIRA DE ARAÚJO;ADRIANA ARAÚJO;PR;PP;PROGRESSISTAS;NÃO ELEITO;489;209969.9;11443208;429.38629856850713;0.01834886685621724
200001604076;7070;HUDSON CARLOS DE CARVALHO ALVES;HUDSON TOURINHO;RN;AVANTE;AVANTE;NÃO ELEITO;1534;29999.6;3302729;19.55645371577575;0.00908327628455135
200001604082;7022;SANDRO CARLOS OZIEL RODRIGUES;DR. SANDRO RODRIGUES;RN;AVANTE;AVANTE;NÃO ELEITO;270;19986.8;3302729;74.02518518518518;0.006051601569489958
200001604080;7050;JOSE MARIA DA SILVA;TOURUM PRODUÇÕES;RN;AVANTE;AVANTE;NÃO ELEITO;203;14300.0;3302729;70.44334975369458;0.004329752759006264
200001604075;7090;GLAUCIA PAIVA VIRGINIO;SARGENTO GLAUCIA;RN;AVANTE;AVANTE;NÃO ELEITO;376;30000.0;3302729;79.7872340425532;0.009083397396516639
200001604078;7000;CIRO GUSTAVO ALVES BEZERRA;CIRO BEZERRA;RN;AVANTE;AVANTE;NÃO ELEITO;2292;57427.95;3302729;25.055824607329843;0.01738802971724292
200001738630;7099;ADENILDE MEDEIROS CHIANCA;BONITA;RN;AVANTE;AVANTE;NÃO ELEITO;166;19900.0;3302729;119.87951807228916;0.006025320273022703
200001604074;7011;JOSE EDUARDO MIGLIAVACA DOMINGO;EDUARDO GAÚCHO;RN;AVANTE;AVANTE;NÃO ELEITO;313;12742.42;3302729;40.71060702875399;0.003858148821777385
200001604077;7007;MISAEL PEREIRA DE ARAUJO;MISAEL ARAUJO;RN;AVANTE;AVANTE;NÃO ELEITO;245;12500.0;3302729;51.02040816326531;0.003784748915215266
200001604081;7020;SANDRA MARIA DE SOUZA;SARGENTO SANDRA;RN;AVANTE;AVANTE;NÃO ELEITO;992;25000.0;3302729;25.201612903225808;0.007569497830430532
100001723410;3526;DANIELE DA CRUZ CAMBRAIA;DANIELE CAMBRAIA;MA;PMB;Partido da Mulher Brasileira;NÃO ELEITO;71;0.0;6775152;0.0;0.0
100001723412;3500;ANTÔNIO ALAN CARDEK DE JESUS ROCHA;ALAN;MA;PMB;Partido da Mulher Brasileira;NÃO ELEITO;529;1500.0;6775152;2.835538752362949;0.0002213972468809556
100001723415;3513;CARLOS MAGNO DOS REMEDIOS;COLETIVO UNIDOS PELO MARANHÃO;MA;PMB;Partido da Mulher Brasileira;NÃO ELEITO;58;1222.5;6775152;21.07758620689655;0.0001804387562079788
100001723419;3505;FRANCILENE MARTINS MINEIRO;LENA;MA;PMB;Partido da Mulher Brasileira;NÃO ELEITO;141;0.0;6775152;0.0;0.0
100001723411;3567;ANN MICHELLE MARQUES BOTELHO;ANN MICHELE;MA;PMB;Partido da Mulher Brasileira;NÃO ELEITO;121;0.0;6775152;0.0;0.0
100001723414;3555;REGINALDO PEREIRA SANTOS;REGINALDO DE BERTO;MA;PMB;Partido da Mulher Brasileira;NÃO ELEITO;278;0.0;6775152;0.0;0.0
100001723417;3540;MARIA DAS NEVES BARROS PINHEIRO;MARIA DAS NEVES;MA;PMB;Partido da Mulher Brasileira;NÃO ELEITO;30;0.0;6775152;0.0;0.0
100001723416;3530;DÍLSON DOS SANTOS MATOS;DILSON COLETIVO BABAÇU;MA;PMB;Partido da Mulher Brasileira;NÃO ELEITO;105;0.0;6775152;0.0;0.0
260001602622;1910;JOÃO SEBASTIÃO DA SILVA;CHINA DA BORRACHARIA;SE;PODE;Podemos;NÃO ELEITO;612;0.0;2209558;0.0;0.0
260001602623;1988;CRISTIANE DE ALMEIDA;CRISTIANE ALMEIDA;SE;PODE;Podemos;NÃO ELEITO;727;20000.0;2209558;27.51031636863824;0.009051584072470602
260001602618;1900;FABRICIO ARAUJO CARDOSO;FABRÍCIO CARDOSO;SE;PODE;Podemos;NÃO ELEITO;605;405.0;2209558;0.6694214876033058;0.0001832945774675297
260001602624;1922;MOISES BEZERRA DOS SANTOS;PASTOR MOISÉS;SE;PODE;Podemos;NÃO ELEITO;465;0.0;2209558;0.0;0.0
260001602620;1999;FRANCISCO MANUEL NAVARRO CALDAS;FRANCISCO NAVARRO;SE;PODE;Podemos;NÃO ELEITO;600;4000.0;2209558;6.666666666666667;0.0018103168144941206
260001602621;1911;LAZARA MIMARIA SANTANA;DRA LAZARA;SE;PODE;Podemos;NÃO ELEITO;761;30000.0;2209558;39.42181340341656;0.013577376108705904
260001602617;1930;ADRIANA LIMA MALLEZAN;ADRIANA MALLEZAN;SE;PODE;Podemos;NÃO ELEITO;1418;2357184.04;2209558;1662.330070521862;1.0668124756172954
250001611848;1080;MAURREN HIGA MAGGI;MAURREN MAGGI;SP;REPUBLICANOS;REPUBLICANOS;NÃO ELEITO;3385;30000.0;44420459;8.862629246676514;0.0006753644756349772
150001643397;7001;MARIA JOSE BELO DA SILVA;LETICIA;PB;AVANTE;AVANTE;NÃO ELEITO;416;4000.0;3974495;9.615384615384615;0.0010064171674640425
150001726525;7010;KEILLA JOSELY FERNANDES PEREIRA DA SILVA;KEILLA FERNANDES;PB;AVANTE;AVANTE;NÃO ELEITO;136;0.0;3974495;0.0;0.0
150001643399;7000;RODRIGO DOS SANTOS ROLIM;RODRIGO ROLIM;PB;AVANTE;AVANTE;NÃO ELEITO;677;21600.0;3974495;31.90546528803545;0.00543465270430583
150001643403;7012;HOMERO DA SILVA SATIRO;HOMERO SÁTIRO;PB;AVANTE;AVANTE;NÃO ELEITO;346;0.0;3974495;0.0;0.0
150001643400;7070;ERICK RICARDO SILVEIRA TARGINO;ERICK TARGINO;PB;AVANTE;AVANTE;NÃO ELEITO;307;4000.0;3974495;13.029315960912053;0.0010064171674640425
150001643402;7002;CAMILLA MARIA DA SILVA DELFINO;CAMILA DELFINO;PB;AVANTE;AVANTE;NÃO ELEITO;47;0.0;3974495;0.0;0.0
150001643401;7040;JOSUÉ JANUÁRIO SOUZA DA SILVA;JOSUÉ SOUZA;PB;AVANTE;AVANTE;NÃO ELEITO;1872;4000.0;3974495;2.1367521367521367;0.0010064171674640425
150001643398;7077;ROSIEL ALVES DOS SANTOS;IRMÃO ROSIEL ALVES;PB;AVANTE;AVANTE;NÃO ELEITO;482;4000.0;3974495;8.298755186721992;0.0010064171674640425
150001643404;7022;VITAL FARIAS;VITAL FARIAS;PB;AVANTE;AVANTE;NÃO ELEITO;205;4000.0;3974495;19.51219512195122;0.0010064171674640425
170001738823;4414;ARNALDO DELMONDES OLIVEIRA;ARNALDO DELMONDES;PE;UNIÃO;UNIÃO BRASIL;NÃO ELEITO;3765;700311.0;9058155;186.00557768924304;0.07731276402313716
260001713564;2220;LÍCIA MARIA DE MELO;LÍCIA MELO;SE;PL;Partido Liberal;NÃO ELEITO;327;142549.9;2209558;435.93241590214063;0.06451512021861386
240001614588;9011;SERGIO MAZZOLA;MAZZOLA;SC;PROS;Partido Republicano da Ordem Social;NÃO ELEITO;187;2000.0;7609601;10.695187165775401;0.0002628258695823868
240001614596;9005;CRISTIANE ALVES CONCEIÇÃO;CRIS ALVES;SC;PROS;Partido Republicano da Ordem Social;NÃO ELEITO;55;0.0;7609601;0.0;0.0
240001734164;9099;ARTHUR CIURILLI;ARTHUR DOS SONHOS;SC;PROS;Partido Republicano da Ordem Social;NÃO ELEITO;210;0.0;7609601;0.0;0.0
240001614584;9033;EDUARDO REMUS CIDREIRA;EDUARDO BICUDO FEDERAL;SC;PROS;Partido Republicano da Ordem Social;NÃO ELEITO;250;0.0;7609601;0.0;0.0
240001614585;9000;LUIZ EDUARDO KOSLOVSKI SANTOS;LUIZ KOSS;SC;PROS;Partido Republicano da Ordem Social;NÃO ELEITO;1008;0.0;7609601;0.0;0.0
240001614591;9022;LEANDRO RIBEIRO MACIEL;LEANDRO MACIEL;SC;PROS;Partido Republicano da Ordem Social;NÃO ELEITO;165;0.0;7609601;0.0;0.0
240001614586;9004;NARA MARIA ORENCO FÁVERO;NARA FAVERO;SC;PROS;Partido Republicano da Ordem Social;NÃO ELEITO;37;0.0;7609601;0.0;0.0
240001614594;9001;ÂNGELO WEBER BIZZI;ANGELO WEBER;SC;PROS;Partido Republicano da Ordem Social;NÃO ELEITO;29;0.0;7609601;0.0;0.0
240001614587;9014;MAIARA CARVALHO DOS SANTOS;MAIARA CARVALHO;SC;PROS;Partido Republicano da Ordem Social;NÃO ELEITO;10;0.0;7609601;0.0;0.0
240001679967;9088;ESTELITA DOS SANTOS;ESTELITA;SC;PROS;Partido Republicano da Ordem Social;NÃO ELEITO;270;180.0;7609601;0.6666666666666666;2.365432826241481e-05
240001614583;9055;ALESSANDRA SALTON;ALE SALTON;SC;PROS;Partido Republicano da Ordem Social;NÃO ELEITO;252;0.0;7609601;0.0;0.0
240001614582;9090;JEFERSON DA ROCHA;JEFERSON DA ROCHA;SC;PROS;Partido Republicano da Ordem Social;NÃO ELEITO;2430;141800.0;7609601;58.35390946502058;0.018634354153391222
240001614592;9002;ÁLVARO LUIZ BORTOLOTTO PREIS;ALVARO B PREIS;SC;PROS;Partido Republicano da Ordem Social;NÃO ELEITO;94;0.0;7609601;0.0;0.0
230001600063;2011;LUIZA TORQUATO DA COSTA;LUIZA TORQUATO;RR;PSC;Partido Social Cristão;NÃO ELEITO;65;0.0;636303;0.0;0.0
230001600064;2020;JORDEAN FABRICIO DA SILVA;DEAN FABRICIO;RR;PSC;Partido Social Cristão;NÃO ELEITO;76;0.0;636303;0.0;0.0
230001600065;2022;MÁRIO SARMENTO DA SILVA;MARÃO;RR;PSC;Partido Social Cristão;NÃO ELEITO;146;0.0;636303;0.0;0.0
170001723515;9090;EDSON FIRMINO DO NASCIMENTO;EDSON BAIXINHO ;PE;PROS;Partido Republicano da Ordem Social;NÃO ELEITO;66;0.0;9058155;0.0;0.0
170001723514;9023;NATHALY NASCIMENTO CHAVES;NATHALY CHAVES ;PE;PROS;Partido Republicano da Ordem Social;NÃO ELEITO;0;0.0;9058155;;0.0
170001723513;9050;GEOVA DE SIQUEIRA FREITAS;GEOVA DE SIQUEIRA FREITAS;PE;PROS;Partido Republicano da Ordem Social;NÃO ELEITO;92;0.0;9058155;0.0;0.0
70001723756;2022;ANA PAULA BATISTA SOLEDADE;ANA PAULA BATISTA ;DF;PSC;Partido Social Cristão;NÃO ELEITO;1464;56672.0;2817068;38.7103825136612;0.0201173702587229
70001723755;2099;PAULO ROBERTO SANTOS DA CUNHA;SARGENTO PAULO ROBERTO;DF;PSC;Partido Social Cristão;NÃO ELEITO;769;26480.0;2817068;34.43433029908973;0.009399844093220327
70001723754;2020;ALESSANDRA ALMEIDA CHIANELLI DUTRA;ALE CHIANELLI;DF;PSC;Partido Social Cristão;NÃO ELEITO;589;57420.0;2817068;97.48726655348048;0.020382894555615982
70001723759;2044;RAFAEL LIMA FREIRE;DR RAFAEL FREIRE;DF;PSC;Partido Social Cristão;NÃO ELEITO;731;18600.0;2817068;25.444596443228455;0.006602609521672889
70001723760;2000;VANDERLEI MACIEL LIMA;WANDER MACIEL;DF;PSC;Partido Social Cristão;NÃO ELEITO;773;26200.0;2817068;33.89391979301423;0.009300449971388692
70001723757;2002;GLAUCE CANDIDA LOPES FRANCO;GLAUCE FRANCO;DF;PSC;Partido Social Cristão;NÃO ELEITO;164;20000.0;2817068;121.95121951219512;0.007099580130831062
70001723758;2019;LUCIANO ALVES DA COSTA SANTOS;LUCIANO BAGLOGUI;DF;PSC;Partido Social Cristão;NÃO ELEITO;979;26200.0;2817068;26.76200204290092;0.009300449971388692
70001723753;2077;LUCIANO NAZARIO FEITOZA;SARGENTO NAZÁRIO;DF;PSC;Partido Social Cristão;NÃO ELEITO;480;26200.0;2817068;54.583333333333336;0.009300449971388692
70001723761;2033;IVAN JOSÉ DE ALMEIDA JUNIOR;IVAN BIGODE;DF;PSC;Partido Social Cristão;NÃO ELEITO;273;18360.0;2817068;67.25274725274726;0.0065174145601029155
210001697402;2101;ÁTILA FERREIRA TRESOHLAVY;HUNO;RS;PCB;Partido Comunista Brasileiro;NÃO ELEITO;107;79.5;10880506;0.7429906542056075;7.306645481377428e-06
210001697403;2121;FELIPE AMARO FREITAS FERREIRA;JUH GUERRA;RS;PCB;Partido Comunista Brasileiro;NÃO ELEITO;2463;0.0;10880506;0.0;0.0
90001605342;4050;ALYSSON FRANCISCO DE LIMA;ALYSSON LIMA;GO;PSB;Partido Socialista Brasileiro;NÃO ELEITO;9612;850026.99;7055228;88.43393570536828;0.12048185969326576
90001605346;4077;WENNER PATRICK DE SOUSA;WENNER PATRICK;GO;PSB;Partido Socialista Brasileiro;NÃO ELEITO;3277;251065.0;7055228;76.61428135489777;0.03558566781966507
90001618865;4007;MARCIO LOPES ROCHA;PROFESSOR MÁRCIO;GO;PSB;Partido Socialista Brasileiro;NÃO ELEITO;639;91232.0;7055228;142.77308294209703;0.012931120014831555
90001605344;4020;WESLEY PEREIRA DA COSTA;WESLEY COSTA;GO;PSB;Partido Socialista Brasileiro;NÃO ELEITO;1896;149936.44;7055228;79.08040084388186;0.021251820635704473
90001605337;4022;ELLEN REZENDE DE LIMA MENESES;ELLEN DE LIMA;GO;PSB;Partido Socialista Brasileiro;NÃO ELEITO;2551;499973.65;7055228;195.99123872990984;0.07086569704054922
90001605341;4000;FABRICIO ALVES DE SOUZA SANTOS;FABRIÇÃO;GO;PSB;Partido Socialista Brasileiro;NÃO ELEITO;3230;636813.0;7055228;197.15572755417958;0.09026115102162538
90001618866;4099;JUNIO JOSE DA SILVA ELIAS;JUNIO BOI E CIA;GO;PSB;Partido Socialista Brasileiro;NÃO ELEITO;620;299920.8;7055228;483.7432258064516;0.04251043339775837
90001605335;4001;WILSON RIBEIRO DA COSTA;WILSON RIBEIRO DA CULTURA;GO;PSB;Partido Socialista Brasileiro;NÃO ELEITO;151;150000.0;7055228;993.3774834437086;0.021260829557882468
90001605348;4004;IVANE CAMPOS MENDONÇA;DRA. IVANE;GO;PSB;Partido Socialista Brasileiro;NÃO ELEITO;4661;324189.54;7055228;69.55364514052778;0.04595025702925547
90001605340;4010;LUCIA HELENA BATISTA DE OLIVEIRA;PROFESSORA LUCIA BATISTA;GO;PSB;Partido Socialista Brasileiro;NÃO ELEITO;7445;599920.61;7055228;80.58033713901948;0.0850320655831392
90001605347;4015;KELIS LUIZ DA SILVA;KELLY CRISTINA;GO;PSB;Partido Socialista Brasileiro;NÃO ELEITO;4531;219867.0;7055228;48.52504965791216;0.03116369874935296
90001605336;4040;ELIAS VAZ DE ANDRADE;ELIAS VAZ;GO;PSB;Partido Socialista Brasileiro;NÃO ELEITO;30411;2508923.42;7055228;82.50052349478807;0.35561195470933044
90001605343;4045;JOSE RODRIGUES CHAVEIRO;ZÉ CHAVEIRO;GO;PSB;Partido Socialista Brasileiro;NÃO ELEITO;1220;150000.0;7055228;122.95081967213115;0.021260829557882468
90001609707;4013;LUIZ CARLOS PEREIRA MACAUBA;LUIZ MACAÚBA;GO;PSB;Partido Socialista Brasileiro;NÃO ELEITO;642;300000.0;7055228;467.2897196261682;0.042521659115764936
90001605334;4044;CARLOS ANTONIO DE SOUSA COSTA;CARLOS ANTONIO (RADIALISTA);GO;PSB;Partido Socialista Brasileiro;NÃO ELEITO;3102;502873.04;7055228;162.11252095422307;0.07127665328462808
90001605339;4080;NOÊMIA DE FÁTIMA AIRES LUIZ DE FREITAS;DRA NOÊMIA AIRES;GO;PSB;Partido Socialista Brasileiro;NÃO ELEITO;1179;267331.46;7055228;226.7442408821035;0.037891257376799166
90001605338;4011;FLAVIANO JOSE RODRIGUES SILVA;PROFESSOR FLAVIANO;GO;PSB;Partido Socialista Brasileiro;NÃO ELEITO;1312;150352.7;7055228;114.59809451219513;0.021310820855116236
90001605345;4003;MARIA JOSÉ COSTA PEREIRA;MARIA JOSÉ COSTA;GO;PSB;Partido Socialista Brasileiro;NÃO ELEITO;742;199984.7;7055228;269.5211590296496;0.028345604139228386
170001609122;4401;FERNANDO BEZERRA DE SOUZA COELHO FILHO;FERNANDO FILHO;PE;UNIÃO;UNIÃO BRASIL;ELEITO POR QP;155305;2545982.33;9058155;16.393434403270984;0.2810707401231266
170001609111;4433;JOSÉ MENDONÇA BEZERRA FILHO;MENDONÇA FILHO;PE;UNIÃO;UNIÃO BRASIL;ELEITO POR QP;76022;3296681.4;9058155;43.36483386388151;0.36394623408409327
190001714956;3650;WILLIANS TEIXEIRA MADALENA;PASTOR DIDA;RJ;AGIR;AGIR;NÃO ELEITO;569;10000.0;16054524;17.57469244288225;0.0006228773895756735
190001714930;3610;PATRICK ALEXANDRE DE OLIVEIRA;PATRICK DO NADINHO;RJ;AGIR;AGIR;NÃO ELEITO;2129;69926.85;16054524;32.84492719586661;0.004355585378924969
190001714952;3666;ROSILENE ETIENE MENDONÇA;ETHIENE;RJ;AGIR;AGIR;NÃO ELEITO;240;55000.0;16054524;229.16666666666666;0.003425825642666204
190001714953;3688;SERGIO ANTONIO PINTO DOS SANTOS;SERGINHO NEGUINHO;RJ;AGIR;AGIR;NÃO ELEITO;3064;90861.9;16054524;29.654667101827673;0.005659582308388589
190001714938;3698;CAMILLA DA CUNHA SANTIAGO;CAMILLA SANTIAGO;RJ;AGIR;AGIR;NÃO ELEITO;124;19220.0;16054524;155.0;0.0011971703427644444
190001714946;3699;JEAN CARLO DE MENEZES VILHENA;JEAN CARLOS;RJ;AGIR;AGIR;NÃO ELEITO;315;60000.0;16054524;190.47619047619048;0.003737264337454041
190001714941;3669;FATIMA DENISE CAMPELO DE LIMA SOUZA;BIANCA NALDY;RJ;AGIR;AGIR;NÃO ELEITO;158;50000.0;16054524;316.45569620253167;0.0031143869478783676
190001714944;3625;GILSELENE SANTOS ARRUZZO;GIL ARRUZO;RJ;AGIR;AGIR;NÃO ELEITO;467;51020.0;16054524;109.25053533190578;0.0031779204416150864
190001714922;3611;MARLI ALVES DA SILVA;MARLI ALVES;RJ;AGIR;AGIR;NÃO ELEITO;445;30000.0;16054524;67.41573033707866;0.0018686321687270205
190001714928;3648;VERONICA PENCO FIGUEIREDO;VERONICA PENCO;RJ;AGIR;AGIR;NÃO ELEITO;465;43756.0;16054524;94.09892473118279;0.002725462305827317
190001714963;3612;HELIO SEVERINO DE AZEVEDO;HELINHO DO SINDICATO;RJ;AGIR;AGIR;NÃO ELEITO;8393;900745.5;16054524;107.32104134397713;0.05610540057120348
190001714937;3693;ALEX SANDRO DA CONCEIÇÃO;ALEX SANDRO VIGILANTE;RJ;AGIR;AGIR;NÃO ELEITO;464;25000.0;16054524;53.87931034482759;0.0015571934739391838
190001714962;3622;ELITUSALEM GOMES DE FREITAS;MAJOR ELITUSALEM;RJ;AGIR;AGIR;NÃO ELEITO;3611;407287.95;16054524;112.79090279700914;0.025369045510162745
190001714925;3644;RAFAELLA TORRES LEANDRO DA ROCHA;RAFAELLA LEANDRO;RJ;AGIR;AGIR;NÃO ELEITO;440;23916.0;16054524;54.35454545454545;0.0014896735649091808
190001714924;3623;OZORIO FONTOURA FERREIRA BARBOSA;OZORIO BARBOSA;RJ;AGIR;AGIR;NÃO ELEITO;630;0.0;16054524;0.0;0.0
190001714951;3635;ROSEMARY PEDREIRA NUNES CABRAL;DRA.  ROSE CABRAL;RJ;AGIR;AGIR;NÃO ELEITO;312;40000.0;16054524;128.2051282051282;0.002491509558302694
190001714920;3621;MARIA JESUS FERNANDES DA SILVA;MARIA DE JESUS;RJ;AGIR;AGIR;NÃO ELEITO;372;23717.0;16054524;63.755376344086024;0.0014772783048566248
190001714923;3653;MAURICIO BARBOSA REIS;MAURICIO REIS;RJ;AGIR;AGIR;NÃO ELEITO;123;20000.0;16054524;162.60162601626016;0.001245754779151347
190001714929;3640;OSNIR ROCHA DE SOUZA;OSNIR GLADIADOR;RJ;AGIR;AGIR;NÃO ELEITO;596;22216.0;16054524;37.2751677852349;0.0013837844086813163
190001714965;3689;JOAO BOSCO DE SOUZA GESTAL;JOÃO BOSCO;RJ;AGIR;AGIR;NÃO ELEITO;481;50690.4;16054524;105.38544698544699;0.003157390402854672
190001714945;3602;GLAUCIO SANTOS DA SILVA;GLAUCIO SANTOS ;RJ;AGIR;AGIR;NÃO ELEITO;1202;48985.0;16054524;40.75291181364393;0.0030511648928364366
190001714935;3663;ADRIANO LEITE DE ANDRADE;ALAN ANDRADE;RJ;AGIR;AGIR;NÃO ELEITO;558;10000.0;16054524;17.921146953405017;0.0006228773895756735
190001714957;3636;WILSON MARTINS COUTINHO;WILSON PROTETOR;RJ;AGIR;AGIR;NÃO ELEITO;6646;330874.73;16054524;49.78554468853445;0.02060943880989558
190001714954;3601;SHIRLEI DE OLIVEIRA ENGEL;SHIRLEY ANGEL;RJ;AGIR;AGIR;NÃO ELEITO;642;0.0;16054524;0.0;0.0
190001714958;3616;CARLOS ALEXANDRE DE OLIVEIRA;CARLOS ALEXANDRE;RJ;AGIR;AGIR;NÃO ELEITO;516;50000.0;16054524;96.89922480620154;0.0031143869478783676
190001714961;3633;CRISTIANE FLAVIA FRANCO;CRISTIANE FRANCO;RJ;AGIR;AGIR;NÃO ELEITO;390;0.0;16054524;0.0;0.0
190001714950;3618;MARIA ELIANE SANTOS DE MORAIS;LILI MORAIS;RJ;AGIR;AGIR;NÃO ELEITO;698;59952.0;16054524;85.89111747851003;0.0037342745259840776
190001714943;3608;FERNANDO GOMES DE FREITAS;FERNANDO FREITAS;RJ;AGIR;AGIR;NÃO ELEITO;51;200000.0;16054524;3921.5686274509803;0.01245754779151347
190001714926;3660;RONILDO NAVEGA HENRIQUES;RONILDO SESSENTA;RJ;AGIR;AGIR;NÃO ELEITO;1037;24325.75;16054524;23.45781099324976;0.001515195965947044
190001714931;3607;ROMULO GOMES DE MATTOS;ROMULO MATTOS;RJ;AGIR;AGIR;NÃO ELEITO;2829;180000.0;16054524;63.62672322375398;0.011211793012362123
190001714934;3670;ADILSON DOS REIS VIEIRA;ADILSON REIS;RJ;AGIR;AGIR;NÃO ELEITO;178;10000.0;16054524;56.17977528089887;0.0006228773895756735
190001714959;3655;EMERSON CRUZ DE OLIVEIRA;EMERSON ZÉ NINGUÉM;RJ;AGIR;AGIR;NÃO ELEITO;306;10000.0;16054524;32.6797385620915;0.0006228773895756735
190001714921;3619;JOKLEYNE ANTONIO FARIA DA SILVA;JOKLEYNE;RJ;AGIR;AGIR;NÃO ELEITO;970;152106.07;16054524;156.81038144329898;0.009474343182021467
190001714927;3690;THIAGO DE SOUZA LYRA;THIAGO LYRA;RJ;AGIR;AGIR;NÃO ELEITO;319;50000.0;16054524;156.73981191222572;0.0031143869478783676
190001714932;3652;SIDNEY CANDIDO DA SILVA CAVALCANTE;NEY CAVALCANTE;RJ;AGIR;AGIR;NÃO ELEITO;428;60000.0;16054524;140.18691588785046;0.003737264337454041
190001714948;3637;LEREMICE DOS ANJOS MACIEL;BERE DOS ANJOS;RJ;AGIR;AGIR;NÃO ELEITO;76;0.0;16054524;0.0;0.0
190001714955;3680;WALBER CARVALHO DE ALMEIDA;PROFESSOR WALBER;RJ;AGIR;AGIR;NÃO ELEITO;1596;24999.6;16054524;15.663909774436089;0.0015571685588436006
190001714964;3620;HUGO JOSE TAVARES;HUGO TAVARES;RJ;AGIR;AGIR;NÃO ELEITO;189;9811.0;16054524;51.91005291005291;0.0006111050069126933
190001714936;3609;ANDRE ARIGONE TELLES BARROS;ANDRE ARIGONI;RJ;AGIR;AGIR;NÃO ELEITO;519;0.0;16054524;0.0;0.0
190001714960;3696;CLAUDIO HENRIQUE BARACK OBAMA DOS ANJOS;BARACK OBAMA;RJ;AGIR;AGIR;NÃO ELEITO;409;70000.0;16054524;171.14914425427872;0.004360141727029715
190001714940;3627;ERIKA GAMA ALBUQUERQUE;ERIKA GAMA;RJ;AGIR;AGIR;NÃO ELEITO;175;39984.75;16054524;228.4842857142857;0.002490559670283591
190001714966;3667;ZICRI LAMEQUE DA SILVA;ZICRI KAINON;RJ;AGIR;AGIR;NÃO ELEITO;2129;170773.97;16054524;80.21323156411461;0.010637124464107438
190001714949;3600;MARCIO DE PAULA SANTOS;MARCIO GREEN;RJ;AGIR;AGIR;NÃO ELEITO;6194;533000.0;16054524;86.05101711333549;0.0331993648643834
190001714939;3645;CARLOS ANDRE JESUS SANTOS;JESUS;RJ;AGIR;AGIR;NÃO ELEITO;635;16.0;16054524;0.025196850393700787;9.966038233210777e-07
190001714942;3681;FELIPE HENRIQUES TEIXEIRA RAMOS;CAPITÃO RAMOS;RJ;AGIR;AGIR;NÃO ELEITO;257;24850.0;16054524;96.69260700389106;0.0015478503130955485
250001610274;1945;NEVTON OLIVEIRA ROCHA;DR NEVTON OLIVEIRA ROCHA;SP;PODE;Podemos;NÃO ELEITO;1222;30633.78;44420459;25.068559738134205;0.0006896322255472416
150001615549;9090;HERALDO ESTEVAO DOS SANTOS;NEGATIVO;PB;PROS;Partido Republicano da Ordem Social;NÃO ELEITO;298;0.0;3974495;0.0;0.0
150001615545;9010;DIANA MARIA XAVIER DE SOUSA FRANCA;DIANA XAVIER;PB;PROS;Partido Republicano da Ordem Social;NÃO ELEITO;172;0.0;3974495;0.0;0.0
150001615548;9000;ADRIANO CESAR FONSECA SILVA;ADRIANO FONSECA;PB;PROS;Partido Republicano da Ordem Social;NÃO ELEITO;305;0.0;3974495;0.0;0.0
270001697193;5555;GYLWANDER LUIZ PERES MACHADO DE OLIVEIRA;GYLWANDER;TO;PSD;Partido Social Democrático;NÃO ELEITO;3685;340212.6;1511459;92.32363636363635;0.22508887108416437
270001697195;5578;JOAQUIM QUINTA NETO BARBOSA;JOAQUIM QUINTA NETO;TO;PSD;Partido Social Democrático;NÃO ELEITO;1701;499999.0;1511459;293.94415049970604;0.3308055329320875
270001738860;5575;GRECIELIA TAVARES COSTA;GLEYCE COSMETICOS;TO;PSD;Partido Social Democrático;NÃO ELEITO;107;549956.62;1511459;5139.781495327103;0.36385811325348555
270001697189;5510;HUGO WEYSFIELD MENDES;DR HUGO MENDES;TO;PSD;Partido Social Democrático;NÃO ELEITO;6262;235482.22;1511459;37.60495368891728;0.15579795416217046
270001697191;5535;MAURITANIA GOMES DE SOUZA;MAURITANIA GOMES;TO;PSD;Partido Social Democrático;NÃO ELEITO;78;180500.0;1511459;2314.102564102564;0.11942103623055604
270001697192;5500;ELIZABETE ROCHA;PROFESSORA ELIZABETE;TO;PSD;Partido Social Democrático;NÃO ELEITO;15757;1468888.08;1511459;93.22130354762963;0.9718345519130853
270001697196;5521;EVERTON CARDOSO DIAS SOARES;SGT. EVERTON DA ROTAM;TO;PSD;Partido Social Democrático;NÃO ELEITO;750;249972.0;1511459;333.296;0.1653845721253438
270001697190;5520;RAFAEL RIBEIRO DE FRANCA;JOÃO LUCAS;TO;PSD;Partido Social Democrático;NÃO ELEITO;314;350000.0;1511459;1114.6496815286623;0.2315643361811336
270001697197;5522;SAULO CAVALCANTE TELES;PASTOR SAULO TELES;TO;PSD;Partido Social Democrático;NÃO ELEITO;2169;500011.3;1511459;230.52618718303364;0.33081367076447327
130001621218;2778;MARIA APARECIDA GONÇALVES;CIDA MARIA ENFERMEIRA;MG;DC;Democracia Cristã;NÃO ELEITO;415;10000.0;20538718;24.096385542168676;0.00048688530608385585
40001643217;1478;EDMILSON AGUIAR DE SOUZA;EDMILSON BOKA;AM;PTB;Partido Trabalhista Brasileiro;NÃO ELEITO;1264;25000.0;3941175;19.77848101265823;0.006343285948987295
40001643218;1444;MARIA FLAVIANE CASTRO BRAGA;FLAVIANE BRAGA;AM;PTB;Partido Trabalhista Brasileiro;NÃO ELEITO;114;25000.0;3941175;219.2982456140351;0.006343285948987295
40001643220;1401;HELADE MAUÉS GONÇALVES;HELADE MAUÉS;AM;PTB;Partido Trabalhista Brasileiro;NÃO ELEITO;268;128411.0;3941175;479.1455223880597;0.0325819076798163
40001643215;1414;ALCIDES CORDOVIL DE ASSIS;ALCIDES CORDOVIL;AM;PTB;Partido Trabalhista Brasileiro;NÃO ELEITO;1351;225000.0;3941175;166.54330125832718;0.057089573540885646
40001643219;1422;NAZILDO DOS REIS OLIVEIRA;NAZILDO REIS;AM;PTB;Partido Trabalhista Brasileiro;NÃO ELEITO;1116;24968.3;3941175;22.373028673835126;0.0063352426624039785
40001643216;1415;ANTONIO SIDNEY SILVA DA COSTA;MAGAL DO SOCIAL;AM;PTB;Partido Trabalhista Brasileiro;NÃO ELEITO;585;0.0;3941175;0.0;0.0
200001653698;1567;MARIA HELIANE DUARTE COSTA FILGUEIRA;HELIANE DUARTE;RN;MDB;Movimento Democrático Brasileiro;NÃO ELEITO;3018;349939.17;3302729;115.95068588469185;0.10595455152390644
200001653697;1500;MARINA TEODORO DA TRINDADE;MARINA;RN;MDB;Movimento Democrático Brasileiro;NÃO ELEITO;8223;707514.92;3302729;86.0409728809437;0.21422130607748927
200001653699;1515;KALINE CRISTIANE FERREIRA DE ANDRADE AMORIM;KALINE DE DR BERNARDO;RN;MDB;Movimento Democrático Brasileiro;NÃO ELEITO;29697;1544744.44;3302729;52.01685153382496;0.4677175874859851
200001653695;1555;PIO X FERNANDES;DR PIO;RN;MDB;Movimento Democrático Brasileiro;NÃO ELEITO;33695;1803767.51;3302729;53.53220092001781;0.5461445701418433
200001653701;1511;GARIBALDI ALVES FILHO;GARIBALDI FILHO;RN;MDB;Movimento Democrático Brasileiro;NÃO ELEITO;92753;1776260.85;3302729;19.150440956087674;0.5378161060141478
200001653700;1522;IRON LUCAS DE OLIVEIRA JÚNIOR;IRON JR;RN;MDB;Movimento Democrático Brasileiro;NÃO ELEITO;4334;300000.0;3302729;69.2201199815413;0.09083397396516638
200001653694;1516;MARIA DO ROSARIO DE OLIVEIRA;ROSARIO CONTADORA;RN;MDB;Movimento Democrático Brasileiro;NÃO ELEITO;1352;101151.1;3302729;74.81590236686391;0.03062652127982647
200001653696;1505;BORIS PINHEIRO MINORA DE ALMEIDA;BORIS MINORA;RN;MDB;Movimento Democrático Brasileiro;NÃO ELEITO;443;100008.79000000001;3302729;225.7534762979684;0.03028065275715931
150001621392;4555;PAULO EDUARDO GOMES LOUREIRO GAYOSO;PAULO GAYOSO;PB;PSDB;Partido da Social Democracia Brasileira;NÃO ELEITO;2908;19500.0;3974495;6.705639614855571;0.004906283691387208
150001621395;4510;LUANNA DE MOURA LIMA;LUANNA MOURA;PB;PSDB;Partido da Social Democracia Brasileira;NÃO ELEITO;668;115250.0;3974495;172.52994011976048;0.028997394637557728
150001621396;4577;JOÃO BATISTA FREIRE VIEGAS;VIEGAS;PB;PSDB;Partido da Social Democracia Brasileira;NÃO ELEITO;528;20000.0;3974495;37.878787878787875;0.005032085837320213
150001621394;4588;CIBELLE PRISCILLA MANGUEIRA CAVALCANTI;CIBELLE MANGUEIRA;PB;PSDB;Partido da Social Democracia Brasileira;NÃO ELEITO;550;292100.0;3974495;531.0909090909091;0.0734936136540617
150001621393;4545;ELENILDO GOMES DA SILVA;ELENILDO GOMES;PB;PSDB;Partido da Social Democracia Brasileira;NÃO ELEITO;562;20722.0;3974495;36.87188612099644;0.005213744136047473
190001601702;7781;GEORGE MANGE BEZERRA;GEORGE ITAL;RJ;SOLIDARIEDADE;Solidariedade;NÃO ELEITO;3560;15100.0;16054524;4.241573033707865;0.000940544858259267
120001598295;5013;CRETONALTO FERREIRA DA SILVA;NEGUINHO DO FARIZEU;MS;PSOL;Partido Socialismo e Liberdade;NÃO ELEITO;175;50673.0;2756700;289.56;0.018381760800957665
120001598297;5050;FRANKLIN SCHMALZ DA ROSA;FRANKLIN;MS;PSOL;Partido Socialismo e Liberdade;NÃO ELEITO;4045;58621.52;2756700;14.492341161928305;0.021265106830630827
120001598298;5060;LUCIMAR DE SOUZA ARGUELHO;LUHHARA ARGUELHO;MS;PSOL;Partido Socialismo e Liberdade;NÃO ELEITO;280;48566.42;2756700;173.45149999999998;0.017617593499474008
120001598299;5007;VALDIRENE VIEIRA DA SILVA;DONA VAL;MS;PSOL;Partido Socialismo e Liberdade;NÃO ELEITO;563;36509.979999999996;2756700;64.84898756660745;0.013244088946929298
120001598296;5005;FERNANDO FARIA CARVALHO;FERNANDO DA ROTA;MS;PSOL;Partido Socialismo e Liberdade;NÃO ELEITO;84;15457.0;2756700;184.01190476190476;0.005607066419994922
120001598293;1867;BRAYAN CORREA DE CAMPOS;BRAYAN CORREA;MS;REDE;Rede Sustentabilidade;NÃO ELEITO;161;0.0;2756700;0.0;0.0
120001598294;1888;ADAUTO ALVES SOUTO;ADAUTO SOUTO;MS;REDE;Rede Sustentabilidade;NÃO ELEITO;552;1000.0;2756700;1.8115942028985508;0.0003627525664744078
120001598292;1818;ELIANE DA SILVA;LYA JUSSARA COLETIVO;MS;REDE;Rede Sustentabilidade;NÃO ELEITO;390;9991.0;2756700;25.617948717948718;0.003624260891645808
130001671752;2038;ROQUE SALDANHA ROSA;ROQUE SALDANHA;MG;PSC;Partido Social Cristão;NÃO ELEITO;707;0.0;20538718;0.0;0.0
150001643334;1566;JOSE CLAUDINO ALVES;DEDA CLAUDINO;PB;MDB;Movimento Democrático Brasileiro;NÃO ELEITO;6121;309581.1;3974495;50.5768828622774;0.07789193344060062
150001643333;1555;BENJAMIN GOMES MARANHAO NETO;BENJAMIN MARANHÃO;PB;MDB;Movimento Democrático Brasileiro;NÃO ELEITO;7163;1009107.89;3974495;140.87782912187632;0.2538958760798542
150001643339;1577;MARCIA RIBEIRO BARBOSA;DRA MÁRCIA RIBEIRO;PB;MDB;Movimento Democrático Brasileiro;NÃO ELEITO;394;79877.04;3974495;202.73360406091368;0.020097406085553007
150001732873;1544;ELANDIA ABRANTES DE SOUSA;ELANDIA ABRANTES;PB;MDB;Movimento Democrático Brasileiro;NÃO ELEITO;458;50000.0;3974495;109.17030567685589;0.012580214593300533
150001643340;1522;MILTON LUCIO FILHO;MILTON LÚCIO;PB;MDB;Movimento Democrático Brasileiro;NÃO ELEITO;2928;139919.01;3974495;47.78654713114754;0.035204223429643265
150001643331;1533;AECIO CAVALCANTE DE MEDEIROS;AECIO CAVALCANTE;PB;MDB;Movimento Democrático Brasileiro;NÃO ELEITO;583;50000.0;3974495;85.76329331046313;0.012580214593300533
150001643338;1500;LUIZ ANTONIO LUCIO RANGEL;GOBIRA;PB;MDB;Movimento Democrático Brasileiro;NÃO ELEITO;2383;130000.0;3974495;54.55308434746118;0.03270855794258139
150001643336;1513;ALEXANDRE COSTA DE ALMEIDA;ALEXANDRE ALMEIDA;PB;MDB;Movimento Democrático Brasileiro;NÃO ELEITO;8009;243545.08;3974495;30.40892495942065;0.06127698739085091
150001643335;1599;RAFAELLA REZENDE BRONZEADO DE CARVALHO VANDERLEI;RAFAELLA BRONZEADO;PB;MDB;Movimento Democrático Brasileiro;NÃO ELEITO;411;80000.0;3974495;194.64720194647202;0.02012834334928085
150001643337;1515;IVES ROCHA LEITAO;MIKIKA LEITÃO;PB;MDB;Movimento Democrático Brasileiro;NÃO ELEITO;19362;560387.09;3974495;28.942624212374753;0.14099579695030437
150001643341;1511;WALTER CORREIA DE BRITO NETO;WALTER BRITO NETO;PB;MDB;Movimento Democrático Brasileiro;NÃO ELEITO;540;30700.0;3974495;56.851851851851855;0.007724251760286527
150001643332;1510;ANDERSON MARINHO DE ALMEIDA;ANDERSON ALMEIDA - PILA;PB;MDB;Movimento Democrático Brasileiro;NÃO ELEITO;6012;258416.7;3974495;42.98348303393214;0.06501875080985131
150001643342;1567;AMANDA DE MELO BEZERRA;AMANDA CSI;PB;MDB;Movimento Democrático Brasileiro;NÃO ELEITO;12085;299686.16000000003;3974495;24.798192800992968;0.07540232406884398
80001615366;2085;JAMIR MALINI;JAMIR MALINI;ES;PSC;Partido Social Cristão;NÃO ELEITO;1430;500732.0;3833486;350.16223776223774;0.1306205370255689
80001615361;2000;WANDERSON JOSÉ DA SILVA MARINHO;WANDERSON MARINHO;ES;PSC;Partido Social Cristão;NÃO ELEITO;1142;706022.52;3833486;618.2333800350262;0.18417245295796048
80001615365;2002;MARCIA SUELY DINIZ OLIVEIRA;MARCIA DINIZ;ES;PSC;Partido Social Cristão;NÃO ELEITO;1472;99275.45;3833486;67.44256114130435;0.025896912105587446
80001615359;2022;ANTONIO FRANCISCO LOUZADA GOMES;DR LOUZADA;ES;PSC;Partido Social Cristão;NÃO ELEITO;6443;299500.0;3833486;46.48455688343939;0.07812732327703818
80001615364;2030;HELEN DIANE EDUARDA PARREIRAS TERRA;DIANE KARATEKA;ES;PSC;Partido Social Cristão;NÃO ELEITO;230;100000.0;3833486;434.7826086956522;0.02608591762171559
80001615363;2020;LAURIETE RODRIGUES DE JESUS;LAURIETE;ES;PSC;Partido Social Cristão;NÃO ELEITO;25586;2699966.62;3833486;105.52515516297976;0.7043110683070187
80001615360;2025;ADONALDO LOPES DE OLIVEIRA;ADONALDO LOPES;ES;PSC;Partido Social Cristão;NÃO ELEITO;1575;104319.1;3833486;66.23434920634921;0.02721259448971511
80001615367;2050;ANA MARIA PARAISO DALVI;ANA PARAISO;ES;PSC;Partido Social Cristão;NÃO ELEITO;1016;101000.0;3833486;99.40944881889764;0.026346776797932743
80001615358;2090;BRUNO CAJUEIRO HINTE;SOLDADO HINTE;ES;PSC;Partido Social Cristão;NÃO ELEITO;551;199329.12;3833486;361.7588384754991;0.051996830039290606
80001615362;2023;RENZO DE VASCONCELOS;RENZO VASCONCELOS;ES;PSC;Partido Social Cristão;NÃO ELEITO;82276;1846000.0;3833486;22.436676552092955;0.48154603929686973
210001723479;3655;KAROLAINE DIAS MEGGIATTO;KAROL MEGGIATTO;RS;AGIR;AGIR;NÃO ELEITO;106;0.0;10880506;0.0;0.0
170001715427;2020;ARISTOTELES FERREIRA DUTRA;DR ARI FERREIRA DUTRA;PE;PSC;Partido Social Cristão;NÃO ELEITO;3171;0.0;9058155;0.0;0.0
170001715428;2001;LUCAS TORRES ARAUJO BARBOZA;PASTOR LUCAS BARBOZA;PE;PSC;Partido Social Cristão;NÃO ELEITO;83;0.0;9058155;0.0;0.0
170001715429;2024;CARLA PATRÍCIA DE SOUZA;CARLA PATRÍCIA;PE;PSC;Partido Social Cristão;NÃO ELEITO;73;0.0;9058155;0.0;0.0
170001715431;2022;JOSÉ AMARO DA SILVA JUNIOR;AMARO JÚNIOR;PE;PSC;Partido Social Cristão;NÃO ELEITO;889;0.0;9058155;0.0;0.0
170001715433;2000;ROMERO JOSE DA SILVA;IRMÃO ROMERO;PE;PSC;Partido Social Cristão;NÃO ELEITO;478;0.0;9058155;0.0;0.0
170001715425;2021;LUZINETE MARIA DA CONCEIÇÃO;TIÊTA;PE;PSC;Partido Social Cristão;NÃO ELEITO;156;0.0;9058155;0.0;0.0
170001715426;2077;NANCY TIBURTINO  SILVA MARQUES DA CRUZ;NANCY TIBURTINO;PE;PSC;Partido Social Cristão;NÃO ELEITO;312;0.0;9058155;0.0;0.0
170001715432;2004;JOSÉ RICARDO DE MELO MENEZES JÚNIOR;RICARDO DEZ MANDAMENTOS;PE;PSC;Partido Social Cristão;NÃO ELEITO;58;9510.8;9058155;163.97931034482758;0.0010499709929891903
170001715430;2076;FRANCISCO DE ASSIS ALVES DA SILVA;ASSIS;PE;PSC;Partido Social Cristão;NÃO ELEITO;8;0.0;9058155;0.0;0.0
230001693306;1425;JOSE EVANDRO MOREIRA;EVANDRO MOREIRA;RR;PTB;Partido Trabalhista Brasileiro;NÃO ELEITO;15;37662.67;636303;2510.8446666666664;0.059189835660055035
230001693310;1414;JACKELINE MARIA LIMA DE OLIVEIRA;JACKELINE OLIVEIRA;RR;PTB;Partido Trabalhista Brasileiro;NÃO ELEITO;59;20226.45;636303;342.821186440678;0.03178745031848035
230001693302;1445;LUPEDRO ABEL MORAES;TUXAUA LUPEDRO;RR;PTB;Partido Trabalhista Brasileiro;NÃO ELEITO;74;24962.3;636303;337.3283783783784;0.03923020950710589
230001693303;1400;BENEDITO GOMES DA SILVA;SARGENTO BENEDITO;RR;PTB;Partido Trabalhista Brasileiro;NÃO ELEITO;161;24933.03;636303;154.8635403726708;0.03918420940966803
230001693305;1422;SAIONARA RIBEIRO DO CARMO RODRIGUES;SAIONARA RODRIGUES;RR;PTB;Partido Trabalhista Brasileiro;NÃO ELEITO;440;45750.0;636303;103.97727272727273;0.0718997081579059
230001693308;1444;GELB PEREIRA;GELB PEREIRA;RR;PTB;Partido Trabalhista Brasileiro;NÃO ELEITO;194;50000.0;636303;257.7319587628866;0.07857891601956929
230001693309;1477;CASSIA REJANE DO NASCIMENTO;KASSIA MOURA;RR;PTB;Partido Trabalhista Brasileiro;NÃO ELEITO;167;45733.37;636303;273.8525149700599;0.0718735728104378
230001693307;1441;WELLINGTON IAGO MATTE PATRICIO;WELLINGTON BRASIL;RR;PTB;Partido Trabalhista Brasileiro;NÃO ELEITO;19;26945.0;636303;1418.157894736842;0.04234617784294589
230001693304;1411;ORIB ZIEDSON PEREIRA GAMA;ORIB ZIEDSON;RR;PTB;Partido Trabalhista Brasileiro;NÃO ELEITO;97;29999.35;636303;309.27164948453606;0.04714632808583332
40001609234;5544;GILVANDRO MOTA DA SILVA;CORONEL GILVANDRO;AM;PSD;Partido Social Democrático;NÃO ELEITO;1447;359729.0;3941175;248.6033172080166;0.09127455644573002
40001609171;5599;GIVANCIR DE OLIVEIRA SILVA;GIVANCIR DOS RODOVIÁRIOS;AM;PSD;Partido Social Democrático;NÃO ELEITO;8955;500000.0;3941175;55.83472920156337;0.12686571897974588
180001597434;3000;WALLACE RODRIGUES DE HOLANDA MIRANDA;WALLACE MIRANDA;PI;NOVO;Partido Novo;NÃO ELEITO;5804;69924.12;3269200;12.047574086836663;0.02138875565887679
180001597438;3033;EUDILENE RUFINO DA SILVEIRA;EUDILENE SILVEIRA;PI;NOVO;Partido Novo;NÃO ELEITO;292;21700.0;3269200;74.31506849315069;0.006637709531383824
180001597436;3003;ALEXANDRE DA SILVA SAMPAIO;ALEXANDRE SAMPAIO;PI;NOVO;Partido Novo;NÃO ELEITO;592;7898.09;3269200;13.341368243243243;0.002415909090909091
180001597435;3030;ÍTALO BEZERRA DE SOUSA;ÍTALO BEZERRA;PI;NOVO;Partido Novo;NÃO ELEITO;349;3937.0;3269200;11.28080229226361;0.0012042701578367796
180001597439;3031;FABRÍCIO FORTALEZA DA SILVA;PROF. FABRÍCIO FORTALEZA;PI;NOVO;Partido Novo;NÃO ELEITO;188;4443.4;3269200;23.635106382978723;0.0013591704392511927
180001597437;3070;WILDERLANE DA SILVA NASCIMENTO;WILDERLANE NASCIMENTO;PI;NOVO;Partido Novo;NÃO ELEITO;866;12489.45;3269200;14.421997690531178;0.0038203383090664386
60001634087;7040;FRANCISCO ANTÔNIO PEREIRA GOMES;CHICO ANTÔNIO;CE;AVANTE;AVANTE;NÃO ELEITO;6571;129970.0;8791688;19.779333434789226;0.014783281663316532
60001634106;7011;MARCOS ANTÔNIO DE ARAÚJO MENDONÇA;DR MARCOS;CE;AVANTE;AVANTE;NÃO ELEITO;2265;113118.25;8791688;49.94183222958058;0.012866499584607644
60001634098;7080;DIMAS MATIAS DA SILVA;DIMAS MATIAS;CE;AVANTE;AVANTE;NÃO ELEITO;2200;97881.85;8791688;44.49175;0.011133453552946829
60001634099;7078;JOSÉ VALBERTO LEITE ESMERALDO;VALBERTO DO SERRANO;CE;AVANTE;AVANTE;NÃO ELEITO;751;169613.4;8791688;225.85006657789614;0.01929247261731763
60001634101;7069;CIRO ALBUQUERQUE MARQUES;DR CIRO;CE;AVANTE;AVANTE;NÃO ELEITO;2391;115000.0;8791688;48.09703053115851;0.013080536979929225
60001634104;7007;CARLOS EDUARDO MARTINS TORRES;DR CADU;CE;AVANTE;AVANTE;NÃO ELEITO;1374;109834.98;8791688;79.93812227074235;0.012493047978954668
60001634094;7012;LURDENIS DE ALENCAR VIEIRA;LURDENIS VIEIRA;CE;AVANTE;AVANTE;NÃO ELEITO;1567;403000.0;8791688;257.17932354818123;0.04583875132966502
60001634095;7055;MARIA AURI AMORIM DE PAULA;AURI DE PAULA;CE;AVANTE;AVANTE;NÃO ELEITO;474;90000.0;8791688;189.873417721519;0.010236941984292437
60001634097;7077;MÔNICA SILVA SANTOS DE SOUSA;MÔNICA SANTOS;CE;AVANTE;AVANTE;NÃO ELEITO;358;124727.78;8791688;348.40162011173186;0.014187011640995449
60001634102;7089;JOÃO VERÍSSIMO DE MORAIS NETO;JOÃO NETO CARTÓRIO;CE;AVANTE;AVANTE;NÃO ELEITO;660;150000.0;8791688;227.27272727272728;0.017061569973820728
60001634091;7001;JOSÉ MARIA DO NASCIMENTO;PROFESSOR CORNÉLIO;CE;AVANTE;AVANTE;NÃO ELEITO;467;49960.0;8791688;106.98072805139186;0.005682640239280556
60001634090;7070;JOSÉ ALEXANDRE OLIVEIRA SOBREIRA;ALEXANDRE SOBREIRA;CE;AVANTE;AVANTE;NÃO ELEITO;2220;349997.79;8791688;157.65666216216215;0.03981007856511741
60001634092;7030;JOSÉ MONTEIRO PRIMO DA PAZ;PASTOR DR J MONTEIRO;CE;AVANTE;AVANTE;NÃO ELEITO;201;50000.0;8791688;248.75621890547265;0.005687189991273576
60001634089;7060;FRANCISCO HERMANO LEANDRO DA SILVA GOMES;HERMANO GOMES;CE;AVANTE;AVANTE;NÃO ELEITO;445;99976.83;8791688;224.66703370786516;0.011371744538705195
60001634088;7000;FRANCISCO EDIVAN NONATO DA SILVA;PASTOR EDIVAN;CE;AVANTE;AVANTE;NÃO ELEITO;2118;99999.2;8791688;47.21397544853635;0.011374288987507291
60001634093;7099;LUCIVANIA RODRIGUES;LUCIVANIA RODRIGUES;CE;AVANTE;AVANTE;NÃO ELEITO;625;99939.55;8791688;159.90328;0.011367504169847702
60001634086;7044;ANTÔNIO PIERRE AGUIAR NETO;DR PIERRE;CE;AVANTE;AVANTE;NÃO ELEITO;1273;161121.77;8791688;126.56855459544383;0.01832660235440566
60001634096;7090;MARIA DALILA DE SOUZA FERNANDES;DALILA ELOY;CE;AVANTE;AVANTE;NÃO ELEITO;661;79996.35;8791688;121.02322239031771;0.009099088821168359
60001634105;7013;JOSÉ WILSON DE MELO;DR. WILSON MELO;CE;AVANTE;AVANTE;NÃO ELEITO;3227;199997.7;8791688;61.9763557483731;0.022748498354354704
60001634085;7033;AIRTON DA SILVA;PASTOR AIRTON SILVA;CE;AVANTE;AVANTE;NÃO ELEITO;2055;200256.05;8791688;97.448199513382;0.022777884065039614
60001634103;7088;MARIA CLEANES DA SILVA;LORA DO ESPETINHO;CE;AVANTE;AVANTE;NÃO ELEITO;422;30000.0;8791688;71.09004739336493;0.0034123139947641453
60001634107;7022;RAIMUNDO ANSELMO LIMA MORORO;ANSELMO MORORÓ;CE;AVANTE;AVANTE;NÃO ELEITO;585;99900.0;8791688;170.76923076923077;0.011363005602564605
60001634100;7020;LÍVIA MOURA ROSADO KALUME REIS;DRA. LÍVIA KALUME;CE;AVANTE;AVANTE;NÃO ELEITO;444;151962.4;8791688;342.25765765765766;0.017284780806598232
10001655720;1919;RODRIGO DAMASCENO CATAO;RODRIGO DAMASCENO;AC;PODE;Podemos;NÃO ELEITO;5919;353253.33;830026;59.6812519006589;0.4255930898550166
10001655719;1920;LUIZ GONZAGA DE LIMA REGO;LOY REGO;AC;PODE;Podemos;NÃO ELEITO;731;251103.65;830026;343.50704514363883;0.3025250413842458
10001655721;1900;ARTUR LIBORINIO DOS SANTOS LIMA NETO;ARTUR NETO;AC;PODE;Podemos;NÃO ELEITO;3328;471436.7;830026;141.6576622596154;0.5679782320071901
10001655725;1999;BRUNO MORAES CARDOSO;BRUNO MORAES;AC;PODE;Podemos;NÃO ELEITO;5373;388856.5;830026;72.37232458589243;0.46848713172840367
10001655717;1991;ISRAEL AQUILA RODRIGUES DA SILVA;ISRAEL AQUILA;AC;PODE;Podemos;NÃO ELEITO;372;100194.65;830026;269.3404569892473;0.12071266442256025
10001655722;1911;LEILA MARIA HOLANDA DA CONCEIÇÃO;LEILA HOLANDA;AC;PODE;Podemos;NÃO ELEITO;1061;151194.27;830026;142.50166823751178;0.18215606499073522
10001655723;1910;LUDMILLA CRISTINA FERNANDES CAVALCANTE;LUDMILLA CAVALCANTE;AC;PODE;Podemos;NÃO ELEITO;1153;392326.63;830026;340.26594102341716;0.4726678802832682
10001655718;1909;IZABELLE ARAÚJO DO NASCIMENTO;IZABELLE ARAÚJO;AC;PODE;Podemos;NÃO ELEITO;1921;487000.0;830026;253.51379489849037;0.5867286085014204
10001655724;1933;MARCELO ALEXANDRE GANUM BIMBI;MARCELO BIMBI;AC;PODE;Podemos;NÃO ELEITO;381;179446.0;830026;470.98687664041995;0.21619322768202442
10001649410;4055;RUBBY DA SILVA RODRIGUES;RUBBY RODRIGUES ;AC;PSB;Partido Socialista Brasileiro;NÃO ELEITO;512;50000.0;830026;97.65625;0.060239076848195114
10001649412;4004;RIZOMAR DOS SANTOS DE ARAÚJO;RIZO ARAÚJO;AC;PSB;Partido Socialista Brasileiro;NÃO ELEITO;338;60000.0;830026;177.5147928994083;0.07228689221783414
10001649413;4044;LÚBIA ARAÚJO DE LIMA;LÚBIA ARAÚJO;AC;PSB;Partido Socialista Brasileiro;NÃO ELEITO;248;50016.35;830026;201.6788306451613;0.06025877502632448
10001649417;4088;QUELE CRISTINA OLIVEIRA DA SILVA;KELLY CRISTINA ;AC;PSB;Partido Socialista Brasileiro;NÃO ELEITO;245;49976.7;830026;203.98653061224488;0.060211005438383855
10001649416;4000;FRANCISCO EVANDRO ROSAS DA COSTA;EVANDRO ROSAS BARÃO;AC;PSB;Partido Socialista Brasileiro;NÃO ELEITO;682;59988.0;830026;87.95894428152492;0.07227243483939057
10001649411;4040;THOR OLIVEIRA DANTAS;DR THOR DANTAS;AC;PSB;Partido Socialista Brasileiro;NÃO ELEITO;3424;255694.91;830026;74.67725175233645;0.3080565066636467
10001649415;4077;MARIA ROSINEIA DA SILVA FROTA;PROFESSORA ROSINEIA FROTA ;AC;PSB;Partido Socialista Brasileiro;NÃO ELEITO;367;89999.35;830026;245.22983651226158;0.1084295552187522
250001602017;8000;ISIS MUSTAFÁ DE ASSIS;ISIS MUSTAFA;SP;UP;Unidade Popular;NÃO ELEITO;21017;0.0;44420459;0.0;0.0
110001728679;5111;GABRIEL GONÇALVES DE MIRANDA;CHAVEIRO GABRIEL;MT;PATRIOTA;Patriota;NÃO ELEITO;944;80000.0;3658813;84.7457627118644;0.02186501469192331
110001595905;5123;WILSON JOSÉ DOS SANTOS;PASTOR WILSON;MT;PATRIOTA;Patriota;NÃO ELEITO;3047;170000.0;3658813;55.792582868395144;0.04646315622033703
110001595908;5112;EDUARDO GOMES SILVA;EDUARDO GOMES;MT;PATRIOTA;Patriota;NÃO ELEITO;628;104880.0;3658813;167.0063694267516;0.028665034261111458
110001595904;5151;AELCIO MOREIRA DE OLIVEIRA;NEGUINHO DA BORRACHARIA;MT;PATRIOTA;Patriota;NÃO ELEITO;2616;150000.0;3658813;57.3394495412844;0.040996902547356204
110001595907;5188;JOSIANY DUQUE GOMES SIMAS;JOSIANY SIMAS;MT;PATRIOTA;Patriota;NÃO ELEITO;622;324802.88;3658813;522.1911254019293;0.08877274678973755
110001595910;5100;BENIVAL ALVES DA SILVA;BENY GODOY;MT;PATRIOTA;Patriota;NÃO ELEITO;733;79969.02;3658813;109.09825375170533;0.021856547464983864
110001595902;5122;NÁGILA REGIANE DE OLIVEIRA;NÁGILA OLIVEIRA;MT;PATRIOTA;Patriota;NÃO ELEITO;326;249928.75;3658813;766.6526073619632;0.06830869738355035
110001595909;5155;EDILENE BARROS MIRANDA SOARES;EDILENE BARROS;MT;PATRIOTA;Patriota;NÃO ELEITO;482;225016.0;3658813;466.8381742738589;0.06149972682397269
110001595906;5190;MARCÍRIO SILVA SANTOS;SUB TENENTE POTÊNCIA;MT;PATRIOTA;Patriota;NÃO ELEITO;544;72781.11;3658813;133.78880514705884;0.019892000493056082
10001642334;1567;RAPHAEL LUIZ BASTOS JUNIOR;RAPHAEL BASTOS;AC;MDB;Movimento Democrático Brasileiro;NÃO ELEITO;3017;136449.0;830026;45.226715280079546;0.16439123593718752
10001724875;1505;EDITH MONTES DO NASCIMENTO DE QUEIROIS;EDITH MONTES;AC;MDB;Movimento Democrático Brasileiro;NÃO ELEITO;88;80000.0;830026;909.0909090909091;0.0963825229571122
10001642338;1568;JEFFERSON MONTEIRO SOARES;JEFFERSON MONTEIRO SOARES;AC;MDB;Movimento Democrático Brasileiro;NÃO ELEITO;201;30033.5;830026;149.42039800995025;0.03618380629040536
10001642336;1507;ALDA RADINE CASTRO DE ANDRADE NERY;ALDA RADINE;AC;MDB;Movimento Democrático Brasileiro;NÃO ELEITO;32;20194.65;830026;631.0828125;0.024330141465448072
10001642333;1515;JESSICA ROJAS SALES;JESSICA SALES;AC;MDB;Movimento Democrático Brasileiro;NÃO ELEITO;20500;2574058.2;830026;125.56381463414635;3.1011777944305363
10001642332;1555;FLAVIANO FLAVIO BAPTISTA DE MELO;FLAVIANO MELO;AC;MDB;Movimento Democrático Brasileiro;NÃO ELEITO;7406;2513143.16;830026;339.33880097218474;3.0277884789151184
10001642335;1569;FRANCISCO HAMILTON D  AVILA LUCENA;HAMILTON LIDERANÇA;AC;MDB;Movimento Democrático Brasileiro;NÃO ELEITO;694;80000.0;830026;115.27377521613833;0.0963825229571122
10001642339;1500;WHERLES FERNANDES DA ROCHA;MAJOR ROCHA;AC;MDB;Movimento Democrático Brasileiro;NÃO ELEITO;5632;999913.3;830026;177.54142400568182;1.2046770824046475
10001642337;1512;AMARALDO PASCOAL UCHOA PINHEIRO;AMARALDO PASCOAL;AC;MDB;Movimento Democrático Brasileiro;NÃO ELEITO;353;80048.35;830026;226.7658640226629;0.0964407741444244
90001615704;7722;MATEUS ANTÔNIO DA COSTA BARBOSA;MATEUS ANTÔNIO;GO;SOLIDARIEDADE;Solidariedade;NÃO ELEITO;3618;157226.43;7055228;43.45672470978441;0.022285095534828922
90001615690;7707;ACENIL GUERRA DA COSTA;BILL GUERRA MOCHILINK;GO;SOLIDARIEDADE;Solidariedade;NÃO ELEITO;9073;329780.23;7055228;36.34742973658106;0.046742675077261854
90001615692;7778;ELIETE QUIRINO BARROS PAIXÃO;PROF ELIETE PAIXÃO;GO;SOLIDARIEDADE;Solidariedade;NÃO ELEITO;862;220594.14;7055228;255.90967517401393;0.031266762746717754
90001615698;7766;HYLÁRIO DE CARVALHO MOTA;HYLÁRIO DO GÁS;GO;SOLIDARIEDADE;Solidariedade;NÃO ELEITO;497;81199.27;7055228;163.37881287726358;0.011509092264629862
90001615703;7755;ISMARLA BORGES DOS SANTOS;ISMARLA BORGES;GO;SOLIDARIEDADE;Solidariedade;NÃO ELEITO;1627;235019.0;7055228;144.44929317762754;0.03331132601242653
90001615691;7710;ADELSON JOSÉ DE SOUZA;DIRETOR DO TRIUNFO;GO;SOLIDARIEDADE;Solidariedade;NÃO ELEITO;2157;210000.0;7055228;97.35744089012518;0.029765161381035455
90001615705;7788;GIVANILDA DA SILVA FELIPE;GIVA FELIPE;GO;SOLIDARIEDADE;Solidariedade;NÃO ELEITO;5809;470605.54;7055228;81.01317610604235;0.06670309449956827
90001675696;7714;EDIEL HENRIQUE DUARTE NERY;EDIEL DUARTE;GO;SOLIDARIEDADE;Solidariedade;NÃO ELEITO;523;164799.47;7055228;315.10414913957936;0.023358489619329098
90001615699;7733;SHEILA HAIDE COSTA NUNES FONSECA;PASTORA SHEILA FONSECA;GO;SOLIDARIEDADE;Solidariedade;NÃO ELEITO;177;54962.15;7055228;310.52062146892655;0.007790272688565132
90001615694;7777;LUCAS DE CASTRO SANTOS;LUCAS VERGÍLIO;GO;SOLIDARIEDADE;Solidariedade;NÃO ELEITO;76283;2470479.59;7055228;32.385716214621866;0.3501629699281157
90001615696;7717;RAFAEL PAREJA CAMARGO;DELEGADO RAFAEL;GO;SOLIDARIEDADE;Solidariedade;NÃO ELEITO;2844;299234.98;7055228;105.21623769338959;0.042413226050242454
90001615689;7770;BRUNO SANTIAGO DE OLIVEIRA;BRUNO SANTIAGO;GO;SOLIDARIEDADE;Solidariedade;NÃO ELEITO;796;100709.6;7055228;126.51959798994976;0.014274464269616802
90001615693;7750;FERNANDO SILVA SALES;FERNANDO SALES;GO;SOLIDARIEDADE;Solidariedade;NÃO ELEITO;1408;185862.13999999998;7055228;132.00436079545455;0.026343888532021926
90001615701;7711;WANDEIR OLIVEIRA DOS SANTOS;WANDEIR DE OLIVEIRA;GO;SOLIDARIEDADE;Solidariedade;NÃO ELEITO;1035;49819.0;7055228;48.134299516908214;0.007061288451627644
90001615702;7718;DANTE GUIMARÃES SANTOS DO AMARAL;DANTE DO VÔLEI;GO;SOLIDARIEDADE;Solidariedade;NÃO ELEITO;5792;408892.05;7055228;70.5960031077348;0.057955894550821035
90001615700;7700;LUCELEIA PERPETUO GARCIA PEREIRA;LUCELEIA PERPETUO;GO;SOLIDARIEDADE;Solidariedade;NÃO ELEITO;2279;295867.63;7055228;129.82344449319876;0.041935941687497556
90001615697;7727;GIZELDA VASCONCELOS VIEIRA DE ALCANTARA;DRA GIZELDA;GO;SOLIDARIEDADE;Solidariedade;NÃO ELEITO;5062;399696.39;7055228;78.96017186882655;0.05665251215127279
90001615695;7799;LUIZ CARLOS PIMENTA;LUIZ CARLOS PIMENTINHA;GO;SOLIDARIEDADE;Solidariedade;NÃO ELEITO;13274;278428.8;7055228;20.97550097935814;0.03946418173870497
150001620424;7788;MARIA JOSÉ SILVA DOS SANTOS;MAZÉ EXCURSÕES;PB;SOLIDARIEDADE;Solidariedade;NÃO ELEITO;404;44930.85;3974495;111.21497524752475;0.011304794697187944
150001620419;7707;NICOLA MAJORANA LOMONACO SEGUNDO;NICOLA;PB;SOLIDARIEDADE;Solidariedade;NÃO ELEITO;924;23800.0;3974495;25.757575757575758;0.005988182146411053
150001620426;7783;MILTON JOSÉ DE SOUZA;MILTON DANTUNES;PB;SOLIDARIEDADE;Solidariedade;NÃO ELEITO;1090;30617.059999999998;3974495;28.08904587155963;0.00770338370031916
150001620421;7733;MAURÍCIO JOSÉ ALVES PEREIRA;MAURÍCIO JOSÉ;PB;SOLIDARIEDADE;Solidariedade;NÃO ELEITO;27;0.0;3974495;0.0;0.0
150001620422;7722;FRANCISCO RINALDO MARANHÃO DE FIGUEIREDO;RINALDO MARANHÃO;PB;SOLIDARIEDADE;Solidariedade;NÃO ELEITO;2788;176819.9;3974495;63.4217718794835;0.04448864572731882
150001620425;7777;GISELIANE AZEVEDO FERNANDES;GALEGA DO POVO;PB;SOLIDARIEDADE;Solidariedade;NÃO ELEITO;2807;273739.69;3974495;97.52037406483791;0.06887408085807127
150001620416;7712;RADAMÉS CARLOS RODRIGUES DA SILVA;RADA CARLOS;PB;SOLIDARIEDADE;Solidariedade;NÃO ELEITO;394;16800.0;3974495;42.63959390862944;0.004226952103348979
150001620423;7710;SEVERINA DE CARVALHO ROSENDO;PASTORA RAMINHA;PB;SOLIDARIEDADE;Solidariedade;NÃO ELEITO;236;183500.55;3974495;777.5447033898305;0.04616952593977348
150001620420;7711;DANIELLE DE FÁTIMA AURELIANO SOUSA;ENFERMEIRA DANI;PB;SOLIDARIEDADE;Solidariedade;NÃO ELEITO;754;55783.65;3974495;73.98362068965517;0.014035405755951386
150001620415;7744;MALBATAHAN PINTO FILGUEIRAS NETO;MALBA DO POVO;PB;SOLIDARIEDADE;Solidariedade;NÃO ELEITO;1378;194000.0;3974495;140.78374455732947;0.04881123262200607
150001620417;7700;PEDRO MARCOS DOS SANTOS CHAVES;PEDRO CHAVES;PB;SOLIDARIEDADE;Solidariedade;NÃO ELEITO;947;28800.0;3974495;30.41182682154171;0.007246203605741107
150001620418;7778;PEDRO HAROLDO DE SOUZA JÚNIOR;PEDRO JR BARATA;PB;SOLIDARIEDADE;Solidariedade;NÃO ELEITO;450;28800.0;3974495;64.0;0.007246203605741107
270001713299;2788;ISAIAS DOS SANTOS NETO;SGT ISAIAS;TO;DC;Democracia Cristã;NÃO ELEITO;1;8150.0;1511459;8150.0;0.005392140971074968
270001713297;2700;ROGERIO LUNAS RODRIGUES;ROGÉRIO LUNAS;TO;DC;Democracia Cristã;NÃO ELEITO;22;37100.0;1511459;1686.3636363636363;0.02454581963520016
270001713296;2707;ARACELY JOSÉ MACIEL;ARACELY JOSE MACIEL;TO;DC;Democracia Cristã;NÃO ELEITO;293;8148.0;1511459;27.808873720136518;0.00539081774629679
270001713300;2717;MARIA LUCIA MACHADO DE CASTRO;MARIA LUCIA;TO;DC;Democracia Cristã;NÃO ELEITO;144;14800.0;1511459;102.77777777777777;0.009791863358516506
270001713301;2723;JOÃO PAULO LOPES DE SOUZA;JOÃO PAULO;TO;DC;Democracia Cristã;NÃO ELEITO;97;8150.0;1511459;84.02061855670104;0.005392140971074968
270001713304;2727;SILVINO VITOR PERES DE SANTANA;SILVINO VITOR;TO;DC;Democracia Cristã;NÃO ELEITO;200;11530.0;1511459;57.65;0.00762839084619563
270001713303;2750;IVONETE FERREIRA DA SILVA;IVONETE;TO;DC;Democracia Cristã;NÃO ELEITO;231;0.0;1511459;0.0;0.0
270001713302;2722;PAULO CEZAR DOS SANTOS;PAULO CEZAR;TO;DC;Democracia Cristã;NÃO ELEITO;33;9100.0;1511459;275.75757575757575;0.006020672740709473
100001618111;2390;GUILHERME RODRIGUES DA SILVA;GUILHERME RODRIGUES;MA;CIDADANIA;Cidadania;NÃO ELEITO;507;121024.05;6775152;238.70621301775148;0.017862927650922077
100001618099;2313;JOSE RAIMUNDO DA SILVA;ADAO-COLETIVO REGGAE CIDADANIA;MA;CIDADANIA;Cidadania;NÃO ELEITO;976;110000.0;6775152;112.70491803278688;0.01623579810460341
100001618112;2399;GENESIO PEREIRA DE SOUSA;GENESIO;MA;CIDADANIA;Cidadania;NÃO ELEITO;267;49970.6;6775152;187.15580524344568;0.007375568843326319
100001618098;2310;GEDIEL PEREIRA ALENCAR;GEDIEL ALENCAR;MA;CIDADANIA;Cidadania;NÃO ELEITO;506;119999.96;6775152;237.15407114624506;0.017711773846549865
100001618108;2345;NEUSILENE NUBIA FEITOSA DUTRA;NUBIA DUTRA;MA;CIDADANIA;Cidadania;NÃO ELEITO;429;131956.4;6775152;307.590675990676;0.019476522445548084
100001618104;2340;ELINALDO VASCONCELOS DOS ANJOS;ELINALDO VASCONCELOS-BEIÇO;MA;CIDADANIA;Cidadania;NÃO ELEITO;1355;50000.0;6775152;36.90036900369004;0.007379908229365186
100001618106;2344;ANTONIO AMERICO LOBATO GONÇALVES;ANTONIO AMERICO;MA;CIDADANIA;Cidadania;NÃO ELEITO;1101;149769.59;6775152;136.03050862851953;0.022105716594992997
100001618107;2322;LUCIANA SILVA DE ABREU;LUCIANA ABREU;MA;CIDADANIA;Cidadania;NÃO ELEITO;577;107334.94;6775152;186.02242634315425;0.01584244014008837
100001618113;2363;JOSE NOGUEIRA FILHO;NOGUEIRA PROTETOR;MA;CIDADANIA;Cidadania;NÃO ELEITO;3461;119935.45;6775152;34.65340941924299;0.017702252288952336
100001618097;2324;GUILHERME HENRIQUE BRANCO DE OLIVEIRA;GUILHERME OLIVEIRA;MA;CIDADANIA;Cidadania;NÃO ELEITO;30181;128750.0;6775152;4.265928895662834;0.019003263690615356
100001618103;2333;FRANCISCO ROBERTO BRANDÃO FERREIRA;PROFESSOR ROBERTO BRANDÃO;MA;CIDADANIA;Cidadania;NÃO ELEITO;8159;249999.96;6775152;30.641005025125626;0.036899535242899344
100001618101;2323;ELIEL PEREIRA GAMA;ELIEL GAMA;MA;CIDADANIA;Cidadania;NÃO ELEITO;5995;347954.4;6775152;58.04076730608841;0.05135743080007652
100001618110;2315;SAMARA MORAIS DE SOUSA BENICIO;SAMARA BENICIO;MA;CIDADANIA;Cidadania;NÃO ELEITO;319;199980.0;6775152;626.8965517241379;0.029516680954168997
100001618100;2377;MARIA DAS GRAÇAS CARVALHO DE SOUZA MAGALHAES;DRA. GRAÇA;MA;CIDADANIA;Cidadania;NÃO ELEITO;1176;244014.47;6775152;207.49529761904762;0.036016087904743685
100001618102;2300;WESLEY SOUSA CORREA;WESLEY SOUSA;MA;CIDADANIA;Cidadania;NÃO ELEITO;5603;179952.33000000002;6775152;32.11713903266108;0.026560633621208796
100001618109;2343;KATIUSCIA SILVA FERREIRA;KATIA SILVA;MA;CIDADANIA;Cidadania;NÃO ELEITO;276;50000.0;6775152;181.15942028985506;0.007379908229365186
220001635630;9064;CAROLINA GOMES DE OLIVEIRA CRUZ;CB CAROLINA;RO;PROS;Partido Republicano da Ordem Social;NÃO ELEITO;61;0.0;1581016;0.0;0.0
220001635634;9038;UELITON FRAGA DE PAULA;SGT FRAGA;RO;PROS;Partido Republicano da Ordem Social;NÃO ELEITO;144;0.0;1581016;0.0;0.0
220001635632;9001;ERISON GOMES NASCIMENTO;NONÔ GOMES;RO;PROS;Partido Republicano da Ordem Social;NÃO ELEITO;175;0.0;1581016;0.0;0.0
220001635636;9095;EUGÊNIO NACELIO SAMPAIO SILVA;TENENTE EUGÊNIO;RO;PROS;Partido Republicano da Ordem Social;NÃO ELEITO;245;0.0;1581016;0.0;0.0
220001635635;9090;CÁIRO TEIXEIRA DA SILVA;CABO CAIRO;RO;PROS;Partido Republicano da Ordem Social;NÃO ELEITO;404;205.0;1581016;0.5074257425742574;0.00012966345691631205
220001635631;9017;ROZENDO ALMEIDA LIMA;SGT ROZENDO;RO;PROS;Partido Republicano da Ordem Social;NÃO ELEITO;199;0.0;1581016;0.0;0.0
220001635637;9011;CIRLEIDE DOS SANTOS SILVA OLIVEIRA;IRMÃ CIRLEIDE;RO;PROS;Partido Republicano da Ordem Social;NÃO ELEITO;45;0.0;1581016;0.0;0.0
220001635638;9091;CLEWTON DOS SANTOS SURITA;SGT SURITA;RO;PROS;Partido Republicano da Ordem Social;NÃO ELEITO;744;0.0;1581016;0.0;0.0
220001635633;9022;MARIA DA CONCEIÇÃO DA CRUZ CORRÊA;CONCEIÇÃO CORRÊA;RO;PROS;Partido Republicano da Ordem Social;NÃO ELEITO;129;0.0;1581016;0.0;0.0
230001604232;1114;ANGELA MARIA GOMES PORTELA;ANGELA PORTELA;RR;PP;PROGRESSISTAS;NÃO ELEITO;6760;1709882.1;636303;252.94113905325446;2.6872136387852956
230001604228;1144;JOEL GONZAGA DE SOUZA;DOUTOR JOEL;RR;PP;PROGRESSISTAS;NÃO ELEITO;1587;320000.0;636303;201.63831127914304;0.5029050625252435
230001604233;1177;MARTA PAULINO DE LIMA;MISSIONARIA MARTA;RR;PP;PROGRESSISTAS;NÃO ELEITO;453;349926.0;636303;772.4635761589404;0.5499361153412761
230001604227;1155;ADEJALMO MOREIRA ABADI;PROFESSOR ADEJALMO;RR;PP;PROGRESSISTAS;NÃO ELEITO;906;248987.98;636303;274.82116997792497;0.391304111406044
230001604231;1190;OVERLAN LOPES ALVES;MAJOR OVERLAN;RR;PP;PROGRESSISTAS;NÃO ELEITO;1555;314428.57;636303;202.2048681672026;0.49414912392366533
230001604226;1100;FRANCISCO EVANGELISTA DOS SANTOS DE ARAUJO;DELEGADO FRANCISCO;RR;PP;PROGRESSISTAS;NÃO ELEITO;7629;357725.03;636303;46.89015991610959;0.5621929018093582
230001604229;1107;JOICY VANIA MIGUEL DA CRUZ SILVA;JOICY VANIA;RR;PP;PROGRESSISTAS;NÃO ELEITO;93;249644.91999999998;636303;2684.3539784946233;0.39233654406784185
230001604230;1111;JOSE LURENE NUNES AVELINO JUNIOR;LURENE;RR;PP;PROGRESSISTAS;NÃO ELEITO;2168;349642.2;636303;161.2740774907749;0.549490101413949
230001604234;1122;VALDEILSON DA SILVA;DEILSON BOLSONARO;RR;PP;PROGRESSISTAS;NÃO ELEITO;3264;251129.2;636303;76.9390931372549;0.39466920633723246
100001618105;4540;DEISE SILVA PÁDUA;DEISE FURACÃO;MA;PSDB;Partido da Social Democracia Brasileira;NÃO ELEITO;212;316.0;6775152;1.490566037735849;4.664102000958798e-05
110001650729;7775;MARIA DE FATIMA GUEDES DOS SANTOS;FATIMA GUEDES;MT;SOLIDARIEDADE;Solidariedade;NÃO ELEITO;335;74997.02;3658813;223.8717014925373;0.02049763680188083
110001650732;7722;RAQUEL GONÇALVES DA SILVA BENETOLI;RAQUEL DO QUILOMBO;MT;SOLIDARIEDADE;Solidariedade;NÃO ELEITO;250;74964.5;3658813;299.858;0.020488748673408563
110001650730;7733;LUIZ CÉSAR AGUAIO;LUIZ AGUAIO;MT;SOLIDARIEDADE;Solidariedade;NÃO ELEITO;254;32001.4;3658813;125.98976377952756;0.008746388514526433
110001650727;7777;VILSON JOSÉ NEVES DA CRUZ;VILSON NEVES;MT;SOLIDARIEDADE;Solidariedade;NÃO ELEITO;599;73928.23;3658813;123.41941569282136;0.020205522938723568
110001650728;7700;RODRIGO GUILHERME DO CARMO SILVA SOUZA;RODRIGO GUILHERME;MT;SOLIDARIEDADE;Solidariedade;NÃO ELEITO;1554;20223.02;3658813;13.013526383526385;0.0055272078676882365
110001650731;7789;IVAN DOS SANTOS OLIVEIRA;IVAN DOS SANTOS;MT;SOLIDARIEDADE;Solidariedade;NÃO ELEITO;1372;119770.9;3658813;87.29657434402331;0.032734906102060965
100001723431;2812;IVAN ARAUJO JUNIOR;IVAN DE CAJARI FILHO;MA;PRTB;Partido Renovador Trabalhista Brasileiro;NÃO ELEITO;105;0.0;6775152;0.0;0.0
100001723422;2800;ALUISIO ALVES PEREIRA JUNIOR;ALUISIO JUNIOR;MA;PRTB;Partido Renovador Trabalhista Brasileiro;NÃO ELEITO;614;0.0;6775152;0.0;0.0
100001723428;2818;BYANCA REGINA BARBOSA DOS PASSOS;BYANCA REGINA;MA;PRTB;Partido Renovador Trabalhista Brasileiro;NÃO ELEITO;15;1485.0;6775152;99.0;0.00021918327441214602
100001723429;2828;ENOCH ALVES RODRIGUES;ENOCH ALVES;MA;PRTB;Partido Renovador Trabalhista Brasileiro;NÃO ELEITO;51;0.0;6775152;0.0;0.0
100001723425;2822;ALMIR FORTES FRANCA NETO;NETYNHO DO CELULAR;MA;PRTB;Partido Renovador Trabalhista Brasileiro;NÃO ELEITO;171;0.0;6775152;0.0;0.0
100001723423;2811;HUMBERTO SÉRGIO BELISÁRIO MOTA;DR BEBETO;MA;PRTB;Partido Renovador Trabalhista Brasileiro;NÃO ELEITO;67;0.0;6775152;0.0;0.0
100001723421;2888;NILO DOS SANTOS MORAES FILHO;CAPITÃO NILO;MA;PRTB;Partido Renovador Trabalhista Brasileiro;NÃO ELEITO;205;0.0;6775152;0.0;0.0
100001723430;2810;ITALO RANNYS BARROS MONTEIRO;ITALO BARROS;MA;PRTB;Partido Renovador Trabalhista Brasileiro;NÃO ELEITO;91;0.0;6775152;0.0;0.0
100001723427;2874;ANTONIA SANTOS;ANTONIA SANTOS;MA;PRTB;Partido Renovador Trabalhista Brasileiro;NÃO ELEITO;3;1500.0;6775152;500.0;0.0002213972468809556
100001723424;2827;MARILENE CUTRIM SLVA;MARILENE CUTRIM;MA;PRTB;Partido Renovador Trabalhista Brasileiro;NÃO ELEITO;36;2000.0;6775152;55.55555555555556;0.00029519632917460745
20001698525;1212;GERALDO CARVALHO DE OLIVEIRA NETO;GERALDO CARVALHO;AL;PDT;Partido Democrático Trabalhista;NÃO ELEITO;2264;53695.950000000004;3127511;23.717292402826857;0.017168908438691344
20001698519;1233;CICERO AURELIANO;TITA;AL;PDT;Partido Democrático Trabalhista;NÃO ELEITO;1495;63000.0;3127511;42.14046822742475;0.020143814042540537
20001698523;1234;CARLOS ANTONIO ALVES DE SOUZA;CARLOS PISCA;AL;PDT;Partido Democrático Trabalhista;NÃO ELEITO;2934;59973.85;3127511;20.440985003408315;0.019176223520876504
20001698526;1224;EUCENIA MARIA VIEIRA;EUCENIA VIEIRA;AL;PDT;Partido Democrático Trabalhista;NÃO ELEITO;190;40000.0;3127511;210.52631578947367;0.01278972320161304
20001698521;1209;LUIZ FERNANDES ALVES JÚNIOR;JUNIOR ALVES;AL;PDT;Partido Democrático Trabalhista;NÃO ELEITO;123;35123.52;3127511;285.55707317073166;0.01123050246665799
20001698520;1218;VALDEMIR SOARES DE OLIVEIRA;VALDEMIR OLIVEIRA;AL;PDT;Partido Democrático Trabalhista;NÃO ELEITO;66;15000.0;3127511;227.27272727272728;0.00479614620060489
20001698517;1200;ISAAC SILVA DE LIMA;ISAAC LIMA + COLETIVO DA SAÚDE;AL;PDT;Partido Democrático Trabalhista;NÃO ELEITO;1934;60020.0;3127511;31.034126163391935;0.019190979664020367
20001698518;1244;SERGIO FELISMINO DOS SANTOS;SERGIO SANTOS;AL;PDT;Partido Democrático Trabalhista;NÃO ELEITO;381;9406.0;3127511;24.68766404199475;0.003007503410859306
20001698522;1222;LINDDA FLÁVIA MACHADO CANUTO CHAVES;LINDDA FLÁVIA;AL;PDT;Partido Democrático Trabalhista;NÃO ELEITO;428;80800.0;3127511;188.78504672897196;0.02583524086725834
20001698524;1213;ANDREA LUZ DA SILVA;ANDREA LUZ;AL;PDT;Partido Democrático Trabalhista;NÃO ELEITO;570;61980.0;3127511;108.73684210526316;0.019817676100899406
70001621119;1222;EUCLIDES FERREIRA DE ASSUNÇÃO;EUCLIDES ASSUNÇÃO;DF;PDT;Partido Democrático Trabalhista;NÃO ELEITO;470;30499.35;2817068;64.89223404255318;0.010826628963163118
70001621117;1207;TÂNIA ALVES COÊLHO;TÂNIA COÊLHO;DF;PDT;Partido Democrático Trabalhista;NÃO ELEITO;419;55015.39;2817068;131.30164677804297;0.019529308486696095
70001621116;1277;MAX MAURAN PANTOJA DA COSTA;MAX PANTOJA;DF;PDT;Partido Democrático Trabalhista;NÃO ELEITO;763;39703.6;2817068;52.036173001310615;0.01409394448412321
70001621118;1211;VANDEILDO LOPES DE GOIS;VANDER LOPES;DF;PDT;Partido Democrático Trabalhista;NÃO ELEITO;619;52485.09;2817068;84.79012924071081;0.018631105106444005
70001621120;1200;MARLENE DE JESUS ABREU;MARLENE DO POVÃO;DF;PDT;Partido Democrático Trabalhista;NÃO ELEITO;499;39870.0;2817068;79.8997995991984;0.014153012990811724
70001621121;1221;CARLOS PENNA BRESCIANINI;CARLOS PENNA;DF;PDT;Partido Democrático Trabalhista;NÃO ELEITO;822;47834.0;2817068;58.19221411192214;0.016980065798908654
70001621122;1223;ROBERTA DE CAMARGO;ROBERTA CAMARGO;DF;PDT;Partido Democrático Trabalhista;NÃO ELEITO;297;35830.0;2817068;120.63973063973064;0.01271889780438385
70001621123;1234;DENISE MARIA DE FRANCO SOUZA;DENISE FRANCO;DF;PDT;Partido Democrático Trabalhista;NÃO ELEITO;1408;55200.0;2817068;39.20454545454545;0.019594841161093734
70001621124;1212;VALBERTO FERREIRA PINTO;BETO CEARÁ;DF;PDT;Partido Democrático Trabalhista;NÃO ELEITO;863;39994.05;2817068;46.34304750869062;0.014197048136573204
120001613406;1090;MARIA APARECIDA DE OLIVEIRA DO AMARAL;ENFERMEIRA CIDA AMARAL;MS;REPUBLICANOS;REPUBLICANOS;NÃO ELEITO;3615;159711.83000000002;2756700;44.18031258644537;0.057935876228824325
120001613408;1077;MANOEL RODRIGUES PEREIRA NETO;MANOEL RODRIGUES;MS;REPUBLICANOS;REPUBLICANOS;NÃO ELEITO;5804;114670.15;2756700;19.75708993797381;0.04159689121050531
120001613402;1011;MARIA LUCIA NOGUEIRA FERNANDES;MALU DA JULIANO VARELA;MS;REPUBLICANOS;REPUBLICANOS;NÃO ELEITO;6692;222451.55;2756700;33.24141512253437;0.08069487067871005
120001613403;1001;SAULO BATISTA DA SILVA;SAULO BATISTA;MS;REPUBLICANOS;REPUBLICANOS;NÃO ELEITO;2438;184483.0;2756700;75.66981132075472;0.06692168172089817
120001613401;1010;WILTON MELO ACOSTA;WILTON ACOSTA;MS;REPUBLICANOS;REPUBLICANOS;NÃO ELEITO;23084;720865.82;2756700;31.22794229769537;0.26149592628867846
120001613409;1088;SUELEN DA PASCOAL DOS SANTOS;SUELEN PASCOAL;MS;REPUBLICANOS;REPUBLICANOS;NÃO ELEITO;915;99893.1;2756700;109.17278688524591;0.03623647839808467
120001613407;1000;FRANCISCO CARLOS DE ASSIS;CHIQUINHO ASSIS;MS;REPUBLICANOS;REPUBLICANOS;NÃO ELEITO;7379;751543.99;2756700;101.84902967881827;0.2726245111909167
120001613405;1045;ISRAEL SILVA CAPINAM;ISRAEL TERRA;MS;REPUBLICANOS;REPUBLICANOS;NÃO ELEITO;4293;95000.0;2756700;22.12904728627999;0.034461493815068744
120001613404;1023;GILMAR NERI DE SOUZA;GILMAR DA CRUZ;MS;REPUBLICANOS;REPUBLICANOS;NÃO ELEITO;19479;275059.85;2756700;14.120840392217259;0.09977866652156563
180001646181;5165;EDNA BARRADAS DOS SANTOS;EDNA BARRADAS / TIA EDINHA;PI;PATRIOTA;Patriota;NÃO ELEITO;149;69949.3;3269200;469.45838926174497;0.02139645784901505
180001646175;5188;JEAN CARLOS RODRIGUES DE ABREU;JEAN ABREU;PI;PATRIOTA;Patriota;NÃO ELEITO;471;54806.0;3269200;116.36093418259023;0.016764346017374282
180001646177;5122;FRANCISCO DE ASSIS FEITOSA PEREIRA;XICÃO;PI;PATRIOTA;Patriota;NÃO ELEITO;373;134989.6;3269200;361.9024128686327;0.04129132509482442
180001646179;5100;JÉSSICA MONIQUE FREIRE LIMA;JÉSSICA MONIQUE;PI;PATRIOTA;Patriota;NÃO ELEITO;255;9976.3;3269200;39.12274509803921;0.0030516028386149514
180001646184;5101;FRANCISCO DAS CHAGAS SOARES DA CRUZ;ZUDU CAPOEIRA;PI;PATRIOTA;Patriota;NÃO ELEITO;424;75000.0;3269200;176.88679245283018;0.022941392389575432
180001646176;5143;WARLENE RIBEIRO SILVA;WARLLENE RIBEIRO;PI;PATRIOTA;Patriota;NÃO ELEITO;4;0.0;3269200;0.0;0.0
180001646178;5133;VASCONCELO PINHEIRO SOUSA MELO;DR. VASCONCELO PINHEIRO;PI;PATRIOTA;Patriota;NÃO ELEITO;187;0.0;3269200;0.0;0.0
180001646182;5151;ANTONIO MARCOS DA SILVA CARDOSO;MARCOS KARDOSO;PI;PATRIOTA;Patriota;NÃO ELEITO;274;135000.0;3269200;492.7007299270073;0.041294506301235774
180001646183;5112;MARIZETE MOREIRA DE ANDRADE;MARIZETE ANDRADE;PI;PATRIOTA;Patriota;NÃO ELEITO;225;79640.44;3269200;353.9575111111111;0.02436083445491252
250001640574;2101;MAXWELL TEODORO MARIANEK ALVES;MAX MARIANEK;SP;PCB;Partido Comunista Brasileiro;NÃO ELEITO;509;18685.38;44420459;36.70998035363458;0.000420648062191343
250001640572;2155;EDUARDO CAMILO TERRA DOS SANTOS;CAMILO TERRA;SP;PCB;Partido Comunista Brasileiro;NÃO ELEITO;522;9970.0;44420459;19.09961685823755;0.00022444612740269072
250001640573;2133;MARIA JULIA SARAIVA DE CARVALHO;JULES SARAIVA;SP;PCB;Partido Comunista Brasileiro;NÃO ELEITO;606;1190.0;44420459;1.9636963696369636;2.678945753352076e-05
250001640577;2100;CLAUDIMAR AMARO DE ANDRADE RODRIGUES;DR CLAUDIMAR JABA COL UNIDOS;SP;PCB;Partido Comunista Brasileiro;NÃO ELEITO;1676;11411.0;44420459;6.808472553699284;0.00025688613438235746
250001640576;2122;RENATO BESCHIZZA VALENTIN;PROF RENATO;SP;PCB;Partido Comunista Brasileiro;NÃO ELEITO;558;235.0;44420459;0.4211469534050179;5.290355059140654e-06
250001640575;2112;PAMELA CHRISTY MESQUITA MUNIZ;CHRISTY MUNIZ;SP;PCB;Partido Comunista Brasileiro;NÃO ELEITO;506;38072.0;44420459;75.2411067193676;0.0008570825438791617
250001640578;2111;EDUARDO DIAS REAL;EDUARDO REAL;SP;PCB;Partido Comunista Brasileiro;NÃO ELEITO;866;23010.12;44420459;26.57057736720554;0.00051800725426993
250001640579;2121;GABRIEL HENRIQUE MARUCCI;GABRIEL MARUCCI;SP;PCB;Partido Comunista Brasileiro;NÃO ELEITO;728;19735.0;44420459;27.108516483516482;0.0004442772642218758
250001640571;2110;BEATRIZ BARBIERE OLIVEIRA;BEATRIZ BARBIERE;SP;PCB;Partido Comunista Brasileiro;NÃO ELEITO;4498;33544.68;44420459;7.457687861271676;0.0007551628406181035
170001619582;5013;ÁUREO CISNEIROS LUNA FILHO;ÁUREO CISNEIROS;PE;PSOL;Partido Socialismo e Liberdade;NÃO ELEITO;5084;29995.7;9058155;5.900019669551535;0.0033114580176647453
140001721516;5120;ELANILDO RAIMUNDO REGO DOS SANTOS;DR. PITTA;PA;PATRIOTA;Patriota;NÃO ELEITO;81;0.0;8116132;0.0;0.0
80001620246;2750;MARINEUSA NASCIMENTO LUCAS ROSA;MARINEUSA LUCAS;ES;DC;Democracia Cristã;NÃO ELEITO;97;0.0;3833486;0.0;0.0
80001620247;2710;PEDRO HENRIQUE PEREIRA MOTA;PASTOR PEDRO HENRIQUE;ES;DC;Democracia Cristã;NÃO ELEITO;312;0.0;3833486;0.0;0.0
80001620243;2713;JOAO CARLOS GIESTAS;JOÃO COSTELA;ES;DC;Democracia Cristã;NÃO ELEITO;145;0.0;3833486;0.0;0.0
80001620245;2770;JOSIAS BEREDAS CARDOZO;JOSIAS BEREDA;ES;DC;Democracia Cristã;NÃO ELEITO;349;1020.0;3833486;2.9226361031518624;0.000266076359741499
80001620242;2727;EVANILZA PEREIRA DE SOUZA ROSA;EVANILZA SOUZA;ES;DC;Democracia Cristã;NÃO ELEITO;85;0.0;3833486;0.0;0.0
80001620241;2723;CREIDES GONCALVES VALVERDE COSTA;CLEIDE VALVERDE;ES;DC;Democracia Cristã;NÃO ELEITO;117;0.0;3833486;0.0;0.0
80001620248;2733;SILVESTRE SOARES OLIVEIRA;SILVESTRE SOARES;ES;DC;Democracia Cristã;NÃO ELEITO;298;0.0;3833486;0.0;0.0
80001620240;2788;CLEIDIANE CRUZ OLIVEIRA;CLEIDIANE OLIVEIRA;ES;DC;Democracia Cristã;NÃO ELEITO;154;0.0;3833486;0.0;0.0
20001653949;2727;EDIERSON GOMES DA SILVA;EDIERSON GOMES;AL;DC;Democracia Cristã;NÃO ELEITO;14;0.0;3127511;0.0;0.0
20001653947;2700;JOSIMAR FIRMINO DA SILVA;JOSIMAR FIRMINO;AL;DC;Democracia Cristã;NÃO ELEITO;173;0.0;3127511;0.0;0.0
160001654815;1960;VANESSA CARLA DOS SANTOS;VANESSA BRASIL;PR;PODE;Podemos;NÃO ELEITO;181;99630.23;11443208;550.4432596685083;0.008706494717215662
40001620675;5111;TIAGO DO VALE FALCÃO;TIAGO FALCÃO;AM;PATRIOTA;Patriota;NÃO ELEITO;4944;299762.0;3941175;60.631472491909385;0.07605904330561318
40001620672;5122;DENNYSON RAMOS MOREIRA;DENNYSON MOREIRA;AM;PATRIOTA;Patriota;NÃO ELEITO;1375;100000.0;3941175;72.72727272727273;0.02537314379594918
40001620678;5152;FABIANA ZAPPIA DE AZEVEDO FROTA ARAGÃO;DRA FABIANA ARAGÃO;AM;PATRIOTA;Patriota;NÃO ELEITO;42;35693.0;3941175;849.8333333333334;0.00905643621508814
40001620677;5115;SIRRAME MAQUINÉ DE SÁ;SIRRAME MAQUINÉ;AM;PATRIOTA;Patriota;NÃO ELEITO;271;16200.0;3941175;59.77859778597786;0.004110449294943767
40001620676;5155;TANIA MARIA MUSSA;TANIA BANCADA DA  CAUSA ANIMAL;AM;PATRIOTA;Patriota;NÃO ELEITO;697;120000.0;3941175;172.1664275466284;0.030447772555139013
40001620670;5102;TANIA MARA FERREIRA DA COSTA;TANIA E CONSELHEIRAS TUTELARES;AM;PATRIOTA;Patriota;NÃO ELEITO;2026;120000.0;3941175;59.230009871668315;0.030447772555139013
40001620671;5151;INALDO CRUZ PLACIDO;INALDO PLACIDO;AM;PATRIOTA;Patriota;NÃO ELEITO;404;30000.0;3941175;74.25742574257426;0.007611943138784753
40001620674;5101;NOÉ MARTINS DA SILVA;NOÉ MARTINS;AM;PATRIOTA;Patriota;NÃO ELEITO;259;33000.0;3941175;127.41312741312741;0.008373137452663229
40001620673;5100;CARLOS CRISTIANO FELIX;CARLOS FELIX E BANCADA MISTA;AM;PATRIOTA;Patriota;NÃO ELEITO;2518;99988.98999999999;3941175;39.70968625893566;0.025370350212817243
10001670870;5123;CLARA REGINA DUTRA DA SILVA;REGINA DUTRA;AC;PATRIOTA;Patriota;NÃO ELEITO;127;74990.89;830026;590.4794488188976;0.09034763971249093
10001670871;5151;JORGE HENRIQUE MELO MULATO;JH;AC;PATRIOTA;Patriota;NÃO ELEITO;57;29982.35;830026;526.0061403508772;0.036122181714789654
10001670874;5122;RENILDO SOUZA DE JESUS;PASTOR RENILDO;AC;PATRIOTA;Patriota;NÃO ELEITO;307;50000.0;830026;162.86644951140065;0.060239076848195114
10001670872;5133;MANOEL DO CARMO SILVA;DYAN É O MANOEL DO CARMO;AC;PATRIOTA;Patriota;NÃO ELEITO;44;29816.35;830026;677.6443181818181;0.035922187979653644
10001670873;5115;NAZARE GONÇALVES PEIXOTO;NAZARE PEIXOTO;AC;PATRIOTA;Patriota;NÃO ELEITO;21;74480.0;830026;3546.6666666666665;0.08973212887307144
10001670869;5188;ANTONIO JOSÉ DA SILVA SANTANA;PASTOR ANTÔNIO JOSÉ;AC;PATRIOTA;Patriota;NÃO ELEITO;595;239939.0;830026;403.25882352941176;0.28907407719758177
40001618393;4013;ALDAMIR DA COSTA SOUZA;ALDAMIR SATERE;AM;PSB;Partido Socialista Brasileiro;NÃO ELEITO;209;0.0;3941175;0.0;0.0
40001618394;4040;IÊDA SANTOS CARDOSO;DRA IÊDA CARDOSO;AM;PSB;Partido Socialista Brasileiro;NÃO ELEITO;911;0.0;3941175;0.0;0.0
70001611667;3000;PAULO ROBERTO ROQUE ANTONIO KHOURI;PAULO ROQUE;DF;NOVO;Partido Novo;NÃO ELEITO;18811;1356476.94;2817068;72.11083621285418;0.48152083655772593
70001600906;3001;JOSÉ FERREIRA NETO;NEY FERREIRA;DF;NOVO;Partido Novo;NÃO ELEITO;214;3248.59;2817068;15.180327102803739;0.0011531812508608242
70001600905;3066;JORGE ERNESTO SANCHEZ RUIZ;JORGE RUIZ;DF;NOVO;Partido Novo;NÃO ELEITO;342;4677.82;2817068;13.677836257309941;0.0016605278963802079
70001600902;3033;ELAYNE CRISTINA CACHEN GUIMARAES PINHEIRO RATTES;NANA;DF;NOVO;Partido Novo;NÃO ELEITO;3026;58157.659999999996;2817068;19.2193192333113;0.020644748369581422
70001600904;3030;RITA DE CÁSSIA ANTUNES GOMES MASCARENHAS;RITA MASCARENHAS;DF;NOVO;Partido Novo;NÃO ELEITO;1817;31925.37;2817068;17.57037424325812;0.011332836126071505
70001600903;3020;VALTER SOARES SABOIA;VALTER SABOIA;DF;NOVO;Partido Novo;NÃO ELEITO;900;42651.23;2817068;47.39025555555556;0.015140291253175288
60001692687;2123;FRANCISCO ROBERTO DOS SANTOS;ROBERTO SANTOS;CE;PCB;Partido Comunista Brasileiro;NÃO ELEITO;2591;3850.0;8791688;1.4859127749903511;0.0004379136293280653
60001692688;2100;MARIA EDIVANIA VIEIRA DA SILVA;EDIVANIA VIEIRA;CE;PCB;Partido Comunista Brasileiro;NÃO ELEITO;988;6166.0;8791688;6.2408906882591095;0.0007013442697238573
240001679807;2727;DANIEL SILVEIRA;DANIEL SILVEIRA;SC;DC;Democracia Cristã;NÃO ELEITO;787;28400.0;7609601;36.0864040660737;0.0037321273480698924
240001679808;2722;GECIMARA KRIEGER GODOI;GECIMARA;SC;DC;Democracia Cristã;NÃO ELEITO;104;53450.7;7609601;513.9490384615384;0.00702411335364364
